uf,ano,mes,metodologia,esf,eap,equipes,populacao,cobertura
RO,2007,7,AB,153.0,,,1562417.0,33.37
RO,2007,8,AB,183.0,,,1562417.0,49.6
RO,2007,9,AB,194.0,,,1562417.0,51.57
RO,2007,10,AB,202.0,,,1562417.0,52.49
RO,2007,11,AB,208.0,,,1562417.0,53.19
RO,2007,12,AB,210.0,,,1562417.0,53.54
RO,2008,1,AB,211.0,,,1453756.0,56.34
RO,2008,2,AB,209.0,,,1453756.0,55.88
RO,2008,3,AB,208.0,,,1453756.0,56.67
RO,2008,4,AB,225.0,,,1453756.0,60.63
RO,2008,5,AB,226.0,,,1453756.0,60.64
RO,2008,6,AB,230.0,,,1453756.0,61.79
RO,2008,7,AB,231.0,,,1453756.0,61.85
RO,2008,8,AB,231.0,,,1453756.0,62.09
RO,2008,9,AB,232.0,,,1453756.0,62.47
RO,2008,10,AB,232.0,,,1453756.0,62.3
RO,2008,11,AB,232.0,,,1453756.0,62.2
RO,2008,12,AB,231.0,,,1453756.0,61.82
RO,2009,1,AB,230.0,,,1493566.0,60.76
RO,2009,2,AB,228.0,,,1493566.0,60.16
RO,2009,3,AB,230.0,,,1493566.0,60.95
RO,2009,4,AB,230.0,,,1493566.0,60.1
RO,2009,5,AB,235.0,,,1493566.0,61.2
RO,2009,6,AB,233.0,,,1493566.0,61.74
RO,2009,7,AB,232.0,,,1493566.0,61.28
RO,2009,8,AB,243.0,,,1493566.0,62.56
RO,2009,9,AB,248.0,,,1493566.0,63.65
RO,2009,10,AB,246.0,,,1493566.0,63.63
RO,2009,11,AB,247.0,,,1493566.0,63.76
RO,2009,12,AB,249.0,,,1493566.0,63.86
RO,2010,1,AB,249.0,,,1503928.0,63.91
RO,2010,2,AB,251.0,,,1503928.0,64.6
RO,2010,3,AB,254.0,,,1503928.0,65.45
RO,2010,4,AB,260.0,,,1503928.0,65.76
RO,2010,5,AB,260.0,,,1503928.0,65.91
RO,2010,6,AB,259.0,,,1503928.0,66.24
RO,2010,7,AB,261.0,,,1503928.0,67.12
RO,2010,8,AB,264.0,,,1503928.0,68.05
RO,2010,9,AB,267.0,,,1503928.0,67.81
RO,2010,10,AB,267.0,,,1503928.0,68.48
RO,2010,11,AB,270.0,,,1503928.0,66.45
RO,2010,12,AB,273.0,,,1503928.0,66.86
RO,2011,1,AB,277.0,,,1562409.0,64.89
RO,2011,2,AB,274.0,,,1562409.0,64.06
RO,2011,3,AB,278.0,,,1562409.0,65.17
RO,2011,4,AB,280.0,,,1562409.0,65.7
RO,2011,5,AB,281.0,,,1562409.0,65.35
RO,2011,6,AB,281.0,,,1562409.0,65.54
RO,2011,7,AB,282.0,,,1562409.0,65.45
RO,2011,8,AB,283.0,,,1562409.0,65.6
RO,2011,9,AB,284.0,,,1562409.0,66.05
RO,2011,10,AB,283.0,,,1562409.0,65.46
RO,2011,11,AB,286.0,,,1562409.0,64.88
RO,2011,12,AB,288.0,,,1562409.0,65.29
RO,2012,1,AB,288.0,,,1576423.0,64.67
RO,2012,2,AB,290.0,,,1576423.0,64.58
RO,2012,3,AB,293.0,,,1576423.0,65.4
RO,2012,4,AB,293.0,,,1576423.0,66.5
RO,2012,5,AB,293.0,,,1576423.0,66.47
RO,2012,6,AB,296.0,,,1576423.0,67.45
RO,2012,7,AB,297.0,,,1576423.0,67.59
RO,2012,8,AB,297.0,,,1576423.0,66.98
RO,2012,9,AB,297.0,,,1576423.0,66.79
RO,2012,10,AB,297.0,,,1576423.0,66.85
RO,2012,11,AB,295.0,,,1576423.0,66.54
RO,2012,12,AB,291.0,,,1576423.0,66.21
RO,2013,1,AB,290.0,,,1590011.0,65.37
RO,2013,2,AB,300.0,,,1590011.0,66.44
RO,2013,3,AB,307.0,,,1590011.0,67.81
RO,2013,4,AB,308.0,,,1590011.0,68.44
RO,2013,5,AB,307.0,,,1590011.0,67.34
RO,2013,6,AB,303.0,,,1590011.0,67.5
RO,2013,7,AB,299.0,,,1590011.0,68.76
RO,2013,8,AB,301.0,,,1590011.0,68.77
RO,2013,9,AB,301.0,,,1590011.0,68.46
RO,2013,10,AB,307.0,,,1590011.0,69.04
RO,2013,11,AB,303.0,,,1590011.0,68.72
RO,2013,12,AB,306.0,,,1590011.0,67.93
RO,2014,1,AB,311.0,,,1728214.0,63.9
RO,2014,2,AB,308.0,,,1728214.0,64.15
RO,2014,3,AB,308.0,,,1728214.0,64.66
RO,2014,4,AB,304.0,,,1728214.0,64.45
RO,2014,5,AB,326.0,,,1728214.0,70.98
RO,2014,6,AB,338.0,,,1728214.0,73.64
RO,2014,7,AB,354.0,,,1728214.0,76.11
RO,2014,8,AB,363.0,,,1728214.0,75.98
RO,2014,9,AB,364.0,,,1728214.0,76.2
RO,2014,10,AB,364.0,,,1728214.0,76.32
RO,2014,11,AB,370.0,,,1728214.0,76.3
RO,2014,12,AB,369.0,,,1728214.0,76.36
RO,2015,1,AB,363.0,,,1748531.0,73.63
RO,2015,2,AB,365.0,,,1748531.0,74.56
RO,2015,3,AB,366.0,,,1748531.0,75.15
RO,2015,4,AB,369.0,,,1748531.0,75.34
RO,2015,5,AB,374.0,,,1748531.0,75.8
RO,2015,6,AB,375.0,,,1748531.0,75.52
RO,2015,7,AB,380.0,,,1748531.0,76.67
RO,2015,8,AB,378.0,,,1748531.0,77.07
RO,2015,9,AB,377.0,,,1748531.0,75.56
RO,2015,10,AB,377.0,,,1748531.0,75.42
RO,2015,11,AB,372.0,,,1748531.0,75.93
RO,2015,12,AB,378.0,,,1748531.0,77.52
RO,2016,1,AB,384.0,,,1768204.0,76.97
RO,2016,2,AB,379.0,,,1768204.0,75.55
RO,2016,3,AB,381.0,,,1768204.0,76.32
RO,2016,4,AB,381.0,,,1768204.0,76.44
RO,2016,5,AB,381.0,,,1768204.0,77.92
RO,2016,6,AB,383.0,,,1768204.0,77.54
RO,2016,7,AB,382.0,,,1768204.0,77.24
RO,2016,8,AB,391.0,,,1768204.0,77.9
RO,2016,9,AB,388.0,,,1768204.0,77.31
RO,2016,10,AB,392.0,,,1768204.0,77.64
RO,2016,11,AB,388.0,,,1768204.0,77.13
RO,2016,12,AB,385.0,,,1768204.0,76.48
RO,2017,1,AB,379.0,,,1787279.0,75.25
RO,2017,2,AB,379.0,,,1787279.0,74.87
RO,2017,3,AB,380.0,,,1787279.0,74.52
RO,2017,4,AB,376.0,,,1787279.0,74.09
RO,2017,5,AB,382.0,,,1787279.0,74.83
RO,2017,6,AB,376.0,,,1787279.0,74.42
RO,2017,7,AB,376.0,,,1787279.0,74.03
RO,2017,8,AB,370.0,,,1787279.0,73.1
RO,2017,9,AB,374.0,,,1787279.0,73.76
RO,2017,10,AB,370.0,,,1787279.0,73.16
RO,2017,11,AB,369.0,,,1787279.0,73.0
RO,2017,12,AB,368.0,,,1787279.0,72.52
RO,2018,1,AB,377.0,,,1805788.0,73.61
RO,2018,2,AB,377.0,,,1805788.0,74.02
RO,2018,3,AB,374.0,,,1805788.0,74.03
RO,2018,4,AB,368.0,,,1805788.0,72.36
RO,2018,5,AB,379.0,,,1805788.0,73.86
RO,2018,6,AB,378.0,,,1805788.0,72.85
RO,2018,7,AB,375.0,,,1805788.0,72.78
RO,2018,8,AB,379.0,,,1805788.0,73.55
RO,2018,9,AB,382.0,,,1805788.0,73.51
RO,2018,10,AB,377.0,,,1805788.0,73.21
RO,2018,11,AB,374.0,,,1805788.0,73.36
RO,2018,12,AB,370.0,,,1805788.0,72.95
RO,2019,1,AB,358.0,,,1757589.0,72.62
RO,2019,2,AB,359.0,,,1757589.0,73.01
RO,2019,3,AB,361.0,,,1757589.0,72.09
RO,2019,4,AB,371.0,,,1757589.0,73.63
RO,2019,5,AB,373.0,,,1757589.0,73.6
RO,2019,6,AB,376.0,,,1757589.0,74.01
RO,2019,7,AB,381.0,,,1757589.0,74.87
RO,2019,8,AB,382.0,,,1757589.0,74.85
RO,2019,9,AB,388.0,,,1757589.0,75.28
RO,2019,10,AB,392.0,,,1757589.0,76.22
RO,2019,11,AB,391.0,,,1757589.0,75.66
RO,2019,12,AB,384.0,,,1757589.0,75.28
RO,2020,1,AB,387.0,,,1777225.0,74.44
RO,2020,2,AB,375.0,,,1777225.0,73.66
RO,2020,3,AB,379.0,,,1777225.0,74.6
RO,2020,4,AB,387.0,,,1777225.0,77.18
RO,2020,5,AB,378.0,,,1777225.0,74.68
RO,2020,6,AB,390.0,,,1777225.0,76.3
RO,2020,7,AB,390.0,,,1777225.0,76.06
RO,2020,8,AB,373.0,,,1777225.0,73.93
RO,2020,9,AB,385.0,,,1777225.0,74.99
RO,2020,10,AB,382.0,,,1777225.0,74.93
RO,2020,11,AB,382.0,,,1777225.0,75.26
RO,2020,12,AB,379.0,,,1777225.0,75.23
RO,2021,1,APS,409.0,7.0,416.0,1796460.0,87.08
RO,2021,2,APS,409.0,7.0,416.0,1796460.0,85.61
RO,2021,3,APS,408.0,7.0,415.0,1796460.0,85.65
RO,2021,4,APS,411.0,8.0,419.0,1796460.0,85.05
RO,2021,5,APS,411.0,8.0,419.0,1796460.0,85.06
RO,2021,6,APS,406.0,8.0,414.0,1796460.0,84.48
RO,2021,7,APS,407.0,8.0,415.0,1796460.0,84.49
RO,2021,8,APS,418.0,8.0,426.0,1796460.0,86.06
RO,2021,9,APS,418.0,9.0,427.0,1796460.0,86.36
RO,2021,10,APS,417.0,10.0,427.0,1790262.0,86.43
RO,2021,11,APS,421.0,10.0,431.0,1796460.0,86.52
RO,2021,12,APS,421.0,9.0,430.0,1796460.0,86.24
RO,2022,1,APS,420.0,9.0,429.0,1815278.0,82.03
RO,2022,2,APS,419.0,9.0,428.0,1815278.0,81.84
RO,2022,3,APS,420.0,9.0,429.0,1815278.0,82.03
RO,2022,4,APS,422.0,10.0,432.0,1815278.0,82.56
RO,2022,5,APS,422.0,10.0,432.0,1815278.0,82.56
RO,2022,6,APS,415.0,10.0,425.0,1815278.0,81.22
RO,2022,7,APS,423.0,10.0,433.0,1815278.0,82.85
RO,2022,8,APS,425.0,12.0,437.0,1815278.0,83.53
RO,2022,9,APS,423.0,12.0,435.0,1815278.0,83.14
RO,2022,10,APS,426.0,13.0,439.0,1815278.0,83.82
RO,2022,11,APS,430.0,13.0,443.0,1815278.0,84.63
RO,2022,12,APS,431.0,15.0,446.0,1815278.0,85.11
RO,2023,1,APS,430.0,16.0,446.0,1581196.0,97.91
RO,2023,2,APS,433.0,16.0,449.0,1581196.0,98.58
RO,2023,3,APS,434.0,17.0,451.0,1581196.0,98.98
RO,2023,4,APS,426.0,15.0,441.0,1581196.0,97.63
RO,2023,5,APS,433.0,15.0,448.0,1581196.0,98.42
RO,2023,6,APS,436.0,15.0,451.0,1581196.0,99.09
RO,2023,7,APS,438.0,17.0,455.0,1581196.0,99.87
RO,2023,8,APS,437.0,15.0,452.0,1581196.0,99.34
RO,2023,9,APS,433.0,22.0,455.0,1581196.0,100.21
RO,2023,10,APS,435.0,20.0,455.0,1581196.0,100.56
RO,2023,11,APS,435.0,20.0,455.0,1581196.0,100.58
RO,2023,12,APS,436.0,20.0,456.0,1581196.0,100.81
RO,2024,1,APS,439.0,18.0,457.0,1581196.0,101.15
RO,2024,2,APS,443.0,18.0,461.0,1581196.0,102.01
RO,2024,3,APS,438.0,19.0,457.0,1581196.0,101.09
RO,2024,4,APS,441.0,20.0,461.0,1581196.0,101.94
RO,2024,5,APS,439.0,21.0,460.0,1581196.0,101.68
RO,2024,6,APS,443.0,20.0,463.0,1581196.0,102.42
RO,2024,7,APS,445.0,21.0,466.0,1581196.0,103.02
RO,2024,8,APS,446.0,22.0,468.0,1581196.0,103.42
RO,2024,9,APS,447.0,23.0,470.0,1581196.0,103.87
RO,2024,10,APS,448.0,24.0,472.0,1571872.0,104.89
RO,2024,11,APS,454.0,24.0,478.0,1581196.0,105.48
RO,2024,12,APS,457.0,22.0,479.0,1581196.0,105.83
RO,2025,1,APS,458.0,22.0,480.0,1746227.0,96.04
RO,2025,2,APS,459.0,21.0,480.0,1746227.0,96.1
RO,2025,3,APS,458.0,24.0,482.0,1746227.0,96.26
RO,2025,4,APS,454.0,24.0,478.0,1746227.0,95.46
RO,2025,5,APS,450.0,23.0,473.0,1746227.0,94.48
RO,2025,6,APS,452.0,24.0,476.0,1746227.0,95.01
RO,2025,7,APS,462.0,24.0,486.0,1746227.0,97.14
RO,2025,8,APS,471.0,22.0,493.0,1746227.0,98.58
RO,2025,9,APS,475.0,20.0,495.0,1746227.0,99.08
RO,2025,10,APS,473.0,19.0,492.0,1746227.0,98.55
RO,2025,11,APS,473.0,20.0,493.0,1746227.0,98.76
RO,2025,12,APS,474.0,20.0,494.0,1746227.0,98.95
RO,2026,1,APS,478.0,19.0,497.0,1751950.0,98.73
RO,2026,2,APS,479.0,19.0,498.0,1751950.0,98.64
RO,2026,3,APS,476.0,20.0,496.0,1751950.0,97.89
RO,2026,4,APS,476.0,19.0,495.0,1751950.0,98.87
RO,2026,5,APS,482.0,16.0,498.0,1751950.0,98.49
RO,2026,6,APS,484.0,17.0,501.0,1751950.0,99.03
AC,2007,7,AB,123.0,,,686652.0,57.74
AC,2007,8,AB,126.0,,,686652.0,73.03
AC,2007,9,AB,132.0,,,686652.0,72.99
AC,2007,10,AB,132.0,,,686652.0,72.62
AC,2007,11,AB,132.0,,,686652.0,72.96
AC,2007,12,AB,132.0,,,686652.0,72.67
AC,2008,1,AB,131.0,,,655385.0,75.4
AC,2008,2,AB,133.0,,,655385.0,76.98
AC,2008,3,AB,133.0,,,655385.0,77.14
AC,2008,4,AB,133.0,,,655385.0,76.65
AC,2008,5,AB,136.0,,,655385.0,77.03
AC,2008,6,AB,136.0,,,655385.0,76.95
AC,2008,7,AB,136.0,,,655385.0,76.46
AC,2008,8,AB,139.0,,,655385.0,78.39
AC,2008,9,AB,137.0,,,655385.0,78.41
AC,2008,10,AB,138.0,,,655385.0,79.09
AC,2008,11,AB,139.0,,,655385.0,79.22
AC,2008,12,AB,137.0,,,655385.0,79.08
AC,2009,1,AB,137.0,,,680073.0,77.7
AC,2009,2,AB,137.0,,,680073.0,77.7
AC,2009,3,AB,138.0,,,680073.0,77.7
AC,2009,4,AB,138.0,,,680073.0,77.59
AC,2009,5,AB,139.0,,,680073.0,78.98
AC,2009,6,AB,138.0,,,680073.0,75.82
AC,2009,7,AB,138.0,,,680073.0,75.18
AC,2009,8,AB,137.0,,,680073.0,76.02
AC,2009,9,AB,139.0,,,680073.0,76.79
AC,2009,10,AB,135.0,,,680073.0,76.01
AC,2009,11,AB,134.0,,,680073.0,73.99
AC,2009,12,AB,133.0,,,680073.0,73.99
AC,2010,1,AB,132.0,,,691132.0,72.79
AC,2010,2,AB,130.0,,,691132.0,71.65
AC,2010,3,AB,132.0,,,691132.0,72.68
AC,2010,4,AB,134.0,,,691132.0,73.08
AC,2010,5,AB,132.0,,,691132.0,72.81
AC,2010,6,AB,133.0,,,691132.0,73.31
AC,2010,7,AB,136.0,,,691132.0,74.51
AC,2010,8,AB,138.0,,,691132.0,74.4
AC,2010,9,AB,142.0,,,691132.0,75.37
AC,2010,10,AB,142.0,,,691132.0,74.94
AC,2010,11,AB,142.0,,,691132.0,74.91
AC,2010,12,AB,139.0,,,691132.0,75.55
AC,2011,1,AB,138.0,,,733559.0,74.07
AC,2011,2,AB,137.0,,,733559.0,73.19
AC,2011,3,AB,135.0,,,733559.0,73.9
AC,2011,4,AB,137.0,,,733559.0,73.47
AC,2011,5,AB,137.0,,,733559.0,73.2
AC,2011,6,AB,137.0,,,733559.0,72.38
AC,2011,7,AB,138.0,,,733559.0,72.37
AC,2011,8,AB,138.0,,,733559.0,72.58
AC,2011,9,AB,138.0,,,733559.0,72.58
AC,2011,10,AB,137.0,,,733559.0,71.23
AC,2011,11,AB,139.0,,,733559.0,72.38
AC,2011,12,AB,139.0,,,733559.0,72.79
AC,2012,1,AB,141.0,,,746375.0,73.12
AC,2012,2,AB,142.0,,,746375.0,73.02
AC,2012,3,AB,143.0,,,746375.0,72.17
AC,2012,4,AB,146.0,,,746375.0,73.56
AC,2012,5,AB,147.0,,,746375.0,73.96
AC,2012,6,AB,171.0,,,746375.0,83.77
AC,2012,7,AB,170.0,,,746375.0,86.23
AC,2012,8,AB,171.0,,,746375.0,85.76
AC,2012,9,AB,174.0,,,746375.0,86.82
AC,2012,10,AB,177.0,,,746375.0,86.61
AC,2012,11,AB,177.0,,,746375.0,83.42
AC,2012,12,AB,178.0,,,746375.0,84.89
AC,2013,1,AB,175.0,,,758786.0,83.76
AC,2013,2,AB,172.0,,,758786.0,82.15
AC,2013,3,AB,172.0,,,758786.0,79.81
AC,2013,4,AB,170.0,,,758786.0,79.48
AC,2013,5,AB,170.0,,,758786.0,79.25
AC,2013,6,AB,172.0,,,758786.0,80.62
AC,2013,7,AB,172.0,,,758786.0,80.62
AC,2013,8,AB,173.0,,,758786.0,80.22
AC,2013,9,AB,173.0,,,758786.0,82.07
AC,2013,10,AB,176.0,,,758786.0,86.51
AC,2013,11,AB,180.0,,,758786.0,87.03
AC,2013,12,AB,186.0,,,758786.0,89.03
AC,2014,1,AB,188.0,,,776463.0,88.41
AC,2014,2,AB,187.0,,,776463.0,88.13
AC,2014,3,AB,180.0,,,776463.0,85.73
AC,2014,4,AB,183.0,,,776463.0,86.13
AC,2014,5,AB,185.0,,,776463.0,87.43
AC,2014,6,AB,194.0,,,776463.0,88.42
AC,2014,7,AB,197.0,,,776463.0,88.39
AC,2014,8,AB,205.0,,,776463.0,89.56
AC,2014,9,AB,208.0,,,776463.0,91.28
AC,2014,10,AB,210.0,,,776463.0,91.12
AC,2014,11,AB,210.0,,,776463.0,92.09
AC,2014,12,AB,209.0,,,776463.0,92.48
AC,2015,1,AB,207.0,,,790101.0,90.76
AC,2015,2,AB,207.0,,,790101.0,91.97
AC,2015,3,AB,208.0,,,790101.0,93.11
AC,2015,4,AB,211.0,,,790101.0,93.55
AC,2015,5,AB,213.0,,,790101.0,93.75
AC,2015,6,AB,208.0,,,790101.0,92.24
AC,2015,7,AB,206.0,,,790101.0,91.78
AC,2015,8,AB,208.0,,,790101.0,91.7
AC,2015,9,AB,213.0,,,790101.0,91.9
AC,2015,10,AB,216.0,,,790101.0,92.15
AC,2015,11,AB,216.0,,,790101.0,92.59
AC,2015,12,AB,216.0,,,790101.0,92.47
AC,2016,1,AB,216.0,,,803513.0,91.65
AC,2016,2,AB,215.0,,,803513.0,88.65
AC,2016,3,AB,216.0,,,803513.0,89.03
AC,2016,4,AB,216.0,,,803513.0,88.97
AC,2016,5,AB,217.0,,,803513.0,89.7
AC,2016,6,AB,217.0,,,803513.0,90.13
AC,2016,7,AB,214.0,,,803513.0,88.69
AC,2016,8,AB,219.0,,,803513.0,91.52
AC,2016,9,AB,220.0,,,803513.0,89.92
AC,2016,10,AB,221.0,,,803513.0,89.19
AC,2016,11,AB,219.0,,,803513.0,88.9
AC,2016,12,AB,215.0,,,803513.0,86.8
AC,2017,1,AB,217.0,,,816687.0,84.69
AC,2017,2,AB,210.0,,,816687.0,84.13
AC,2017,3,AB,213.0,,,816687.0,83.8
AC,2017,4,AB,216.0,,,816687.0,84.18
AC,2017,5,AB,223.0,,,816687.0,89.78
AC,2017,6,AB,224.0,,,816687.0,88.65
AC,2017,7,AB,221.0,,,816687.0,90.31
AC,2017,8,AB,222.0,,,816687.0,92.02
AC,2017,9,AB,223.0,,,816687.0,91.74
AC,2017,10,AB,224.0,,,816687.0,91.65
AC,2017,11,AB,221.0,,,816687.0,90.75
AC,2017,12,AB,223.0,,,816687.0,88.85
AC,2018,1,AB,224.0,,,829619.0,88.31
AC,2018,2,AB,225.0,,,829619.0,88.54
AC,2018,3,AB,221.0,,,829619.0,88.11
AC,2018,4,AB,225.0,,,829619.0,87.64
AC,2018,5,AB,223.0,,,829619.0,87.15
AC,2018,6,AB,221.0,,,829619.0,86.47
AC,2018,7,AB,222.0,,,829619.0,86.3
AC,2018,8,AB,223.0,,,829619.0,86.32
AC,2018,9,AB,226.0,,,829619.0,86.74
AC,2018,10,AB,225.0,,,829619.0,86.32
AC,2018,11,AB,205.0,,,829619.0,81.72
AC,2018,12,AB,218.0,,,829619.0,85.51
AC,2019,1,AB,211.0,,,869265.0,81.26
AC,2019,2,AB,213.0,,,869265.0,82.67
AC,2019,3,AB,217.0,,,869265.0,83.16
AC,2019,4,AB,215.0,,,869265.0,82.87
AC,2019,5,AB,216.0,,,869265.0,84.24
AC,2019,6,AB,216.0,,,869265.0,85.34
AC,2019,7,AB,218.0,,,869265.0,85.57
AC,2019,8,AB,218.0,,,869265.0,83.68
AC,2019,9,AB,212.0,,,869265.0,82.02
AC,2019,10,AB,212.0,,,869265.0,81.61
AC,2019,11,AB,211.0,,,869265.0,80.54
AC,2019,12,AB,210.0,,,869265.0,78.85
AC,2020,1,AB,210.0,,,881935.0,79.37
AC,2020,2,AB,209.0,,,881935.0,80.89
AC,2020,3,AB,194.0,,,881935.0,75.25
AC,2020,4,AB,220.0,,,881935.0,85.9
AC,2020,5,AB,211.0,,,881935.0,84.06
AC,2020,6,AB,217.0,,,881935.0,83.32
AC,2020,7,AB,220.0,,,881935.0,83.52
AC,2020,8,AB,199.0,,,881935.0,83.08
AC,2020,9,AB,225.0,,,881935.0,87.06
AC,2020,10,AB,222.0,,,881935.0,87.59
AC,2020,11,AB,220.0,,,881935.0,86.81
AC,2020,12,AB,219.0,,,881935.0,87.23
AC,2021,1,APS,237.0,16.0,253.0,894470.0,102.48
AC,2021,2,APS,235.0,16.0,251.0,894470.0,100.63
AC,2021,3,APS,237.0,16.0,253.0,894470.0,100.73
AC,2021,4,APS,242.0,16.0,258.0,894470.0,100.48
AC,2021,5,APS,244.0,16.0,260.0,894470.0,100.53
AC,2021,6,APS,246.0,16.0,262.0,894470.0,101.46
AC,2021,7,APS,246.0,16.0,262.0,894470.0,100.61
AC,2021,8,APS,246.0,17.0,263.0,894470.0,101.79
AC,2021,9,APS,247.0,17.0,264.0,894470.0,102.3
AC,2021,10,APS,248.0,18.0,266.0,894470.0,102.61
AC,2021,11,APS,248.0,18.0,266.0,894470.0,102.62
AC,2021,12,APS,249.0,21.0,270.0,894470.0,103.55
AC,2022,1,APS,229.0,21.0,250.0,906876.0,98.83
AC,2022,2,APS,230.0,21.0,251.0,906876.0,99.16
AC,2022,3,APS,234.0,23.0,257.0,906876.0,101.25
AC,2022,4,APS,234.0,23.0,257.0,906876.0,101.29
AC,2022,5,APS,234.0,23.0,257.0,906876.0,101.3
AC,2022,6,APS,234.0,23.0,257.0,906876.0,101.29
AC,2022,7,APS,232.0,23.0,255.0,906876.0,100.55
AC,2022,8,APS,234.0,23.0,257.0,906876.0,101.31
AC,2022,9,APS,234.0,21.0,255.0,906876.0,100.76
AC,2022,10,APS,234.0,22.0,256.0,906876.0,101.07
AC,2022,11,APS,231.0,23.0,254.0,906876.0,100.22
AC,2022,12,APS,230.0,26.0,256.0,906876.0,100.6
AC,2023,1,APS,233.0,26.0,259.0,830018.0,111.55
AC,2023,2,APS,233.0,26.0,259.0,830018.0,111.57
AC,2023,3,APS,232.0,26.0,258.0,830018.0,111.15
AC,2023,4,APS,233.0,26.0,259.0,830018.0,111.23
AC,2023,5,APS,232.0,27.0,259.0,830018.0,111.44
AC,2023,6,APS,237.0,33.0,270.0,830018.0,115.45
AC,2023,7,APS,239.0,33.0,272.0,830018.0,116.25
AC,2023,8,APS,240.0,32.0,272.0,830018.0,116.5
AC,2023,9,APS,241.0,32.0,273.0,830018.0,116.76
AC,2023,10,APS,241.0,32.0,273.0,830018.0,116.8
AC,2023,11,APS,241.0,32.0,273.0,830018.0,116.84
AC,2023,12,APS,242.0,32.0,274.0,830018.0,117.27
AC,2024,1,APS,243.0,32.0,275.0,830018.0,117.77
AC,2024,2,APS,245.0,32.0,277.0,830018.0,118.52
AC,2024,3,APS,245.0,32.0,277.0,830018.0,118.5
AC,2024,4,APS,245.0,30.0,275.0,830018.0,117.89
AC,2024,5,APS,244.0,31.0,275.0,830018.0,117.9
AC,2024,6,APS,248.0,34.0,282.0,830018.0,120.69
AC,2024,7,APS,251.0,34.0,285.0,830018.0,121.95
AC,2024,8,APS,251.0,34.0,285.0,830018.0,121.83
AC,2024,9,APS,250.0,34.0,284.0,830018.0,121.52
AC,2024,10,APS,250.0,34.0,284.0,830018.0,121.5
AC,2024,11,APS,250.0,34.0,284.0,830018.0,121.16
AC,2024,12,APS,250.0,33.0,283.0,830018.0,120.84
AC,2025,1,APS,251.0,34.0,285.0,880631.0,114.9
AC,2025,2,APS,249.0,34.0,283.0,880631.0,114.18
AC,2025,3,APS,249.0,34.0,283.0,880631.0,114.17
AC,2025,4,APS,249.0,34.0,283.0,880631.0,114.11
AC,2025,5,APS,252.0,32.0,284.0,880631.0,114.49
AC,2025,6,APS,251.0,33.0,284.0,880631.0,114.52
AC,2025,7,APS,251.0,33.0,284.0,880631.0,114.58
AC,2025,8,APS,248.0,33.0,281.0,880631.0,113.27
AC,2025,9,APS,252.0,33.0,285.0,880631.0,114.98
AC,2025,10,APS,254.0,33.0,287.0,880631.0,115.79
AC,2025,11,APS,252.0,33.0,285.0,880631.0,114.91
AC,2025,12,APS,253.0,33.0,286.0,880631.0,115.29
AC,2026,1,APS,253.0,34.0,287.0,884372.0,114.73
AC,2026,2,APS,253.0,35.0,288.0,884372.0,112.99
AC,2026,3,APS,253.0,35.0,288.0,884372.0,110.31
AC,2026,4,APS,253.0,32.0,285.0,884372.0,114.0
AC,2026,5,APS,253.0,32.0,285.0,884372.0,109.52
AC,2026,6,APS,254.0,31.0,285.0,884372.0,109.62
AM,2007,7,AB,447.0,,,3311026.0,45.25
AM,2007,8,AB,440.0,,,3311026.0,61.81
AM,2007,9,AB,467.0,,,3311026.0,63.87
AM,2007,10,AB,472.0,,,3311026.0,63.35
AM,2007,11,AB,469.0,,,3311026.0,62.95
AM,2007,12,AB,476.0,,,3311026.0,63.07
AM,2008,1,AB,476.0,,,3221940.0,64.96
AM,2008,2,AB,478.0,,,3221940.0,63.98
AM,2008,3,AB,485.0,,,3221940.0,64.79
AM,2008,4,AB,485.0,,,3221940.0,62.82
AM,2008,5,AB,505.0,,,3221940.0,67.92
AM,2008,6,AB,508.0,,,3221940.0,68.27
AM,2008,7,AB,502.0,,,3221940.0,68.21
AM,2008,8,AB,504.0,,,3221940.0,68.45
AM,2008,9,AB,505.0,,,3221940.0,68.53
AM,2008,10,AB,504.0,,,3221940.0,68.11
AM,2008,11,AB,505.0,,,3221940.0,67.82
AM,2008,12,AB,505.0,,,3221940.0,67.98
AM,2009,1,AB,508.0,,,3341096.0,65.91
AM,2009,2,AB,512.0,,,3341096.0,65.96
AM,2009,3,AB,509.0,,,3341096.0,65.75
AM,2009,4,AB,510.0,,,3341096.0,65.9
AM,2009,5,AB,509.0,,,3341096.0,66.18
AM,2009,6,AB,517.0,,,3341096.0,66.15
AM,2009,7,AB,510.0,,,3341096.0,65.41
AM,2009,8,AB,511.0,,,3341096.0,65.6
AM,2009,9,AB,510.0,,,3341096.0,65.6
AM,2009,10,AB,510.0,,,3341096.0,65.51
AM,2009,11,AB,519.0,,,3341096.0,65.91
AM,2009,12,AB,522.0,,,3341096.0,65.82
AM,2010,1,AB,529.0,,,3393369.0,65.73
AM,2010,2,AB,536.0,,,3393369.0,65.99
AM,2010,3,AB,538.0,,,3393369.0,66.04
AM,2010,4,AB,535.0,,,3393369.0,65.9
AM,2010,5,AB,531.0,,,3393369.0,65.75
AM,2010,6,AB,531.0,,,3393369.0,65.95
AM,2010,7,AB,531.0,,,3393369.0,65.31
AM,2010,8,AB,532.0,,,3393369.0,65.42
AM,2010,9,AB,538.0,,,3393369.0,65.67
AM,2010,10,AB,536.0,,,3393369.0,65.67
AM,2010,11,AB,530.0,,,3393369.0,65.02
AM,2010,12,AB,528.0,,,3393369.0,65.21
AM,2011,1,AB,527.0,,,3483985.0,64.24
AM,2011,2,AB,522.0,,,3483985.0,63.02
AM,2011,3,AB,516.0,,,3483985.0,62.42
AM,2011,4,AB,519.0,,,3483985.0,62.34
AM,2011,5,AB,527.0,,,3483985.0,63.3
AM,2011,6,AB,526.0,,,3483985.0,63.39
AM,2011,7,AB,536.0,,,3483985.0,63.9
AM,2011,8,AB,531.0,,,3483985.0,63.67
AM,2011,9,AB,526.0,,,3483985.0,62.93
AM,2011,10,AB,529.0,,,3483985.0,63.32
AM,2011,11,AB,529.0,,,3483985.0,63.42
AM,2011,12,AB,532.0,,,3483985.0,63.88
AM,2012,1,AB,528.0,,,3538359.0,62.62
AM,2012,2,AB,530.0,,,3538359.0,62.92
AM,2012,3,AB,531.0,,,3538359.0,62.55
AM,2012,4,AB,530.0,,,3538359.0,62.32
AM,2012,5,AB,530.0,,,3538359.0,61.9
AM,2012,6,AB,527.0,,,3538359.0,61.67
AM,2012,7,AB,532.0,,,3538359.0,61.78
AM,2012,8,AB,519.0,,,3538359.0,60.93
AM,2012,9,AB,518.0,,,3538359.0,60.72
AM,2012,10,AB,526.0,,,3538359.0,61.08
AM,2012,11,AB,537.0,,,3538359.0,61.9
AM,2012,12,AB,539.0,,,3538359.0,62.44
AM,2013,1,AB,535.0,,,3590985.0,62.07
AM,2013,2,AB,533.0,,,3590985.0,62.27
AM,2013,3,AB,547.0,,,3590985.0,63.57
AM,2013,4,AB,545.0,,,3590985.0,63.0
AM,2013,5,AB,543.0,,,3590985.0,62.12
AM,2013,6,AB,540.0,,,3590985.0,61.99
AM,2013,7,AB,544.0,,,3590985.0,62.41
AM,2013,8,AB,547.0,,,3590985.0,62.47
AM,2013,9,AB,540.0,,,3590985.0,62.87
AM,2013,10,AB,535.0,,,3590985.0,63.42
AM,2013,11,AB,548.0,,,3590985.0,64.08
AM,2013,12,AB,579.0,,,3590985.0,67.02
AM,2014,1,AB,594.0,,,3807921.0,64.54
AM,2014,2,AB,600.0,,,3807921.0,64.89
AM,2014,3,AB,604.0,,,3807921.0,65.12
AM,2014,4,AB,616.0,,,3807921.0,64.94
AM,2014,5,AB,624.0,,,3807921.0,65.51
AM,2014,6,AB,636.0,,,3807921.0,65.78
AM,2014,7,AB,667.0,,,3807921.0,67.42
AM,2014,8,AB,668.0,,,3807921.0,67.29
AM,2014,9,AB,675.0,,,3807921.0,67.86
AM,2014,10,AB,679.0,,,3807921.0,67.96
AM,2014,11,AB,679.0,,,3807921.0,68.39
AM,2014,12,AB,686.0,,,3807921.0,68.7
AM,2015,1,AB,682.0,,,3873743.0,67.47
AM,2015,2,AB,681.0,,,3873743.0,67.2
AM,2015,3,AB,679.0,,,3873743.0,65.96
AM,2015,4,AB,680.0,,,3873743.0,65.94
AM,2015,5,AB,689.0,,,3873743.0,66.98
AM,2015,6,AB,692.0,,,3873743.0,66.9
AM,2015,7,AB,691.0,,,3873743.0,67.51
AM,2015,8,AB,695.0,,,3873743.0,67.84
AM,2015,9,AB,704.0,,,3873743.0,68.25
AM,2015,10,AB,704.0,,,3873743.0,67.99
AM,2015,11,AB,695.0,,,3873743.0,67.56
AM,2015,12,AB,694.0,,,3873743.0,67.43
AM,2016,1,AB,692.0,,,3938336.0,66.52
AM,2016,2,AB,693.0,,,3938336.0,66.72
AM,2016,3,AB,686.0,,,3938336.0,66.18
AM,2016,4,AB,677.0,,,3938336.0,65.84
AM,2016,5,AB,672.0,,,3938336.0,65.61
AM,2016,6,AB,678.0,,,3938336.0,65.24
AM,2016,7,AB,670.0,,,3938336.0,64.97
AM,2016,8,AB,674.0,,,3938336.0,65.72
AM,2016,9,AB,675.0,,,3938336.0,64.91
AM,2016,10,AB,675.0,,,3938336.0,64.53
AM,2016,11,AB,669.0,,,3938336.0,64.44
AM,2016,12,AB,657.0,,,3938336.0,64.31
AM,2017,1,AB,661.0,,,4001667.0,63.01
AM,2017,2,AB,664.0,,,4001667.0,62.72
AM,2017,3,AB,673.0,,,4001667.0,62.47
AM,2017,4,AB,659.0,,,4001667.0,62.51
AM,2017,5,AB,661.0,,,4001667.0,63.7
AM,2017,6,AB,667.0,,,4001667.0,63.15
AM,2017,7,AB,668.0,,,4001667.0,63.18
AM,2017,8,AB,662.0,,,4001667.0,61.42
AM,2017,9,AB,659.0,,,4001667.0,60.79
AM,2017,10,AB,671.0,,,4001667.0,62.38
AM,2017,11,AB,679.0,,,4001667.0,63.05
AM,2017,12,AB,691.0,,,4001667.0,63.48
AM,2018,1,AB,696.0,,,4063614.0,63.04
AM,2018,2,AB,698.0,,,4063614.0,63.22
AM,2018,3,AB,689.0,,,4063614.0,62.58
AM,2018,4,AB,717.0,,,4063614.0,64.1
AM,2018,5,AB,713.0,,,4063614.0,64.6
AM,2018,6,AB,715.0,,,4063614.0,63.96
AM,2018,7,AB,729.0,,,4063614.0,64.28
AM,2018,8,AB,740.0,,,4063614.0,65.02
AM,2018,9,AB,734.0,,,4063614.0,66.27
AM,2018,10,AB,745.0,,,4063614.0,66.67
AM,2018,11,AB,735.0,,,4063614.0,66.13
AM,2018,12,AB,735.0,,,4063614.0,66.14
AM,2019,1,AB,698.0,,,4080611.0,63.83
AM,2019,2,AB,682.0,,,4080611.0,62.47
AM,2019,3,AB,710.0,,,4080611.0,64.31
AM,2019,4,AB,751.0,,,4080611.0,67.57
AM,2019,5,AB,754.0,,,4080611.0,67.27
AM,2019,6,AB,758.0,,,4080611.0,67.39
AM,2019,7,AB,752.0,,,4080611.0,67.0
AM,2019,8,AB,754.0,,,4080611.0,67.35
AM,2019,9,AB,761.0,,,4080611.0,67.57
AM,2019,10,AB,769.0,,,4080611.0,68.07
AM,2019,11,AB,791.0,,,4080611.0,70.65
AM,2019,12,AB,789.0,,,4080611.0,70.4
AM,2020,1,AB,815.0,,,4144597.0,69.95
AM,2020,2,AB,811.0,,,4144597.0,69.76
AM,2020,3,AB,806.0,,,4144597.0,69.09
AM,2020,4,AB,818.0,,,4144597.0,72.0
AM,2020,5,AB,804.0,,,4144597.0,74.47
AM,2020,6,AB,806.0,,,4144597.0,74.12
AM,2020,7,AB,813.0,,,4144597.0,74.83
AM,2020,8,AB,731.0,,,4144597.0,70.36
AM,2020,9,AB,836.0,,,4144597.0,76.73
AM,2020,10,AB,841.0,,,4144597.0,77.58
AM,2020,11,AB,832.0,,,4144597.0,77.21
AM,2020,12,AB,831.0,,,4144597.0,77.1
AM,2021,1,APS,918.0,123.0,1041.0,4207714.0,81.55
AM,2021,2,APS,918.0,125.0,1043.0,4207714.0,81.47
AM,2021,3,APS,944.0,128.0,1072.0,4207714.0,84.02
AM,2021,4,APS,950.0,132.0,1082.0,4207714.0,84.57
AM,2021,5,APS,953.0,134.0,1087.0,4207714.0,85.02
AM,2021,6,APS,956.0,132.0,1088.0,4207714.0,85.05
AM,2021,7,APS,959.0,139.0,1098.0,4207714.0,85.79
AM,2021,8,APS,965.0,138.0,1103.0,4207714.0,85.87
AM,2021,9,APS,975.0,138.0,1113.0,4207714.0,86.37
AM,2021,10,APS,976.0,137.0,1113.0,4207714.0,86.16
AM,2021,11,APS,983.0,129.0,1112.0,4207714.0,86.21
AM,2021,12,APS,981.0,129.0,1110.0,4207714.0,86.14
AM,2022,1,APS,870.0,126.0,996.0,4269995.0,82.6
AM,2022,2,APS,873.0,132.0,1005.0,4269995.0,83.06
AM,2022,3,APS,871.0,134.0,1005.0,4269995.0,82.98
AM,2022,4,APS,875.0,135.0,1010.0,4269995.0,83.44
AM,2022,5,APS,873.0,136.0,1009.0,4269995.0,83.28
AM,2022,6,APS,871.0,134.0,1005.0,4269995.0,83.07
AM,2022,7,APS,875.0,134.0,1009.0,4269995.0,83.38
AM,2022,8,APS,876.0,134.0,1010.0,4269995.0,83.43
AM,2022,9,APS,875.0,134.0,1009.0,4269995.0,83.46
AM,2022,10,APS,873.0,133.0,1006.0,4269995.0,83.3
AM,2022,11,APS,875.0,131.0,1006.0,4269995.0,83.36
AM,2022,12,APS,877.0,128.0,1005.0,4269995.0,83.4
AM,2023,1,APS,882.0,122.0,1004.0,3941613.0,90.7
AM,2023,2,APS,872.0,122.0,994.0,3941613.0,89.81
AM,2023,3,APS,871.0,122.0,993.0,3941613.0,89.66
AM,2023,4,APS,858.0,120.0,978.0,3941613.0,89.65
AM,2023,5,APS,872.0,123.0,995.0,3941613.0,91.22
AM,2023,6,APS,877.0,126.0,1003.0,3941613.0,91.69
AM,2023,7,APS,885.0,125.0,1010.0,3941613.0,91.87
AM,2023,8,APS,880.0,126.0,1006.0,3941613.0,91.86
AM,2023,9,APS,888.0,129.0,1017.0,3941613.0,92.9
AM,2023,10,APS,895.0,132.0,1027.0,3941613.0,93.55
AM,2023,11,APS,896.0,132.0,1028.0,3941613.0,93.66
AM,2023,12,APS,906.0,132.0,1038.0,3941613.0,94.57
AM,2024,1,APS,919.0,136.0,1055.0,3941613.0,95.86
AM,2024,2,APS,918.0,138.0,1056.0,3941613.0,95.94
AM,2024,3,APS,921.0,133.0,1054.0,3941613.0,96.01
AM,2024,4,APS,917.0,133.0,1050.0,3941613.0,95.51
AM,2024,5,APS,922.0,131.0,1053.0,3941613.0,96.03
AM,2024,6,APS,924.0,131.0,1055.0,3941613.0,96.29
AM,2024,7,APS,939.0,130.0,1069.0,3941613.0,97.52
AM,2024,8,APS,937.0,130.0,1067.0,3941613.0,97.33
AM,2024,9,APS,938.0,131.0,1069.0,3941613.0,97.42
AM,2024,10,APS,942.0,131.0,1073.0,3941613.0,97.87
AM,2024,11,APS,944.0,132.0,1076.0,3941613.0,98.06
AM,2024,12,APS,951.0,132.0,1083.0,3941613.0,98.74
AM,2025,1,APS,978.0,128.0,1106.0,4281209.0,92.8
AM,2025,2,APS,980.0,127.0,1107.0,4281209.0,93.04
AM,2025,3,APS,975.0,124.0,1099.0,4281209.0,92.52
AM,2025,4,APS,979.0,125.0,1104.0,4281209.0,92.92
AM,2025,5,APS,980.0,126.0,1106.0,4281209.0,93.07
AM,2025,6,APS,981.0,125.0,1106.0,4281209.0,92.92
AM,2025,7,APS,976.0,125.0,1101.0,4281209.0,92.67
AM,2025,8,APS,978.0,126.0,1104.0,4281209.0,92.85
AM,2025,9,APS,978.0,127.0,1105.0,4281209.0,93.07
AM,2025,10,APS,979.0,126.0,1105.0,4281209.0,93.11
AM,2025,11,APS,981.0,125.0,1106.0,4281209.0,93.15
AM,2025,12,APS,984.0,126.0,1110.0,4281209.0,93.46
AM,2026,1,APS,982.0,125.0,1107.0,4321616.0,92.11
AM,2026,2,APS,987.0,122.0,1109.0,4321616.0,90.36
AM,2026,3,APS,989.0,122.0,1111.0,4321616.0,85.62
AM,2026,4,APS,989.0,122.0,1111.0,4321616.0,92.46
AM,2026,5,APS,989.0,122.0,1111.0,4321616.0,85.66
AM,2026,6,APS,994.0,123.0,1117.0,4321616.0,86.13
RR,2007,7,AB,80.0,,,403344.0,66.87
RR,2007,8,AB,81.0,,,403344.0,84.0
RR,2007,9,AB,84.0,,,403344.0,83.3
RR,2007,10,AB,89.0,,,403344.0,84.93
RR,2007,11,AB,89.0,,,403344.0,84.93
RR,2007,12,AB,94.0,,,403344.0,85.38
RR,2008,1,AB,94.0,,,395725.0,85.63
RR,2008,2,AB,87.0,,,395725.0,84.62
RR,2008,3,AB,90.0,,,395725.0,84.21
RR,2008,4,AB,90.0,,,395725.0,84.85
RR,2008,5,AB,92.0,,,395725.0,85.66
RR,2008,6,AB,94.0,,,395725.0,87.4
RR,2008,7,AB,95.0,,,395725.0,87.4
RR,2008,8,AB,97.0,,,395725.0,86.62
RR,2008,9,AB,98.0,,,395725.0,86.8
RR,2008,10,AB,100.0,,,395725.0,85.78
RR,2008,11,AB,100.0,,,395725.0,85.78
RR,2008,12,AB,99.0,,,395725.0,85.78
RR,2009,1,AB,98.0,,,412783.0,82.82
RR,2009,2,AB,96.0,,,412783.0,82.44
RR,2009,3,AB,94.0,,,412783.0,82.08
RR,2009,4,AB,97.0,,,412783.0,80.66
RR,2009,5,AB,97.0,,,412783.0,80.66
RR,2009,6,AB,99.0,,,412783.0,83.47
RR,2009,7,AB,103.0,,,412783.0,84.02
RR,2009,8,AB,101.0,,,412783.0,83.37
RR,2009,9,AB,100.0,,,412783.0,82.33
RR,2009,10,AB,98.0,,,412783.0,81.22
RR,2009,11,AB,100.0,,,412783.0,81.36
RR,2009,12,AB,98.0,,,412783.0,79.56
RR,2010,1,AB,99.0,,,421499.0,78.43
RR,2010,2,AB,101.0,,,421499.0,79.05
RR,2010,3,AB,103.0,,,421499.0,79.26
RR,2010,4,AB,97.0,,,421499.0,80.11
RR,2010,5,AB,94.0,,,421499.0,78.7
RR,2010,6,AB,93.0,,,421499.0,78.66
RR,2010,7,AB,95.0,,,421499.0,79.45
RR,2010,8,AB,92.0,,,421499.0,77.73
RR,2010,9,AB,95.0,,,421499.0,79.04
RR,2010,10,AB,97.0,,,421499.0,81.75
RR,2010,11,AB,96.0,,,421499.0,82.82
RR,2010,12,AB,97.0,,,421499.0,83.04
RR,2011,1,AB,107.0,,,450479.0,80.92
RR,2011,2,AB,108.0,,,450479.0,81.96
RR,2011,3,AB,106.0,,,450479.0,81.9
RR,2011,4,AB,99.0,,,450479.0,80.96
RR,2011,5,AB,94.0,,,450479.0,78.57
RR,2011,6,AB,94.0,,,450479.0,77.91
RR,2011,7,AB,95.0,,,450479.0,78.51
RR,2011,8,AB,95.0,,,450479.0,78.51
RR,2011,9,AB,94.0,,,450479.0,78.08
RR,2011,10,AB,92.0,,,450479.0,77.28
RR,2011,11,AB,81.0,,,450479.0,69.63
RR,2011,12,AB,108.0,,,450479.0,83.22
RR,2012,1,AB,108.0,,,460157.0,81.89
RR,2012,2,AB,105.0,,,460157.0,80.78
RR,2012,3,AB,104.0,,,460157.0,80.95
RR,2012,4,AB,100.0,,,460157.0,80.94
RR,2012,5,AB,95.0,,,460157.0,79.22
RR,2012,6,AB,100.0,,,460157.0,80.78
RR,2012,7,AB,102.0,,,460157.0,80.43
RR,2012,8,AB,101.0,,,460157.0,80.22
RR,2012,9,AB,94.0,,,460157.0,76.66
RR,2012,10,AB,94.0,,,460157.0,76.72
RR,2012,11,AB,94.0,,,460157.0,76.48
RR,2012,12,AB,98.0,,,460157.0,77.32
RR,2013,1,AB,106.0,,,469524.0,80.72
RR,2013,2,AB,104.0,,,469524.0,79.72
RR,2013,3,AB,95.0,,,469524.0,77.21
RR,2013,4,AB,83.0,,,469524.0,66.26
RR,2013,5,AB,94.0,,,469524.0,70.91
RR,2013,6,AB,88.0,,,469524.0,66.65
RR,2013,7,AB,84.0,,,469524.0,64.08
RR,2013,8,AB,80.0,,,469524.0,62.77
RR,2013,9,AB,84.0,,,469524.0,64.66
RR,2013,10,AB,76.0,,,469524.0,64.2
RR,2013,11,AB,73.0,,,469524.0,63.46
RR,2013,12,AB,100.0,,,469524.0,77.75
RR,2014,1,AB,104.0,,,488072.0,77.99
RR,2014,2,AB,105.0,,,488072.0,80.0
RR,2014,3,AB,109.0,,,488072.0,79.28
RR,2014,4,AB,110.0,,,488072.0,80.39
RR,2014,5,AB,112.0,,,488072.0,79.16
RR,2014,6,AB,111.0,,,488072.0,79.27
RR,2014,7,AB,111.0,,,488072.0,78.87
RR,2014,8,AB,115.0,,,488072.0,80.91
RR,2014,9,AB,115.0,,,488072.0,79.18
RR,2014,10,AB,114.0,,,488072.0,78.43
RR,2014,11,AB,115.0,,,488072.0,78.52
RR,2014,12,AB,115.0,,,488072.0,78.52
RR,2015,1,AB,116.0,,,496936.0,78.13
RR,2015,2,AB,110.0,,,496936.0,73.96
RR,2015,3,AB,108.0,,,496936.0,73.42
RR,2015,4,AB,113.0,,,496936.0,78.02
RR,2015,5,AB,113.0,,,496936.0,76.16
RR,2015,6,AB,118.0,,,496936.0,77.8
RR,2015,7,AB,117.0,,,496936.0,78.18
RR,2015,8,AB,118.0,,,496936.0,81.29
RR,2015,9,AB,116.0,,,496936.0,82.81
RR,2015,10,AB,122.0,,,496936.0,82.46
RR,2015,11,AB,124.0,,,496936.0,83.78
RR,2015,12,AB,124.0,,,496936.0,84.38
RR,2016,1,AB,123.0,,,505665.0,82.86
RR,2016,2,AB,121.0,,,505665.0,83.21
RR,2016,3,AB,121.0,,,505665.0,82.64
RR,2016,4,AB,122.0,,,505665.0,79.11
RR,2016,5,AB,123.0,,,505665.0,78.79
RR,2016,6,AB,124.0,,,505665.0,80.33
RR,2016,7,AB,124.0,,,505665.0,80.33
RR,2016,8,AB,122.0,,,505665.0,80.11
RR,2016,9,AB,124.0,,,505665.0,80.16
RR,2016,10,AB,124.0,,,505665.0,80.16
RR,2016,11,AB,123.0,,,505665.0,80.16
RR,2016,12,AB,122.0,,,505665.0,80.16
RR,2017,1,AB,118.0,,,514229.0,77.37
RR,2017,2,AB,123.0,,,514229.0,78.51
RR,2017,3,AB,126.0,,,514229.0,78.68
RR,2017,4,AB,125.0,,,514229.0,78.59
RR,2017,5,AB,126.0,,,514229.0,78.61
RR,2017,6,AB,126.0,,,514229.0,77.27
RR,2017,7,AB,124.0,,,514229.0,77.07
RR,2017,8,AB,127.0,,,514229.0,77.69
RR,2017,9,AB,127.0,,,514229.0,77.1
RR,2017,10,AB,119.0,,,514229.0,75.97
RR,2017,11,AB,116.0,,,514229.0,74.28
RR,2017,12,AB,118.0,,,514229.0,75.33
RR,2018,1,AB,129.0,,,522636.0,79.39
RR,2018,2,AB,130.0,,,522636.0,83.42
RR,2018,3,AB,129.0,,,522636.0,83.01
RR,2018,4,AB,132.0,,,522636.0,83.17
RR,2018,5,AB,129.0,,,522636.0,82.43
RR,2018,6,AB,127.0,,,522636.0,81.85
RR,2018,7,AB,129.0,,,522636.0,81.61
RR,2018,8,AB,128.0,,,522636.0,81.02
RR,2018,9,AB,132.0,,,522636.0,81.8
RR,2018,10,AB,136.0,,,522636.0,83.66
RR,2018,11,AB,136.0,,,522636.0,83.9
RR,2018,12,AB,132.0,,,522636.0,83.13
RR,2019,1,AB,122.0,,,576568.0,75.47
RR,2019,2,AB,121.0,,,576568.0,73.41
RR,2019,3,AB,127.0,,,576568.0,72.77
RR,2019,4,AB,129.0,,,576568.0,75.0
RR,2019,5,AB,131.0,,,576568.0,73.77
RR,2019,6,AB,129.0,,,576568.0,73.85
RR,2019,7,AB,130.0,,,576568.0,74.03
RR,2019,8,AB,128.0,,,576568.0,72.83
RR,2019,9,AB,127.0,,,576568.0,72.56
RR,2019,10,AB,127.0,,,576568.0,72.79
RR,2019,11,AB,126.0,,,576568.0,71.65
RR,2019,12,AB,124.0,,,576568.0,71.74
RR,2020,1,AB,135.0,,,605761.0,72.88
RR,2020,2,AB,129.0,,,605761.0,73.33
RR,2020,3,AB,125.0,,,605761.0,73.48
RR,2020,4,AB,141.0,,,605761.0,84.58
RR,2020,5,AB,139.0,,,605761.0,85.65
RR,2020,6,AB,132.0,,,605761.0,87.85
RR,2020,7,AB,131.0,,,605761.0,84.53
RR,2020,8,AB,127.0,,,605761.0,85.03
RR,2020,9,AB,138.0,,,605761.0,86.01
RR,2020,10,AB,136.0,,,605761.0,85.49
RR,2020,11,AB,136.0,,,605761.0,85.52
RR,2020,12,AB,135.0,,,605761.0,84.56
RR,2021,1,APS,139.0,1.0,140.0,631181.0,81.66
RR,2021,2,APS,142.0,1.0,143.0,631181.0,80.16
RR,2021,3,APS,143.0,1.0,144.0,631181.0,80.23
RR,2021,4,APS,142.0,1.0,143.0,631181.0,80.24
RR,2021,5,APS,143.0,1.0,144.0,631181.0,79.71
RR,2021,6,APS,142.0,1.0,143.0,631181.0,79.72
RR,2021,7,APS,143.0,1.0,144.0,631181.0,80.28
RR,2021,8,APS,142.0,1.0,143.0,631181.0,80.37
RR,2021,9,APS,146.0,1.0,147.0,631181.0,82.61
RR,2021,10,APS,145.0,1.0,146.0,631181.0,82.62
RR,2021,11,APS,145.0,1.0,146.0,631181.0,82.63
RR,2021,12,APS,146.0,1.0,147.0,631181.0,83.19
RR,2022,1,APS,146.0,1.0,147.0,652713.0,79.05
RR,2022,2,APS,143.0,1.0,144.0,652713.0,77.43
RR,2022,3,APS,135.0,1.0,136.0,652713.0,73.13
RR,2022,4,APS,142.0,1.0,143.0,652713.0,76.89
RR,2022,5,APS,139.0,1.0,140.0,652713.0,75.28
RR,2022,6,APS,138.0,1.0,139.0,652713.0,74.74
RR,2022,7,APS,138.0,1.0,139.0,652713.0,74.74
RR,2022,8,APS,144.0,1.0,145.0,652713.0,77.95
RR,2022,9,APS,146.0,1.0,147.0,652713.0,79.03
RR,2022,10,APS,146.0,1.0,147.0,652713.0,79.03
RR,2022,11,APS,146.0,1.0,147.0,652713.0,79.03
RR,2022,12,APS,146.0,1.0,147.0,652713.0,79.03
RR,2023,1,APS,145.0,1.0,146.0,636707.0,80.68
RR,2023,2,APS,136.0,1.0,137.0,636707.0,75.75
RR,2023,3,APS,137.0,1.0,138.0,636707.0,76.3
RR,2023,4,APS,135.0,1.0,136.0,636707.0,75.43
RR,2023,5,APS,136.0,1.0,137.0,636707.0,75.75
RR,2023,6,APS,216.0,1.0,217.0,636707.0,120.02
RR,2023,7,APS,216.0,1.0,217.0,636707.0,120.03
RR,2023,8,APS,228.0,1.0,229.0,636707.0,126.34
RR,2023,9,APS,228.0,1.0,229.0,636707.0,126.7
RR,2023,10,APS,228.0,1.0,229.0,636707.0,126.72
RR,2023,11,APS,230.0,1.0,231.0,636707.0,127.82
RR,2023,12,APS,232.0,1.0,233.0,636707.0,128.57
RR,2024,1,APS,233.0,1.0,234.0,636707.0,129.48
RR,2024,2,APS,235.0,1.0,236.0,636707.0,130.18
RR,2024,3,APS,239.0,1.0,240.0,636707.0,132.47
RR,2024,4,APS,243.0,1.0,244.0,636707.0,134.68
RR,2024,5,APS,243.0,1.0,244.0,636707.0,135.08
RR,2024,6,APS,243.0,1.0,244.0,636707.0,135.09
RR,2024,7,APS,244.0,1.0,245.0,636707.0,135.24
RR,2024,8,APS,244.0,1.0,245.0,636707.0,135.63
RR,2024,9,APS,246.0,1.0,247.0,636707.0,136.72
RR,2024,10,APS,246.0,1.0,247.0,636707.0,136.73
RR,2024,11,APS,247.0,1.0,248.0,636707.0,137.29
RR,2024,12,APS,244.0,1.0,245.0,629392.0,137.22
RR,2025,1,APS,244.0,1.0,245.0,709016.0,121.77
RR,2025,2,APS,249.0,1.0,250.0,716793.0,122.94
RR,2025,3,APS,249.0,1.0,250.0,716793.0,122.95
RR,2025,4,APS,250.0,0,250.0,716793.0,123.08
RR,2025,5,APS,251.0,0,251.0,716793.0,123.59
RR,2025,6,APS,251.0,0,251.0,716793.0,123.64
RR,2025,7,APS,251.0,0,251.0,716793.0,123.21
RR,2025,8,APS,247.0,0,247.0,716793.0,121.7
RR,2025,9,APS,250.0,0,250.0,716793.0,123.15
RR,2025,10,APS,252.0,0,252.0,716793.0,124.14
RR,2025,11,APS,252.0,0,252.0,716793.0,123.73
RR,2025,12,APS,252.0,0,252.0,716793.0,124.17
RR,2026,1,APS,251.0,0,251.0,738772.0,119.32
RR,2026,2,APS,250.0,0,250.0,738772.0,118.7
RR,2026,3,APS,249.0,3.0,252.0,738772.0,119.03
RR,2026,4,APS,249.0,3.0,252.0,738772.0,120.17
RR,2026,5,APS,249.0,3.0,252.0,738772.0,119.03
RR,2026,6,APS,249.0,3.0,252.0,738772.0,119.03
PA,2007,7,AB,619.0,,,7110465.0,29.47
PA,2007,8,AB,635.0,,,7110465.0,40.73
PA,2007,9,AB,646.0,,,7110465.0,42.24
PA,2007,10,AB,698.0,,,7110465.0,43.1
PA,2007,11,AB,734.0,,,7110465.0,43.67
PA,2007,12,AB,742.0,,,7110465.0,44.08
PA,2008,1,AB,743.0,,,6993232.0,45.03
PA,2008,2,AB,749.0,,,6993232.0,45.21
PA,2008,3,AB,759.0,,,6993232.0,45.1
PA,2008,4,AB,777.0,,,6993232.0,46.31
PA,2008,5,AB,799.0,,,6993232.0,47.01
PA,2008,6,AB,804.0,,,6993232.0,47.3
PA,2008,7,AB,816.0,,,6993232.0,47.92
PA,2008,8,AB,821.0,,,6993232.0,48.04
PA,2008,9,AB,820.0,,,6993232.0,48.01
PA,2008,10,AB,821.0,,,6993232.0,48.72
PA,2008,11,AB,828.0,,,6993232.0,48.94
PA,2008,12,AB,846.0,,,6993232.0,49.54
PA,2009,1,AB,845.0,,,7321493.0,47.82
PA,2009,2,AB,844.0,,,7321493.0,48.07
PA,2009,3,AB,851.0,,,7321493.0,48.16
PA,2009,4,AB,853.0,,,7321493.0,48.86
PA,2009,5,AB,858.0,,,7321493.0,48.95
PA,2009,6,AB,859.0,,,7321493.0,49.31
PA,2009,7,AB,871.0,,,7321493.0,49.69
PA,2009,8,AB,884.0,,,7321493.0,49.51
PA,2009,9,AB,887.0,,,7321493.0,48.12
PA,2009,10,AB,900.0,,,7321493.0,48.6
PA,2009,11,AB,897.0,,,7321493.0,48.57
PA,2009,12,AB,893.0,,,7321493.0,48.6
PA,2010,1,AB,883.0,,,7457119.0,48.06
PA,2010,2,AB,896.0,,,7457119.0,48.39
PA,2010,3,AB,907.0,,,7457119.0,48.76
PA,2010,4,AB,908.0,,,7457119.0,48.81
PA,2010,5,AB,918.0,,,7457119.0,49.12
PA,2010,6,AB,925.0,,,7457119.0,49.37
PA,2010,7,AB,935.0,,,7457119.0,49.5
PA,2010,8,AB,941.0,,,7457119.0,49.65
PA,2010,9,AB,945.0,,,7457119.0,49.99
PA,2010,10,AB,958.0,,,7457119.0,50.44
PA,2010,11,AB,962.0,,,7457119.0,50.78
PA,2010,12,AB,966.0,,,7457119.0,50.6
PA,2011,1,AB,968.0,,,7581051.0,50.5
PA,2011,2,AB,970.0,,,7581051.0,50.67
PA,2011,3,AB,975.0,,,7581051.0,50.77
PA,2011,4,AB,969.0,,,7581051.0,50.57
PA,2011,5,AB,974.0,,,7581051.0,51.02
PA,2011,6,AB,978.0,,,7581051.0,51.23
PA,2011,7,AB,992.0,,,7581051.0,51.37
PA,2011,8,AB,997.0,,,7581051.0,51.62
PA,2011,9,AB,997.0,,,7581051.0,51.67
PA,2011,10,AB,998.0,,,7581051.0,51.87
PA,2011,11,AB,1005.0,,,7581051.0,51.79
PA,2011,12,AB,1017.0,,,7581051.0,52.13
PA,2012,1,AB,1023.0,,,7688531.0,51.9
PA,2012,2,AB,1024.0,,,7688531.0,52.22
PA,2012,3,AB,1028.0,,,7688531.0,52.22
PA,2012,4,AB,1022.0,,,7688531.0,51.85
PA,2012,5,AB,1020.0,,,7688531.0,51.88
PA,2012,6,AB,1022.0,,,7688531.0,51.95
PA,2012,7,AB,1030.0,,,7688531.0,52.45
PA,2012,8,AB,1031.0,,,7688531.0,52.41
PA,2012,9,AB,1035.0,,,7688531.0,52.42
PA,2012,10,AB,1033.0,,,7688531.0,52.4
PA,2012,11,AB,1036.0,,,7688531.0,52.6
PA,2012,12,AB,1041.0,,,7688531.0,52.81
PA,2013,1,AB,1039.0,,,7822205.0,51.92
PA,2013,2,AB,1047.0,,,7822205.0,52.21
PA,2013,3,AB,1041.0,,,7822205.0,51.9
PA,2013,4,AB,1036.0,,,7822205.0,52.09
PA,2013,5,AB,1050.0,,,7822205.0,52.25
PA,2013,6,AB,1060.0,,,7822205.0,53.18
PA,2013,7,AB,1070.0,,,7822205.0,53.5
PA,2013,8,AB,1070.0,,,7822205.0,53.59
PA,2013,9,AB,1077.0,,,7822205.0,53.38
PA,2013,10,AB,1089.0,,,7822205.0,54.33
PA,2013,11,AB,1095.0,,,7822205.0,54.96
PA,2013,12,AB,1095.0,,,7822205.0,55.43
PA,2014,1,AB,1095.0,,,7999729.0,54.73
PA,2014,2,AB,1110.0,,,7999729.0,55.07
PA,2014,3,AB,1108.0,,,7999729.0,55.64
PA,2014,4,AB,1109.0,,,7999729.0,56.6
PA,2014,5,AB,1135.0,,,7999729.0,57.35
PA,2014,6,AB,1172.0,,,7999729.0,58.78
PA,2014,7,AB,1187.0,,,7999729.0,59.21
PA,2014,8,AB,1193.0,,,7999729.0,59.52
PA,2014,9,AB,1204.0,,,7999729.0,59.59
PA,2014,10,AB,1207.0,,,7999729.0,60.13
PA,2014,11,AB,1222.0,,,7999729.0,60.11
PA,2014,12,AB,1221.0,,,7999729.0,59.92
PA,2015,1,AB,1213.0,,,8104880.0,57.67
PA,2015,2,AB,1234.0,,,8104880.0,58.49
PA,2015,3,AB,1240.0,,,8104880.0,59.88
PA,2015,4,AB,1280.0,,,8104880.0,60.65
PA,2015,5,AB,1289.0,,,8104880.0,61.02
PA,2015,6,AB,1296.0,,,8104880.0,61.42
PA,2015,7,AB,1312.0,,,8104880.0,61.93
PA,2015,8,AB,1327.0,,,8104880.0,62.57
PA,2015,9,AB,1328.0,,,8104880.0,62.63
PA,2015,10,AB,1328.0,,,8104880.0,62.4
PA,2015,11,AB,1337.0,,,8104880.0,62.46
PA,2015,12,AB,1345.0,,,8104880.0,62.83
PA,2016,1,AB,1349.0,,,8206923.0,62.33
PA,2016,2,AB,1341.0,,,8206923.0,62.34
PA,2016,3,AB,1345.0,,,8206923.0,62.44
PA,2016,4,AB,1345.0,,,8206923.0,62.31
PA,2016,5,AB,1346.0,,,8206923.0,62.68
PA,2016,6,AB,1356.0,,,8206923.0,62.78
PA,2016,7,AB,1355.0,,,8206923.0,62.72
PA,2016,8,AB,1386.0,,,8206923.0,63.62
PA,2016,9,AB,1397.0,,,8206923.0,64.14
PA,2016,10,AB,1398.0,,,8206923.0,64.23
PA,2016,11,AB,1399.0,,,8206923.0,64.32
PA,2016,12,AB,1394.0,,,8206923.0,63.96
PA,2017,1,AB,1371.0,,,8305359.0,63.15
PA,2017,2,AB,1370.0,,,8305359.0,63.37
PA,2017,3,AB,1373.0,,,8305359.0,62.9
PA,2017,4,AB,1338.0,,,8305359.0,62.81
PA,2017,5,AB,1399.0,,,8305359.0,64.15
PA,2017,6,AB,1399.0,,,8305359.0,63.99
PA,2017,7,AB,1397.0,,,8305359.0,63.92
PA,2017,8,AB,1436.0,,,8305359.0,65.19
PA,2017,9,AB,1439.0,,,8305359.0,65.06
PA,2017,10,AB,1469.0,,,8305359.0,65.29
PA,2017,11,AB,1493.0,,,8305359.0,65.98
PA,2017,12,AB,1502.0,,,8305359.0,66.1
PA,2018,1,AB,1521.0,,,8366628.0,66.26
PA,2018,2,AB,1537.0,,,8366628.0,67.09
PA,2018,3,AB,1519.0,,,8366628.0,66.29
PA,2018,4,AB,1518.0,,,8366628.0,66.36
PA,2018,5,AB,1560.0,,,8366628.0,67.39
PA,2018,6,AB,1534.0,,,8366628.0,65.92
PA,2018,7,AB,1560.0,,,8366628.0,66.4
PA,2018,8,AB,1555.0,,,8366628.0,66.59
PA,2018,9,AB,1558.0,,,8366628.0,66.53
PA,2018,10,AB,1562.0,,,8366628.0,66.84
PA,2018,11,AB,1538.0,,,8366628.0,66.29
PA,2018,12,AB,1530.0,,,8366628.0,65.58
PA,2019,1,AB,1512.0,,,8513497.0,64.22
PA,2019,2,AB,1485.0,,,8513497.0,62.73
PA,2019,3,AB,1534.0,,,8513497.0,64.78
PA,2019,4,AB,1549.0,,,8513497.0,65.03
PA,2019,5,AB,1556.0,,,8513497.0,65.05
PA,2019,6,AB,1560.0,,,8513497.0,65.22
PA,2019,7,AB,1564.0,,,8513497.0,65.15
PA,2019,8,AB,1570.0,,,8513497.0,65.01
PA,2019,9,AB,1589.0,,,8513497.0,65.86
PA,2019,10,AB,1595.0,,,8513497.0,66.3
PA,2019,11,AB,1593.0,,,8513497.0,66.08
PA,2019,12,AB,1584.0,,,8513497.0,65.72
PA,2020,1,AB,1608.0,,,8602865.0,66.04
PA,2020,2,AB,1598.0,,,8602865.0,65.93
PA,2020,3,AB,1595.0,,,8602865.0,65.95
PA,2020,4,AB,1589.0,,,8602865.0,65.74
PA,2020,5,AB,1538.0,,,8602865.0,64.23
PA,2020,6,AB,1551.0,,,8602865.0,64.95
PA,2020,7,AB,1566.0,,,8602865.0,65.75
PA,2020,8,AB,1406.0,,,8602865.0,61.01
PA,2020,9,AB,1552.0,,,8602865.0,65.07
PA,2020,10,AB,1541.0,,,8602865.0,64.78
PA,2020,11,AB,1538.0,,,8602865.0,64.55
PA,2020,12,AB,1539.0,,,8602865.0,64.49
PA,2021,1,APS,1750.0,62.0,1812.0,8690745.0,81.81
PA,2021,2,APS,1743.0,95.0,1838.0,8690745.0,80.7
PA,2021,3,APS,1765.0,101.0,1866.0,8690745.0,81.43
PA,2021,4,APS,1778.0,114.0,1892.0,8690745.0,81.37
PA,2021,5,APS,1790.0,117.0,1907.0,8690745.0,81.6
PA,2021,6,APS,1796.0,127.0,1923.0,8690745.0,81.88
PA,2021,7,APS,1807.0,130.0,1937.0,8690745.0,82.08
PA,2021,8,APS,1827.0,133.0,1960.0,8690745.0,82.62
PA,2021,9,APS,1860.0,133.0,1993.0,8690745.0,83.42
PA,2021,10,APS,1864.0,134.0,1998.0,8690745.0,83.84
PA,2021,11,APS,1868.0,146.0,2014.0,8690745.0,84.47
PA,2021,12,APS,1877.0,147.0,2024.0,8690745.0,84.63
PA,2022,1,APS,1808.0,149.0,1957.0,8777124.0,78.44
PA,2022,2,APS,1809.0,150.0,1959.0,8777124.0,78.5
PA,2022,3,APS,1823.0,150.0,1973.0,8777124.0,79.06
PA,2022,4,APS,1822.0,150.0,1972.0,8777124.0,79.14
PA,2022,5,APS,1831.0,152.0,1983.0,8777124.0,79.53
PA,2022,6,APS,1834.0,155.0,1989.0,8777124.0,79.75
PA,2022,7,APS,1841.0,159.0,2000.0,8777124.0,80.15
PA,2022,8,APS,1856.0,160.0,2016.0,8777124.0,80.79
PA,2022,9,APS,1870.0,160.0,2030.0,8777124.0,81.36
PA,2022,10,APS,1868.0,160.0,2028.0,8777124.0,81.27
PA,2022,11,APS,1865.0,159.0,2024.0,8777124.0,81.07
PA,2022,12,APS,1861.0,165.0,2026.0,8770830.0,81.22
PA,2023,1,APS,1887.0,161.0,2048.0,8121025.0,88.82
PA,2023,2,APS,1890.0,161.0,2051.0,8121025.0,89.01
PA,2023,3,APS,1899.0,154.0,2053.0,8121025.0,89.18
PA,2023,4,APS,1874.0,155.0,2029.0,8121025.0,89.12
PA,2023,5,APS,1906.0,155.0,2061.0,8121025.0,89.68
PA,2023,6,APS,1923.0,167.0,2090.0,8121025.0,90.76
PA,2023,7,APS,1947.0,169.0,2116.0,8121025.0,91.9
PA,2023,8,APS,2030.0,111.0,2141.0,8121025.0,93.85
PA,2023,9,APS,2023.0,143.0,2166.0,8121025.0,95.25
PA,2023,10,APS,2030.0,147.0,2177.0,8121025.0,95.76
PA,2023,11,APS,2033.0,145.0,2178.0,8121025.0,95.86
PA,2023,12,APS,2153.0,126.0,2279.0,8121025.0,100.47
PA,2024,1,APS,2135.0,123.0,2258.0,8120131.0,99.61
PA,2024,2,APS,2143.0,124.0,2267.0,8120131.0,100.01
PA,2024,3,APS,2144.0,124.0,2268.0,8120131.0,100.2
PA,2024,4,APS,2196.0,123.0,2319.0,8120131.0,102.42
PA,2024,5,APS,2196.0,123.0,2319.0,8120131.0,102.46
PA,2024,6,APS,2190.0,110.0,2300.0,8120131.0,102.45
PA,2024,7,APS,2205.0,109.0,2314.0,8120131.0,103.08
PA,2024,8,APS,2218.0,111.0,2329.0,8120131.0,104.2
PA,2024,9,APS,2206.0,109.0,2315.0,8120131.0,103.64
PA,2024,10,APS,2181.0,107.0,2288.0,8120131.0,102.53
PA,2024,11,APS,2192.0,101.0,2293.0,8120131.0,102.82
PA,2024,12,APS,2181.0,99.0,2280.0,8120131.0,102.31
PA,2025,1,APS,2250.0,95.0,2345.0,8664306.0,98.56
PA,2025,2,APS,2246.0,97.0,2343.0,8664306.0,98.53
PA,2025,3,APS,2240.0,97.0,2337.0,8664306.0,98.29
PA,2025,4,APS,2242.0,94.0,2336.0,8664306.0,98.36
PA,2025,5,APS,2245.0,94.0,2339.0,8664306.0,98.53
PA,2025,6,APS,2272.0,93.0,2365.0,8664306.0,99.61
PA,2025,7,APS,2269.0,94.0,2363.0,8664306.0,99.5
PA,2025,8,APS,2273.0,91.0,2364.0,8664306.0,99.64
PA,2025,9,APS,2318.0,92.0,2410.0,8664306.0,101.53
PA,2025,10,APS,2325.0,91.0,2416.0,8664306.0,101.8
PA,2025,11,APS,2327.0,90.0,2417.0,8664306.0,101.88
PA,2025,12,APS,2326.0,88.0,2414.0,8664306.0,101.8
PA,2026,1,APS,2331.0,82.0,2413.0,8711196.0,101.16
PA,2026,2,APS,2332.0,81.0,2413.0,8711196.0,99.06
PA,2026,3,APS,2329.0,85.0,2414.0,8711196.0,95.71
PA,2026,4,APS,2331.0,82.0,2413.0,8711196.0,101.0
PA,2026,5,APS,2329.0,83.0,2412.0,8711196.0,95.65
PA,2026,6,APS,2334.0,83.0,2417.0,8711196.0,95.85
AP,2007,7,AB,112.0,,,615715.0,57.38
AP,2007,8,AB,119.0,,,615715.0,77.3
AP,2007,9,AB,117.0,,,615715.0,76.9
AP,2007,10,AB,119.0,,,615715.0,77.97
AP,2007,11,AB,118.0,,,615715.0,77.08
AP,2007,12,AB,118.0,,,615715.0,77.08
AP,2008,1,AB,118.0,,,587311.0,79.97
AP,2008,2,AB,118.0,,,587311.0,79.97
AP,2008,3,AB,118.0,,,587311.0,79.97
AP,2008,4,AB,121.0,,,587311.0,80.93
AP,2008,5,AB,121.0,,,587311.0,81.13
AP,2008,6,AB,121.0,,,587311.0,80.88
AP,2008,7,AB,129.0,,,587311.0,84.99
AP,2008,8,AB,135.0,,,587311.0,87.48
AP,2008,9,AB,135.0,,,587311.0,87.48
AP,2008,10,AB,135.0,,,587311.0,87.48
AP,2008,11,AB,135.0,,,587311.0,87.48
AP,2008,12,AB,135.0,,,587311.0,87.14
AP,2009,1,AB,130.0,,,613164.0,87.13
AP,2009,2,AB,136.0,,,613164.0,86.79
AP,2009,3,AB,137.0,,,613164.0,86.35
AP,2009,4,AB,143.0,,,613164.0,91.13
AP,2009,5,AB,144.0,,,613164.0,90.81
AP,2009,6,AB,146.0,,,613164.0,91.79
AP,2009,7,AB,146.0,,,613164.0,90.65
AP,2009,8,AB,146.0,,,613164.0,91.42
AP,2009,9,AB,147.0,,,613164.0,91.98
AP,2009,10,AB,145.0,,,613164.0,92.55
AP,2009,11,AB,145.0,,,613164.0,92.63
AP,2009,12,AB,147.0,,,613164.0,92.93
AP,2010,1,AB,151.0,,,626609.0,89.53
AP,2010,2,AB,149.0,,,626609.0,89.34
AP,2010,3,AB,149.0,,,626609.0,90.18
AP,2010,4,AB,150.0,,,626609.0,89.2
AP,2010,5,AB,150.0,,,626609.0,89.99
AP,2010,6,AB,150.0,,,626609.0,89.81
AP,2010,7,AB,151.0,,,626609.0,90.3
AP,2010,8,AB,151.0,,,626609.0,90.3
AP,2010,9,AB,146.0,,,626609.0,90.3
AP,2010,10,AB,146.0,,,626609.0,90.3
AP,2010,11,AB,145.0,,,626609.0,90.04
AP,2010,12,AB,146.0,,,626609.0,90.04
AP,2011,1,AB,146.0,,,669526.0,86.04
AP,2011,2,AB,146.0,,,669526.0,86.19
AP,2011,3,AB,146.0,,,669526.0,86.49
AP,2011,4,AB,146.0,,,669526.0,87.12
AP,2011,5,AB,145.0,,,669526.0,85.16
AP,2011,6,AB,146.0,,,669526.0,87.84
AP,2011,7,AB,137.0,,,669526.0,84.98
AP,2011,8,AB,139.0,,,669526.0,86.13
AP,2011,9,AB,144.0,,,669526.0,89.07
AP,2011,10,AB,143.0,,,669526.0,88.3
AP,2011,11,AB,143.0,,,669526.0,86.91
AP,2011,12,AB,144.0,,,669526.0,86.98
AP,2012,1,AB,142.0,,,684301.0,84.93
AP,2012,2,AB,126.0,,,684301.0,81.06
AP,2012,3,AB,131.0,,,684301.0,82.82
AP,2012,4,AB,131.0,,,684301.0,83.84
AP,2012,5,AB,132.0,,,684301.0,83.98
AP,2012,6,AB,131.0,,,684301.0,83.99
AP,2012,7,AB,138.0,,,684301.0,85.42
AP,2012,8,AB,138.0,,,684301.0,85.49
AP,2012,9,AB,137.0,,,684301.0,85.2
AP,2012,10,AB,136.0,,,684301.0,84.99
AP,2012,11,AB,129.0,,,684301.0,83.97
AP,2012,12,AB,130.0,,,684301.0,84.03
AP,2013,1,AB,134.0,,,698602.0,83.84
AP,2013,2,AB,129.0,,,698602.0,80.53
AP,2013,3,AB,135.0,,,698602.0,82.32
AP,2013,4,AB,132.0,,,698602.0,77.27
AP,2013,5,AB,133.0,,,698602.0,77.41
AP,2013,6,AB,130.0,,,698602.0,76.71
AP,2013,7,AB,130.0,,,698602.0,76.49
AP,2013,8,AB,126.0,,,698602.0,75.93
AP,2013,9,AB,126.0,,,698602.0,75.93
AP,2013,10,AB,124.0,,,698602.0,76.79
AP,2013,11,AB,127.0,,,698602.0,77.8
AP,2013,12,AB,146.0,,,698602.0,87.36
AP,2014,1,AB,147.0,,,734996.0,85.2
AP,2014,2,AB,145.0,,,734996.0,83.94
AP,2014,3,AB,142.0,,,734996.0,83.08
AP,2014,4,AB,140.0,,,734996.0,83.93
AP,2014,5,AB,137.0,,,734996.0,84.96
AP,2014,6,AB,158.0,,,734996.0,92.89
AP,2014,7,AB,168.0,,,734996.0,96.86
AP,2014,8,AB,169.0,,,734996.0,98.84
AP,2014,9,AB,171.0,,,734996.0,98.84
AP,2014,10,AB,171.0,,,734996.0,98.84
AP,2014,11,AB,173.0,,,734996.0,98.78
AP,2014,12,AB,171.0,,,734996.0,98.78
AP,2015,1,AB,165.0,,,750912.0,96.08
AP,2015,2,AB,166.0,,,750912.0,96.08
AP,2015,3,AB,165.0,,,750912.0,95.21
AP,2015,4,AB,165.0,,,750912.0,95.21
AP,2015,5,AB,169.0,,,750912.0,96.39
AP,2015,6,AB,170.0,,,750912.0,89.86
AP,2015,7,AB,169.0,,,750912.0,89.99
AP,2015,8,AB,173.0,,,750912.0,93.0
AP,2015,9,AB,174.0,,,750912.0,93.16
AP,2015,10,AB,174.0,,,750912.0,92.15
AP,2015,11,AB,174.0,,,750912.0,89.61
AP,2015,12,AB,174.0,,,750912.0,89.61
AP,2016,1,AB,175.0,,,766679.0,91.99
AP,2016,2,AB,177.0,,,766679.0,92.38
AP,2016,3,AB,176.0,,,766679.0,91.54
AP,2016,4,AB,177.0,,,766679.0,92.25
AP,2016,5,AB,175.0,,,766679.0,91.8
AP,2016,6,AB,173.0,,,766679.0,90.63
AP,2016,7,AB,172.0,,,766679.0,90.7
AP,2016,8,AB,171.0,,,766679.0,91.82
AP,2016,9,AB,176.0,,,766679.0,94.45
AP,2016,10,AB,173.0,,,766679.0,92.77
AP,2016,11,AB,174.0,,,766679.0,93.03
AP,2016,12,AB,163.0,,,766679.0,90.41
AP,2017,1,AB,166.0,,,782295.0,90.23
AP,2017,2,AB,162.0,,,782295.0,89.29
AP,2017,3,AB,163.0,,,782295.0,89.04
AP,2017,4,AB,162.0,,,782295.0,88.49
AP,2017,5,AB,155.0,,,782295.0,84.68
AP,2017,6,AB,141.0,,,782295.0,77.83
AP,2017,7,AB,135.0,,,782295.0,73.48
AP,2017,8,AB,137.0,,,782295.0,72.03
AP,2017,9,AB,136.0,,,782295.0,71.41
AP,2017,10,AB,138.0,,,782295.0,70.33
AP,2017,11,AB,133.0,,,782295.0,68.07
AP,2017,12,AB,125.0,,,782295.0,62.24
AP,2018,1,AB,158.0,,,797722.0,81.98
AP,2018,2,AB,162.0,,,797722.0,88.78
AP,2018,3,AB,161.0,,,797722.0,88.44
AP,2018,4,AB,160.0,,,797722.0,90.1
AP,2018,5,AB,174.0,,,797722.0,88.43
AP,2018,6,AB,175.0,,,797722.0,86.78
AP,2018,7,AB,177.0,,,797722.0,87.77
AP,2018,8,AB,176.0,,,797722.0,89.21
AP,2018,9,AB,178.0,,,797722.0,90.4
AP,2018,10,AB,179.0,,,797722.0,91.27
AP,2018,11,AB,177.0,,,797722.0,90.4
AP,2018,12,AB,172.0,,,797722.0,88.93
AP,2019,1,AB,172.0,,,829494.0,86.21
AP,2019,2,AB,168.0,,,829494.0,83.99
AP,2019,3,AB,169.0,,,829494.0,83.99
AP,2019,4,AB,165.0,,,829494.0,81.95
AP,2019,5,AB,167.0,,,829494.0,81.22
AP,2019,6,AB,158.0,,,829494.0,77.19
AP,2019,7,AB,157.0,,,829494.0,76.87
AP,2019,8,AB,154.0,,,829494.0,74.93
AP,2019,9,AB,158.0,,,829494.0,77.36
AP,2019,10,AB,137.0,,,829494.0,61.46
AP,2019,11,AB,151.0,,,829494.0,68.61
AP,2019,12,AB,153.0,,,829494.0,70.82
AP,2020,1,AB,180.0,,,845731.0,82.28
AP,2020,2,AB,177.0,,,845731.0,83.25
AP,2020,3,AB,175.0,,,845731.0,86.46
AP,2020,4,AB,178.0,,,845731.0,86.53
AP,2020,5,AB,118.0,,,845731.0,74.57
AP,2020,6,AB,156.0,,,845731.0,81.08
AP,2020,7,AB,155.0,,,845731.0,81.78
AP,2020,8,AB,147.0,,,845731.0,79.75
AP,2020,9,AB,166.0,,,845731.0,85.19
AP,2020,10,AB,163.0,,,845731.0,84.67
AP,2020,11,AB,163.0,,,845731.0,84.38
AP,2020,12,AB,166.0,,,845731.0,84.86
AP,2021,1,APS,193.0,1.0,194.0,861773.0,78.33
AP,2021,2,APS,176.0,1.0,177.0,861773.0,70.63
AP,2021,3,APS,176.0,1.0,177.0,861773.0,70.76
AP,2021,4,APS,183.0,1.0,184.0,861773.0,73.61
AP,2021,5,APS,173.0,1.0,174.0,861773.0,70.77
AP,2021,6,APS,182.0,1.0,183.0,861773.0,74.84
AP,2021,7,APS,187.0,2.0,189.0,861773.0,76.67
AP,2021,8,APS,189.0,2.0,191.0,861773.0,77.5
AP,2021,9,APS,191.0,3.0,194.0,861773.0,78.21
AP,2021,10,APS,191.0,3.0,194.0,861773.0,78.22
AP,2021,11,APS,190.0,6.0,196.0,861773.0,79.14
AP,2021,12,APS,182.0,8.0,190.0,861773.0,76.51
AP,2022,1,APS,190.0,10.0,200.0,877613.0,79.12
AP,2022,2,APS,191.0,10.0,201.0,877613.0,79.51
AP,2022,3,APS,194.0,10.0,204.0,877613.0,80.71
AP,2022,4,APS,192.0,8.0,200.0,877613.0,79.52
AP,2022,5,APS,193.0,8.0,201.0,877613.0,79.93
AP,2022,6,APS,193.0,8.0,201.0,877613.0,79.93
AP,2022,7,APS,193.0,8.0,201.0,877613.0,79.93
AP,2022,8,APS,193.0,8.0,201.0,877613.0,79.94
AP,2022,9,APS,193.0,8.0,201.0,877613.0,79.95
AP,2022,10,APS,189.0,8.0,197.0,877613.0,78.36
AP,2022,11,APS,191.0,8.0,199.0,877613.0,79.16
AP,2022,12,APS,191.0,8.0,199.0,877613.0,79.17
AP,2023,1,APS,195.0,8.0,203.0,733759.0,96.61
AP,2023,2,APS,196.0,8.0,204.0,733759.0,97.09
AP,2023,3,APS,196.0,9.0,205.0,733759.0,97.45
AP,2023,4,APS,195.0,12.0,207.0,733759.0,98.08
AP,2023,5,APS,197.0,25.0,222.0,733759.0,103.69
AP,2023,6,APS,197.0,25.0,222.0,733759.0,103.69
AP,2023,7,APS,197.0,25.0,222.0,733759.0,103.69
AP,2023,8,APS,196.0,25.0,221.0,733759.0,103.28
AP,2023,9,APS,196.0,27.0,223.0,733759.0,103.98
AP,2023,10,APS,196.0,27.0,223.0,733759.0,103.98
AP,2023,11,APS,196.0,27.0,223.0,733759.0,103.99
AP,2023,12,APS,198.0,27.0,225.0,733759.0,104.94
AP,2024,1,APS,199.0,28.0,227.0,733759.0,105.8
AP,2024,2,APS,199.0,28.0,227.0,733759.0,105.8
AP,2024,3,APS,204.0,28.0,232.0,733759.0,108.21
AP,2024,4,APS,242.0,26.0,268.0,733759.0,125.63
AP,2024,5,APS,242.0,29.0,271.0,733759.0,126.71
AP,2024,6,APS,243.0,28.0,271.0,733759.0,126.84
AP,2024,7,APS,243.0,29.0,272.0,733759.0,127.21
AP,2024,8,APS,244.0,29.0,273.0,733759.0,127.69
AP,2024,9,APS,243.0,29.0,272.0,733759.0,127.22
AP,2024,10,APS,243.0,29.0,272.0,733759.0,127.21
AP,2024,11,APS,244.0,12.0,256.0,733759.0,121.62
AP,2024,12,APS,256.0,12.0,268.0,733759.0,127.34
AP,2025,1,APS,260.0,11.0,271.0,802837.0,117.81
AP,2025,2,APS,261.0,11.0,272.0,802837.0,118.24
AP,2025,3,APS,263.0,12.0,275.0,802837.0,119.45
AP,2025,4,APS,264.0,11.0,275.0,802837.0,119.56
AP,2025,5,APS,270.0,11.0,281.0,802837.0,122.15
AP,2025,6,APS,270.0,12.0,282.0,802837.0,122.48
AP,2025,7,APS,271.0,12.0,283.0,802837.0,122.92
AP,2025,8,APS,271.0,12.0,283.0,802837.0,122.92
AP,2025,9,APS,271.0,12.0,283.0,802837.0,122.91
AP,2025,10,APS,269.0,12.0,281.0,802837.0,122.03
AP,2025,11,APS,272.0,12.0,284.0,802837.0,123.32
AP,2025,12,APS,272.0,12.0,284.0,802837.0,123.32
AP,2026,1,APS,271.0,12.0,283.0,806517.0,122.23
AP,2026,2,APS,269.0,12.0,281.0,806517.0,120.97
AP,2026,3,APS,273.0,11.0,284.0,806517.0,121.94
AP,2026,4,APS,274.0,11.0,285.0,806517.0,123.17
AP,2026,5,APS,273.0,11.0,284.0,806517.0,121.94
AP,2026,6,APS,272.0,11.0,283.0,806517.0,121.51
TO,2007,7,AB,333.0,,,1332441.0,73.82
TO,2007,8,AB,345.0,,,1332441.0,78.07
TO,2007,9,AB,351.0,,,1332441.0,78.53
TO,2007,10,AB,351.0,,,1332441.0,78.81
TO,2007,11,AB,353.0,,,1332441.0,80.27
TO,2007,12,AB,346.0,,,1332441.0,79.61
TO,2008,1,AB,354.0,,,1243627.0,85.73
TO,2008,2,AB,354.0,,,1243627.0,84.89
TO,2008,3,AB,363.0,,,1243627.0,86.01
TO,2008,4,AB,361.0,,,1243627.0,86.12
TO,2008,5,AB,362.0,,,1243627.0,85.46
TO,2008,6,AB,355.0,,,1243627.0,84.89
TO,2008,7,AB,359.0,,,1243627.0,85.1
TO,2008,8,AB,353.0,,,1243627.0,85.18
TO,2008,9,AB,355.0,,,1243627.0,85.5
TO,2008,10,AB,354.0,,,1243627.0,86.19
TO,2008,11,AB,357.0,,,1243627.0,86.94
TO,2008,12,AB,354.0,,,1243627.0,86.4
TO,2009,1,AB,355.0,,,1280509.0,85.78
TO,2009,2,AB,373.0,,,1280509.0,89.62
TO,2009,3,AB,376.0,,,1280509.0,89.39
TO,2009,4,AB,383.0,,,1280509.0,91.48
TO,2009,5,AB,379.0,,,1280509.0,90.39
TO,2009,6,AB,381.0,,,1280509.0,91.07
TO,2009,7,AB,377.0,,,1280509.0,90.93
TO,2009,8,AB,385.0,,,1280509.0,92.06
TO,2009,9,AB,388.0,,,1280509.0,92.38
TO,2009,10,AB,386.0,,,1280509.0,92.18
TO,2009,11,AB,386.0,,,1280509.0,92.38
TO,2009,12,AB,389.0,,,1280509.0,92.84
TO,2010,1,AB,387.0,,,1292051.0,92.2
TO,2010,2,AB,388.0,,,1292051.0,92.48
TO,2010,3,AB,389.0,,,1292051.0,92.12
TO,2010,4,AB,390.0,,,1292051.0,91.97
TO,2010,5,AB,386.0,,,1292051.0,90.85
TO,2010,6,AB,387.0,,,1292051.0,90.45
TO,2010,7,AB,394.0,,,1292051.0,92.75
TO,2010,8,AB,394.0,,,1292051.0,92.93
TO,2010,9,AB,398.0,,,1292051.0,93.27
TO,2010,10,AB,405.0,,,1292051.0,93.47
TO,2010,11,AB,402.0,,,1292051.0,93.39
TO,2010,12,AB,408.0,,,1292051.0,93.84
TO,2011,1,AB,409.0,,,1383445.0,90.07
TO,2011,2,AB,412.0,,,1383445.0,90.94
TO,2011,3,AB,411.0,,,1383445.0,90.46
TO,2011,4,AB,411.0,,,1383445.0,90.47
TO,2011,5,AB,406.0,,,1383445.0,89.69
TO,2011,6,AB,407.0,,,1383445.0,89.57
TO,2011,7,AB,409.0,,,1383445.0,90.16
TO,2011,8,AB,411.0,,,1383445.0,89.98
TO,2011,9,AB,419.0,,,1383445.0,91.25
TO,2011,10,AB,418.0,,,1383445.0,90.98
TO,2011,11,AB,417.0,,,1383445.0,90.66
TO,2011,12,AB,411.0,,,1383445.0,90.29
TO,2012,1,AB,410.0,,,1400813.0,88.95
TO,2012,2,AB,410.0,,,1400813.0,90.08
TO,2012,3,AB,409.0,,,1400813.0,89.04
TO,2012,4,AB,404.0,,,1400813.0,87.65
TO,2012,5,AB,399.0,,,1400813.0,87.55
TO,2012,6,AB,404.0,,,1400813.0,87.81
TO,2012,7,AB,400.0,,,1400813.0,86.47
TO,2012,8,AB,412.0,,,1400813.0,89.53
TO,2012,9,AB,418.0,,,1400813.0,90.78
TO,2012,10,AB,421.0,,,1400813.0,91.07
TO,2012,11,AB,414.0,,,1400813.0,90.5
TO,2012,12,AB,417.0,,,1400813.0,91.34
TO,2013,1,AB,416.0,,,1417694.0,89.96
TO,2013,2,AB,415.0,,,1417694.0,89.18
TO,2013,3,AB,414.0,,,1417694.0,89.52
TO,2013,4,AB,420.0,,,1417694.0,89.6
TO,2013,5,AB,415.0,,,1417694.0,89.04
TO,2013,6,AB,413.0,,,1417694.0,89.2
TO,2013,7,AB,420.0,,,1417694.0,91.59
TO,2013,8,AB,419.0,,,1417694.0,90.78
TO,2013,9,AB,421.0,,,1417694.0,90.43
TO,2013,10,AB,426.0,,,1417694.0,91.64
TO,2013,11,AB,423.0,,,1417694.0,92.87
TO,2013,12,AB,434.0,,,1417694.0,93.29
TO,2014,1,AB,442.0,,,1478164.0,91.88
TO,2014,2,AB,449.0,,,1478164.0,92.89
TO,2014,3,AB,451.0,,,1478164.0,92.2
TO,2014,4,AB,455.0,,,1478164.0,93.28
TO,2014,5,AB,465.0,,,1478164.0,94.08
TO,2014,6,AB,465.0,,,1478164.0,93.91
TO,2014,7,AB,475.0,,,1478164.0,94.66
TO,2014,8,AB,478.0,,,1478164.0,95.51
TO,2014,9,AB,473.0,,,1478164.0,95.33
TO,2014,10,AB,478.0,,,1478164.0,95.29
TO,2014,11,AB,477.0,,,1478164.0,95.58
TO,2014,12,AB,478.0,,,1478164.0,96.0
TO,2015,1,AB,471.0,,,1496880.0,94.71
TO,2015,2,AB,473.0,,,1496880.0,93.72
TO,2015,3,AB,478.0,,,1496880.0,94.06
TO,2015,4,AB,475.0,,,1496880.0,93.22
TO,2015,5,AB,472.0,,,1496880.0,92.45
TO,2015,6,AB,475.0,,,1496880.0,93.63
TO,2015,7,AB,480.0,,,1496880.0,94.31
TO,2015,8,AB,486.0,,,1496880.0,94.89
TO,2015,9,AB,483.0,,,1496880.0,94.65
TO,2015,10,AB,484.0,,,1496880.0,94.52
TO,2015,11,AB,485.0,,,1496880.0,94.95
TO,2015,12,AB,487.0,,,1496880.0,95.23
TO,2016,1,AB,488.0,,,1515126.0,94.75
TO,2016,2,AB,481.0,,,1515126.0,94.7
TO,2016,3,AB,479.0,,,1515126.0,93.47
TO,2016,4,AB,481.0,,,1515126.0,93.68
TO,2016,5,AB,476.0,,,1515126.0,93.08
TO,2016,6,AB,475.0,,,1515126.0,94.73
TO,2016,7,AB,493.0,,,1515126.0,96.15
TO,2016,8,AB,502.0,,,1515126.0,96.59
TO,2016,9,AB,505.0,,,1515126.0,97.0
TO,2016,10,AB,501.0,,,1515126.0,96.63
TO,2016,11,AB,499.0,,,1515126.0,96.29
TO,2016,12,AB,498.0,,,1515126.0,96.29
TO,2017,1,AB,491.0,,,1532902.0,94.0
TO,2017,2,AB,490.0,,,1532902.0,94.98
TO,2017,3,AB,495.0,,,1532902.0,96.07
TO,2017,4,AB,500.0,,,1532902.0,96.26
TO,2017,5,AB,501.0,,,1532902.0,96.43
TO,2017,6,AB,504.0,,,1532902.0,96.69
TO,2017,7,AB,499.0,,,1532902.0,96.32
TO,2017,8,AB,499.0,,,1532902.0,95.5
TO,2017,9,AB,502.0,,,1532902.0,95.4
TO,2017,10,AB,503.0,,,1532902.0,95.28
TO,2017,11,AB,505.0,,,1532902.0,95.56
TO,2017,12,AB,507.0,,,1532902.0,95.65
TO,2018,1,AB,508.0,,,1550194.0,95.18
TO,2018,2,AB,506.0,,,1550194.0,95.73
TO,2018,3,AB,508.0,,,1550194.0,96.4
TO,2018,4,AB,512.0,,,1550194.0,96.19
TO,2018,5,AB,509.0,,,1550194.0,95.33
TO,2018,6,AB,511.0,,,1550194.0,95.77
TO,2018,7,AB,513.0,,,1550194.0,95.93
TO,2018,8,AB,516.0,,,1550194.0,96.33
TO,2018,9,AB,521.0,,,1550194.0,96.96
TO,2018,10,AB,520.0,,,1550194.0,96.93
TO,2018,11,AB,509.0,,,1550194.0,94.96
TO,2018,12,AB,504.0,,,1550194.0,94.62
TO,2019,1,AB,509.0,,,1555229.0,95.34
TO,2019,2,AB,499.0,,,1555229.0,93.93
TO,2019,3,AB,469.0,,,1555229.0,93.4
TO,2019,4,AB,483.0,,,1555229.0,93.47
TO,2019,5,AB,471.0,,,1555229.0,92.17
TO,2019,6,AB,472.0,,,1555229.0,91.92
TO,2019,7,AB,491.0,,,1555229.0,93.78
TO,2019,8,AB,499.0,,,1555229.0,94.21
TO,2019,9,AB,507.0,,,1555229.0,94.43
TO,2019,10,AB,509.0,,,1555229.0,94.65
TO,2019,11,AB,502.0,,,1555229.0,94.05
TO,2019,12,AB,512.0,,,1555229.0,94.28
TO,2020,1,AB,519.0,,,1572866.0,94.11
TO,2020,2,AB,516.0,,,1572866.0,94.15
TO,2020,3,AB,507.0,,,1572866.0,92.28
TO,2020,4,AB,514.0,,,1572866.0,93.57
TO,2020,5,AB,495.0,,,1572866.0,93.26
TO,2020,6,AB,506.0,,,1572866.0,93.48
TO,2020,7,AB,508.0,,,1572866.0,94.09
TO,2020,8,AB,475.0,,,1572866.0,92.23
TO,2020,9,AB,505.0,,,1572866.0,94.69
TO,2020,10,AB,513.0,,,1572866.0,95.13
TO,2020,11,AB,517.0,,,1572866.0,95.27
TO,2020,12,AB,511.0,,,1572866.0,94.62
TO,2021,1,APS,544.0,4.0,548.0,1590248.0,128.69
TO,2021,2,APS,553.0,4.0,557.0,1590248.0,125.11
TO,2021,3,APS,550.0,4.0,554.0,1590248.0,124.66
TO,2021,4,APS,553.0,5.0,558.0,1590248.0,124.62
TO,2021,5,APS,554.0,5.0,559.0,1590248.0,124.18
TO,2021,6,APS,555.0,5.0,560.0,1590248.0,124.4
TO,2021,7,APS,556.0,5.0,561.0,1590248.0,124.63
TO,2021,8,APS,562.0,5.0,567.0,1590248.0,125.73
TO,2021,9,APS,564.0,8.0,572.0,1590248.0,126.66
TO,2021,10,APS,569.0,8.0,577.0,1590248.0,127.32
TO,2021,11,APS,572.0,10.0,582.0,1590248.0,128.2
TO,2021,12,APS,575.0,10.0,585.0,1590248.0,129.09
TO,2022,1,APS,577.0,10.0,587.0,1607363.0,127.12
TO,2022,2,APS,579.0,10.0,589.0,1607363.0,127.56
TO,2022,3,APS,579.0,7.0,586.0,1607363.0,127.07
TO,2022,4,APS,580.0,7.0,587.0,1607363.0,127.29
TO,2022,5,APS,580.0,7.0,587.0,1607363.0,127.29
TO,2022,6,APS,579.0,7.0,586.0,1607363.0,127.07
TO,2022,7,APS,578.0,7.0,585.0,1607363.0,126.85
TO,2022,8,APS,578.0,7.0,585.0,1607363.0,126.85
TO,2022,9,APS,579.0,7.0,586.0,1607363.0,127.07
TO,2022,10,APS,581.0,7.0,588.0,1607363.0,127.45
TO,2022,11,APS,582.0,7.0,589.0,1607363.0,127.67
TO,2022,12,APS,586.0,7.0,593.0,1607363.0,128.54
TO,2023,1,APS,589.0,7.0,596.0,1511460.0,137.44
TO,2023,2,APS,588.0,7.0,595.0,1511460.0,137.21
TO,2023,3,APS,586.0,7.0,593.0,1511460.0,136.75
TO,2023,4,APS,588.0,7.0,595.0,1511460.0,137.22
TO,2023,5,APS,590.0,9.0,599.0,1511460.0,138.1
TO,2023,6,APS,593.0,7.0,600.0,1511460.0,138.56
TO,2023,7,APS,594.0,11.0,605.0,1511460.0,139.37
TO,2023,8,APS,592.0,11.0,603.0,1511460.0,138.91
TO,2023,9,APS,605.0,12.0,617.0,1511460.0,142.09
TO,2023,10,APS,605.0,12.0,617.0,1511460.0,142.11
TO,2023,11,APS,606.0,12.0,618.0,1511460.0,142.35
TO,2023,12,APS,606.0,14.0,620.0,1511460.0,142.58
TO,2024,1,APS,614.0,16.0,630.0,1511460.0,144.67
TO,2024,2,APS,614.0,16.0,630.0,1511460.0,144.68
TO,2024,3,APS,614.0,16.0,630.0,1511460.0,144.68
TO,2024,4,APS,616.0,17.0,633.0,1511460.0,145.32
TO,2024,5,APS,618.0,17.0,635.0,1511460.0,145.8
TO,2024,6,APS,618.0,17.0,635.0,1511460.0,145.82
TO,2024,7,APS,619.0,17.0,636.0,1511460.0,146.04
TO,2024,8,APS,625.0,17.0,642.0,1511460.0,147.44
TO,2024,9,APS,624.0,17.0,641.0,1511460.0,147.21
TO,2024,10,APS,621.0,16.0,637.0,1511460.0,146.4
TO,2024,11,APS,619.0,16.0,635.0,1511460.0,146.06
TO,2024,12,APS,621.0,16.0,637.0,1511460.0,146.52
TO,2025,1,APS,623.0,16.0,639.0,1577342.0,140.85
TO,2025,2,APS,625.0,17.0,642.0,1577342.0,141.47
TO,2025,3,APS,629.0,17.0,646.0,1577342.0,142.36
TO,2025,4,APS,625.0,17.0,642.0,1577342.0,141.42
TO,2025,5,APS,627.0,17.0,644.0,1577342.0,141.87
TO,2025,6,APS,627.0,17.0,644.0,1577342.0,141.87
TO,2025,7,APS,629.0,17.0,646.0,1577342.0,142.33
TO,2025,8,APS,627.0,17.0,644.0,1577342.0,141.87
TO,2025,9,APS,625.0,17.0,642.0,1577342.0,141.49
TO,2025,10,APS,628.0,17.0,645.0,1577342.0,142.15
TO,2025,11,APS,622.0,17.0,639.0,1577342.0,140.82
TO,2025,12,APS,623.0,17.0,640.0,1577342.0,141.05
TO,2026,1,APS,624.0,17.0,641.0,1586859.0,140.25
TO,2026,2,APS,625.0,17.0,642.0,1586859.0,140.44
TO,2026,3,APS,625.0,17.0,642.0,1586859.0,140.44
TO,2026,4,APS,624.0,17.0,641.0,1584143.0,140.62
TO,2026,5,APS,623.0,17.0,640.0,1584143.0,140.18
TO,2026,6,APS,624.0,17.0,641.0,1586859.0,140.16
MA,2007,7,AB,1170.0,,,6184538.0,57.51
MA,2007,8,AB,1351.0,,,6184538.0,70.58
MA,2007,9,AB,1588.0,,,6184538.0,77.22
MA,2007,10,AB,1650.0,,,6184538.0,79.16
MA,2007,11,AB,1663.0,,,6184538.0,79.48
MA,2007,12,AB,1676.0,,,6184538.0,79.62
MA,2008,1,AB,1682.0,,,6118995.0,80.79
MA,2008,2,AB,1687.0,,,6118995.0,81.17
MA,2008,3,AB,1691.0,,,6118995.0,81.28
MA,2008,4,AB,1702.0,,,6118995.0,81.48
MA,2008,5,AB,1714.0,,,6118995.0,81.55
MA,2008,6,AB,1718.0,,,6118995.0,81.66
MA,2008,7,AB,1719.0,,,6118995.0,81.6
MA,2008,8,AB,1725.0,,,6118995.0,81.81
MA,2008,9,AB,1733.0,,,6118995.0,81.83
MA,2008,10,AB,1735.0,,,6118995.0,81.95
MA,2008,11,AB,1732.0,,,6118995.0,81.7
MA,2008,12,AB,1740.0,,,6118995.0,81.91
MA,2009,1,AB,1755.0,,,6305539.0,81.67
MA,2009,2,AB,1769.0,,,6305539.0,81.94
MA,2009,3,AB,1762.0,,,6305539.0,81.73
MA,2009,4,AB,1774.0,,,6305539.0,81.87
MA,2009,5,AB,1771.0,,,6305539.0,81.89
MA,2009,6,AB,1769.0,,,6305539.0,82.04
MA,2009,7,AB,1752.0,,,6305539.0,81.79
MA,2009,8,AB,1777.0,,,6305539.0,82.66
MA,2009,9,AB,1788.0,,,6305539.0,82.75
MA,2009,10,AB,1793.0,,,6305539.0,82.74
MA,2009,11,AB,1776.0,,,6305539.0,81.83
MA,2009,12,AB,1799.0,,,6305539.0,82.38
MA,2010,1,AB,1801.0,,,6367138.0,81.9
MA,2010,2,AB,1813.0,,,6367138.0,82.5
MA,2010,3,AB,1833.0,,,6367138.0,83.24
MA,2010,4,AB,1836.0,,,6367138.0,83.39
MA,2010,5,AB,1838.0,,,6367138.0,83.54
MA,2010,6,AB,1837.0,,,6367138.0,83.53
MA,2010,7,AB,1845.0,,,6367138.0,83.8
MA,2010,8,AB,1841.0,,,6367138.0,83.78
MA,2010,9,AB,1844.0,,,6367138.0,83.65
MA,2010,10,AB,1852.0,,,6367138.0,83.76
MA,2010,11,AB,1846.0,,,6367138.0,83.67
MA,2010,12,AB,1851.0,,,6367138.0,83.78
MA,2011,1,AB,1854.0,,,6574789.0,82.68
MA,2011,2,AB,1854.0,,,6574789.0,82.4
MA,2011,3,AB,1857.0,,,6574789.0,82.35
MA,2011,4,AB,1846.0,,,6574789.0,81.7
MA,2011,5,AB,1830.0,,,6574789.0,81.05
MA,2011,6,AB,1827.0,,,6574789.0,80.96
MA,2011,7,AB,1819.0,,,6574789.0,81.01
MA,2011,8,AB,1819.0,,,6574789.0,80.88
MA,2011,9,AB,1826.0,,,6574789.0,80.96
MA,2011,10,AB,1820.0,,,6574789.0,80.78
MA,2011,11,AB,1817.0,,,6574789.0,80.85
MA,2011,12,AB,1820.0,,,6574789.0,80.98
MA,2012,1,AB,1799.0,,,6645665.0,80.23
MA,2012,2,AB,1800.0,,,6645665.0,79.94
MA,2012,3,AB,1806.0,,,6645665.0,79.76
MA,2012,4,AB,1804.0,,,6645665.0,79.76
MA,2012,5,AB,1796.0,,,6645665.0,79.61
MA,2012,6,AB,1789.0,,,6645665.0,79.26
MA,2012,7,AB,1791.0,,,6645665.0,79.46
MA,2012,8,AB,1788.0,,,6645665.0,79.51
MA,2012,9,AB,1793.0,,,6645665.0,79.57
MA,2012,10,AB,1784.0,,,6645665.0,79.54
MA,2012,11,AB,1762.0,,,6645665.0,78.91
MA,2012,12,AB,1753.0,,,6645665.0,78.95
MA,2013,1,AB,1761.0,,,6714314.0,78.69
MA,2013,2,AB,1766.0,,,6714314.0,78.76
MA,2013,3,AB,1793.0,,,6714314.0,80.06
MA,2013,4,AB,1796.0,,,6714314.0,80.43
MA,2013,5,AB,1817.0,,,6714314.0,81.37
MA,2013,6,AB,1822.0,,,6714314.0,81.66
MA,2013,7,AB,1825.0,,,6714314.0,81.64
MA,2013,8,AB,1839.0,,,6714314.0,82.18
MA,2013,9,AB,1831.0,,,6714314.0,81.89
MA,2013,10,AB,1857.0,,,6714314.0,83.14
MA,2013,11,AB,1873.0,,,6714314.0,84.14
MA,2013,12,AB,1899.0,,,6714314.0,85.06
MA,2014,1,AB,1913.0,,,6794301.0,84.77
MA,2014,2,AB,1915.0,,,6794301.0,85.0
MA,2014,3,AB,1910.0,,,6794301.0,85.78
MA,2014,4,AB,1919.0,,,6794301.0,86.19
MA,2014,5,AB,1933.0,,,6794301.0,86.37
MA,2014,6,AB,1940.0,,,6794301.0,86.15
MA,2014,7,AB,1960.0,,,6794301.0,86.17
MA,2014,8,AB,1972.0,,,6794301.0,86.49
MA,2014,9,AB,1986.0,,,6794301.0,86.46
MA,2014,10,AB,1995.0,,,6794301.0,86.77
MA,2014,11,AB,2011.0,,,6794301.0,86.81
MA,2014,12,AB,2010.0,,,6794301.0,86.79
MA,2015,1,AB,2008.0,,,6850884.0,86.27
MA,2015,2,AB,2017.0,,,6850884.0,86.88
MA,2015,3,AB,2015.0,,,6850884.0,87.06
MA,2015,4,AB,2023.0,,,6850884.0,86.61
MA,2015,5,AB,2017.0,,,6850884.0,86.16
MA,2015,6,AB,2022.0,,,6850884.0,86.34
MA,2015,7,AB,2041.0,,,6850884.0,86.39
MA,2015,8,AB,2044.0,,,6850884.0,86.43
MA,2015,9,AB,2039.0,,,6850884.0,86.63
MA,2015,10,AB,2045.0,,,6850884.0,86.61
MA,2015,11,AB,2042.0,,,6850884.0,85.78
MA,2015,12,AB,2040.0,,,6850884.0,85.79
MA,2016,1,AB,2042.0,,,6904241.0,85.81
MA,2016,2,AB,2037.0,,,6904241.0,85.51
MA,2016,3,AB,2029.0,,,6904241.0,84.95
MA,2016,4,AB,2020.0,,,6904241.0,85.13
MA,2016,5,AB,2002.0,,,6904241.0,85.25
MA,2016,6,AB,2022.0,,,6904241.0,85.29
MA,2016,7,AB,2026.0,,,6904241.0,85.49
MA,2016,8,AB,2046.0,,,6904241.0,85.88
MA,2016,9,AB,2056.0,,,6904241.0,86.17
MA,2016,10,AB,2043.0,,,6904241.0,85.96
MA,2016,11,AB,2027.0,,,6904241.0,85.69
MA,2016,12,AB,2018.0,,,6904241.0,85.46
MA,2017,1,AB,1980.0,,,6954036.0,84.64
MA,2017,2,AB,2024.0,,,6954036.0,85.2
MA,2017,3,AB,2043.0,,,6954036.0,85.8
MA,2017,4,AB,2055.0,,,6954036.0,86.03
MA,2017,5,AB,2052.0,,,6954036.0,85.82
MA,2017,6,AB,2048.0,,,6954036.0,85.72
MA,2017,7,AB,2062.0,,,6954036.0,85.83
MA,2017,8,AB,2064.0,,,6954036.0,85.85
MA,2017,9,AB,2066.0,,,6954036.0,85.9
MA,2017,10,AB,2101.0,,,6954036.0,86.39
MA,2017,11,AB,2096.0,,,6954036.0,86.53
MA,2017,12,AB,2106.0,,,6954036.0,86.82
MA,2018,1,AB,2131.0,,,7000229.0,86.75
MA,2018,2,AB,2125.0,,,7000229.0,86.37
MA,2018,3,AB,2125.0,,,7000229.0,86.75
MA,2018,4,AB,2115.0,,,7000229.0,86.5
MA,2018,5,AB,2121.0,,,7000229.0,86.36
MA,2018,6,AB,2121.0,,,7000229.0,86.4
MA,2018,7,AB,2135.0,,,7000229.0,86.68
MA,2018,8,AB,2139.0,,,7000229.0,86.5
MA,2018,9,AB,2154.0,,,7000229.0,86.97
MA,2018,10,AB,2155.0,,,7000229.0,87.04
MA,2018,11,AB,2154.0,,,7000229.0,86.98
MA,2018,12,AB,2138.0,,,7000229.0,86.57
MA,2019,1,AB,2103.0,,,7035055.0,85.56
MA,2019,2,AB,2085.0,,,7035055.0,84.97
MA,2019,3,AB,2102.0,,,7035055.0,85.15
MA,2019,4,AB,2117.0,,,7035055.0,85.65
MA,2019,5,AB,2131.0,,,7035055.0,85.8
MA,2019,6,AB,2130.0,,,7035055.0,86.18
MA,2019,7,AB,2152.0,,,7035055.0,86.53
MA,2019,8,AB,2148.0,,,7035055.0,86.48
MA,2019,9,AB,2159.0,,,7035055.0,86.72
MA,2019,10,AB,2176.0,,,7035055.0,87.05
MA,2019,11,AB,2186.0,,,7035055.0,87.18
MA,2019,12,AB,2196.0,,,7035055.0,87.37
MA,2020,1,AB,2210.0,,,7075181.0,87.1
MA,2020,2,AB,2218.0,,,7075181.0,87.45
MA,2020,3,AB,2210.0,,,7075181.0,87.47
MA,2020,4,AB,2212.0,,,7075181.0,87.48
MA,2020,5,AB,2123.0,,,7075181.0,85.9
MA,2020,6,AB,2133.0,,,7075181.0,85.67
MA,2020,7,AB,2151.0,,,7075181.0,86.64
MA,2020,8,AB,1963.0,,,7075181.0,83.16
MA,2020,9,AB,2158.0,,,7075181.0,86.76
MA,2020,10,AB,2166.0,,,7075181.0,87.37
MA,2020,11,AB,2178.0,,,7075181.0,87.56
MA,2020,12,AB,2171.0,,,7075181.0,87.75
MA,2021,1,APS,2289.0,13.0,2302.0,7114598.0,117.36
MA,2021,2,APS,2302.0,7.0,2309.0,7114598.0,116.63
MA,2021,3,APS,2318.0,8.0,2326.0,7114598.0,116.97
MA,2021,4,APS,2332.0,10.0,2342.0,7114598.0,117.0
MA,2021,5,APS,2342.0,8.0,2350.0,7114598.0,117.1
MA,2021,6,APS,2351.0,7.0,2358.0,7114598.0,117.51
MA,2021,7,APS,2389.0,7.0,2396.0,7114598.0,119.13
MA,2021,8,APS,2406.0,9.0,2415.0,7114598.0,120.22
MA,2021,9,APS,2417.0,14.0,2431.0,7114598.0,121.22
MA,2021,10,APS,2434.0,14.0,2448.0,7114598.0,122.0
MA,2021,11,APS,2450.0,15.0,2465.0,7114598.0,122.43
MA,2021,12,APS,2463.0,18.0,2481.0,7114598.0,123.06
MA,2022,1,APS,2462.0,18.0,2480.0,7153262.0,121.07
MA,2022,2,APS,2457.0,18.0,2475.0,7153262.0,120.83
MA,2022,3,APS,2464.0,18.0,2482.0,7153262.0,121.17
MA,2022,4,APS,2463.0,17.0,2480.0,7153262.0,121.12
MA,2022,5,APS,2464.0,17.0,2481.0,7153262.0,121.17
MA,2022,6,APS,2466.0,17.0,2483.0,7153262.0,121.27
MA,2022,7,APS,2467.0,17.0,2484.0,7153262.0,121.32
MA,2022,8,APS,2476.0,17.0,2493.0,7153262.0,121.76
MA,2022,9,APS,2491.0,18.0,2509.0,7153262.0,122.55
MA,2022,10,APS,2496.0,18.0,2514.0,7153262.0,122.8
MA,2022,11,APS,2502.0,18.0,2520.0,7153262.0,123.09
MA,2022,12,APS,2507.0,18.0,2525.0,7153262.0,123.33
MA,2023,1,APS,2526.0,18.0,2544.0,6775805.0,131.24
MA,2023,2,APS,2527.0,18.0,2545.0,6775805.0,131.29
MA,2023,3,APS,2526.0,18.0,2544.0,6775805.0,131.24
MA,2023,4,APS,2529.0,19.0,2548.0,6775805.0,131.44
MA,2023,5,APS,2536.0,21.0,2557.0,6775805.0,131.84
MA,2023,6,APS,2545.0,27.0,2572.0,6775805.0,132.51
MA,2023,7,APS,2555.0,35.0,2590.0,6775805.0,133.34
MA,2023,8,APS,2558.0,35.0,2593.0,6775805.0,133.5
MA,2023,9,APS,2572.0,37.0,2609.0,6775805.0,134.31
MA,2023,10,APS,2579.0,38.0,2617.0,6775805.0,134.73
MA,2023,11,APS,2583.0,39.0,2622.0,6775805.0,134.97
MA,2023,12,APS,2584.0,39.0,2623.0,6775805.0,135.02
MA,2024,1,APS,2605.0,40.0,2645.0,6776699.0,136.14
MA,2024,2,APS,2624.0,40.0,2664.0,6776699.0,137.11
MA,2024,3,APS,2627.0,40.0,2667.0,6776699.0,137.29
MA,2024,4,APS,2633.0,40.0,2673.0,6776699.0,137.61
MA,2024,5,APS,2638.0,40.0,2678.0,6776699.0,137.88
MA,2024,6,APS,2646.0,40.0,2686.0,6776699.0,138.37
MA,2024,7,APS,2663.0,40.0,2703.0,6776699.0,139.26
MA,2024,8,APS,2674.0,40.0,2714.0,6776699.0,139.84
MA,2024,9,APS,2675.0,40.0,2715.0,6776699.0,139.9
MA,2024,10,APS,2678.0,40.0,2718.0,6776699.0,140.06
MA,2024,11,APS,2686.0,40.0,2726.0,6776699.0,140.47
MA,2024,12,APS,2666.0,40.0,2706.0,6776699.0,139.45
MA,2025,1,APS,2660.0,39.0,2699.0,7010960.0,134.47
MA,2025,2,APS,2684.0,39.0,2723.0,7010960.0,135.68
MA,2025,3,APS,2690.0,39.0,2729.0,7010960.0,136.0
MA,2025,4,APS,2698.0,39.0,2737.0,7010960.0,136.41
MA,2025,5,APS,2700.0,39.0,2739.0,7010960.0,136.52
MA,2025,6,APS,2703.0,38.0,2741.0,7010960.0,136.63
MA,2025,7,APS,2704.0,38.0,2742.0,7010960.0,136.69
MA,2025,8,APS,2706.0,38.0,2744.0,7010960.0,136.79
MA,2025,9,APS,2707.0,36.0,2743.0,7010960.0,136.81
MA,2025,10,APS,2707.0,38.0,2745.0,7010960.0,136.84
MA,2025,11,APS,2708.0,38.0,2746.0,7010960.0,136.9
MA,2025,12,APS,2707.0,39.0,2746.0,7010960.0,136.89
MA,2026,1,APS,2709.0,40.0,2749.0,7018211.0,136.66
MA,2026,2,APS,2710.0,40.0,2750.0,7018211.0,136.66
MA,2026,3,APS,2711.0,40.0,2751.0,7018211.0,136.56
MA,2026,4,APS,2708.0,40.0,2748.0,7018211.0,136.89
MA,2026,5,APS,2705.0,40.0,2745.0,7018211.0,136.27
MA,2026,6,APS,2708.0,40.0,2748.0,7018211.0,136.42
MT,2007,7,AB,422.0,,,2856999.0,47.38
MT,2007,8,AB,442.0,,,2856999.0,63.91
MT,2007,9,AB,493.0,,,2856999.0,65.83
MT,2007,10,AB,505.0,,,2856999.0,64.71
MT,2007,11,AB,498.0,,,2856999.0,61.92
MT,2007,12,AB,512.0,,,2856999.0,63.05
MT,2008,1,AB,512.0,,,2854642.0,64.4
MT,2008,2,AB,512.0,,,2854642.0,64.61
MT,2008,3,AB,520.0,,,2854642.0,65.88
MT,2008,4,AB,521.0,,,2854642.0,66.2
MT,2008,5,AB,522.0,,,2854642.0,65.96
MT,2008,6,AB,523.0,,,2854642.0,66.89
MT,2008,7,AB,529.0,,,2854642.0,66.96
MT,2008,8,AB,535.0,,,2854642.0,67.47
MT,2008,9,AB,531.0,,,2854642.0,67.41
MT,2008,10,AB,532.0,,,2854642.0,67.66
MT,2008,11,AB,532.0,,,2854642.0,67.63
MT,2008,12,AB,530.0,,,2854642.0,67.58
MT,2009,1,AB,531.0,,,2957732.0,65.77
MT,2009,2,AB,535.0,,,2957732.0,66.16
MT,2009,3,AB,517.0,,,2957732.0,65.17
MT,2009,4,AB,564.0,,,2957732.0,69.51
MT,2009,5,AB,570.0,,,2957732.0,70.81
MT,2009,6,AB,565.0,,,2957732.0,70.24
MT,2009,7,AB,561.0,,,2957732.0,69.96
MT,2009,8,AB,564.0,,,2957732.0,70.5
MT,2009,9,AB,564.0,,,2957732.0,70.49
MT,2009,10,AB,564.0,,,2957732.0,70.7
MT,2009,11,AB,557.0,,,2957732.0,70.27
MT,2009,12,AB,563.0,,,2957732.0,70.39
MT,2010,1,AB,576.0,,,3001692.0,70.4
MT,2010,2,AB,578.0,,,3001692.0,70.33
MT,2010,3,AB,578.0,,,3001692.0,70.27
MT,2010,4,AB,578.0,,,3001692.0,69.97
MT,2010,5,AB,579.0,,,3001692.0,70.29
MT,2010,6,AB,585.0,,,3001692.0,70.98
MT,2010,7,AB,583.0,,,3001692.0,70.78
MT,2010,8,AB,583.0,,,3001692.0,70.07
MT,2010,9,AB,585.0,,,3001692.0,70.7
MT,2010,10,AB,587.0,,,3001692.0,70.48
MT,2010,11,AB,588.0,,,3001692.0,70.86
MT,2010,12,AB,588.0,,,3001692.0,70.5
MT,2011,1,AB,589.0,,,3035122.0,69.88
MT,2011,2,AB,592.0,,,3035122.0,69.89
MT,2011,3,AB,592.0,,,3035122.0,70.45
MT,2011,4,AB,587.0,,,3035122.0,69.47
MT,2011,5,AB,584.0,,,3035122.0,69.0
MT,2011,6,AB,587.0,,,3035122.0,69.36
MT,2011,7,AB,588.0,,,3035122.0,69.42
MT,2011,8,AB,593.0,,,3035122.0,69.43
MT,2011,9,AB,594.0,,,3035122.0,69.98
MT,2011,10,AB,589.0,,,3035122.0,69.68
MT,2011,11,AB,596.0,,,3035122.0,70.32
MT,2011,12,AB,594.0,,,3035122.0,69.98
MT,2012,1,AB,593.0,,,3075862.0,69.99
MT,2012,2,AB,593.0,,,3075862.0,69.8
MT,2012,3,AB,591.0,,,3075862.0,69.7
MT,2012,4,AB,590.0,,,3075862.0,69.41
MT,2012,5,AB,590.0,,,3075862.0,69.17
MT,2012,6,AB,593.0,,,3075862.0,68.89
MT,2012,7,AB,597.0,,,3075862.0,68.97
MT,2012,8,AB,592.0,,,3075862.0,69.05
MT,2012,9,AB,599.0,,,3075862.0,69.82
MT,2012,10,AB,600.0,,,3075862.0,69.88
MT,2012,11,AB,595.0,,,3075862.0,69.54
MT,2012,12,AB,597.0,,,3075862.0,69.74
MT,2013,1,AB,596.0,,,3115336.0,68.97
MT,2013,2,AB,604.0,,,3115336.0,69.68
MT,2013,3,AB,593.0,,,3115336.0,68.5
MT,2013,4,AB,593.0,,,3115336.0,68.84
MT,2013,5,AB,586.0,,,3115336.0,68.33
MT,2013,6,AB,583.0,,,3115336.0,68.53
MT,2013,7,AB,589.0,,,3115336.0,68.07
MT,2013,8,AB,595.0,,,3115336.0,69.22
MT,2013,9,AB,599.0,,,3115336.0,69.53
MT,2013,10,AB,596.0,,,3115336.0,69.33
MT,2013,11,AB,609.0,,,3115336.0,70.51
MT,2013,12,AB,611.0,,,3115336.0,70.58
MT,2014,1,AB,607.0,,,3182113.0,69.39
MT,2014,2,AB,602.0,,,3182113.0,68.78
MT,2014,3,AB,600.0,,,3182113.0,68.86
MT,2014,4,AB,603.0,,,3182113.0,69.54
MT,2014,5,AB,619.0,,,3182113.0,70.36
MT,2014,6,AB,623.0,,,3182113.0,70.52
MT,2014,7,AB,624.0,,,3182113.0,70.6
MT,2014,8,AB,632.0,,,3182113.0,71.45
MT,2014,9,AB,638.0,,,3182113.0,71.47
MT,2014,10,AB,635.0,,,3182113.0,71.43
MT,2014,11,AB,634.0,,,3182113.0,71.81
MT,2014,12,AB,633.0,,,3182113.0,71.53
MT,2015,1,AB,634.0,,,3224357.0,70.83
MT,2015,2,AB,636.0,,,3224357.0,71.46
MT,2015,3,AB,648.0,,,3224357.0,72.16
MT,2015,4,AB,644.0,,,3224357.0,71.5
MT,2015,5,AB,639.0,,,3224357.0,71.85
MT,2015,6,AB,642.0,,,3224357.0,71.83
MT,2015,7,AB,646.0,,,3224357.0,72.02
MT,2015,8,AB,645.0,,,3224357.0,71.52
MT,2015,9,AB,647.0,,,3224357.0,71.56
MT,2015,10,AB,649.0,,,3224357.0,72.11
MT,2015,11,AB,664.0,,,3224357.0,72.54
MT,2015,12,AB,668.0,,,3224357.0,72.47
MT,2016,1,AB,666.0,,,3265486.0,71.58
MT,2016,2,AB,659.0,,,3265486.0,71.65
MT,2016,3,AB,660.0,,,3265486.0,72.8
MT,2016,4,AB,661.0,,,3265486.0,72.7
MT,2016,5,AB,667.0,,,3265486.0,72.74
MT,2016,6,AB,672.0,,,3265486.0,73.8
MT,2016,7,AB,678.0,,,3265486.0,74.3
MT,2016,8,AB,684.0,,,3265486.0,73.01
MT,2016,9,AB,688.0,,,3265486.0,72.87
MT,2016,10,AB,686.0,,,3265486.0,72.98
MT,2016,11,AB,685.0,,,3265486.0,74.13
MT,2016,12,AB,688.0,,,3265486.0,74.53
MT,2017,1,AB,681.0,,,3305531.0,73.38
MT,2017,2,AB,676.0,,,3305531.0,73.08
MT,2017,3,AB,681.0,,,3305531.0,73.78
MT,2017,4,AB,683.0,,,3305531.0,74.06
MT,2017,5,AB,688.0,,,3305531.0,74.08
MT,2017,6,AB,691.0,,,3305531.0,74.25
MT,2017,7,AB,689.0,,,3305531.0,73.71
MT,2017,8,AB,690.0,,,3305531.0,73.34
MT,2017,9,AB,694.0,,,3305531.0,74.33
MT,2017,10,AB,701.0,,,3305531.0,74.63
MT,2017,11,AB,714.0,,,3305531.0,75.36
MT,2017,12,AB,726.0,,,3305531.0,76.39
MT,2018,1,AB,727.0,,,3344544.0,75.76
MT,2018,2,AB,724.0,,,3344544.0,75.44
MT,2018,3,AB,723.0,,,3344544.0,75.12
MT,2018,4,AB,719.0,,,3344544.0,74.84
MT,2018,5,AB,721.0,,,3344544.0,74.85
MT,2018,6,AB,719.0,,,3344544.0,74.91
MT,2018,7,AB,729.0,,,3344544.0,76.39
MT,2018,8,AB,730.0,,,3344544.0,76.09
MT,2018,9,AB,726.0,,,3344544.0,75.96
MT,2018,10,AB,734.0,,,3344544.0,76.23
MT,2018,11,AB,733.0,,,3344544.0,76.29
MT,2018,12,AB,727.0,,,3344544.0,75.97
MT,2019,1,AB,725.0,,,3441998.0,74.51
MT,2019,2,AB,733.0,,,3441998.0,74.15
MT,2019,3,AB,729.0,,,3441998.0,74.5
MT,2019,4,AB,731.0,,,3441998.0,74.54
MT,2019,5,AB,728.0,,,3441998.0,74.21
MT,2019,6,AB,733.0,,,3441998.0,74.6
MT,2019,7,AB,740.0,,,3441998.0,74.94
MT,2019,8,AB,739.0,,,3441998.0,74.64
MT,2019,9,AB,742.0,,,3441998.0,74.76
MT,2019,10,AB,740.0,,,3441998.0,74.24
MT,2019,11,AB,750.0,,,3441998.0,75.01
MT,2019,12,AB,751.0,,,3441998.0,76.3
MT,2020,1,AB,752.0,,,3484466.0,76.83
MT,2020,2,AB,755.0,,,3484466.0,76.7
MT,2020,3,AB,755.0,,,3484466.0,77.06
MT,2020,4,AB,763.0,,,3484466.0,77.52
MT,2020,5,AB,738.0,,,3484466.0,76.36
MT,2020,6,AB,759.0,,,3484466.0,77.81
MT,2020,7,AB,772.0,,,3484466.0,79.88
MT,2020,8,AB,721.0,,,3484466.0,76.06
MT,2020,9,AB,769.0,,,3484466.0,80.14
MT,2020,10,AB,765.0,,,3484466.0,80.77
MT,2020,11,AB,759.0,,,3484466.0,79.78
MT,2020,12,AB,757.0,,,3484466.0,79.47
MT,2021,1,APS,823.0,6.0,829.0,3526220.0,87.32
MT,2021,2,APS,823.0,18.0,841.0,3526220.0,87.59
MT,2021,3,APS,819.0,21.0,840.0,3526220.0,87.54
MT,2021,4,APS,828.0,28.0,856.0,3526220.0,88.56
MT,2021,5,APS,833.0,29.0,862.0,3526220.0,89.21
MT,2021,6,APS,835.0,27.0,862.0,3526220.0,88.96
MT,2021,7,APS,847.0,27.0,874.0,3526220.0,89.65
MT,2021,8,APS,849.0,32.0,881.0,3526220.0,89.88
MT,2021,9,APS,853.0,32.0,885.0,3526220.0,90.03
MT,2021,10,APS,855.0,32.0,887.0,3526220.0,89.83
MT,2021,11,APS,852.0,31.0,883.0,3526220.0,89.66
MT,2021,12,APS,852.0,32.0,884.0,3517769.0,89.62
MT,2022,1,APS,858.0,35.0,893.0,3558814.0,86.52
MT,2022,2,APS,858.0,35.0,893.0,3558814.0,86.49
MT,2022,3,APS,863.0,35.0,898.0,3567234.0,86.81
MT,2022,4,APS,862.0,30.0,892.0,3567234.0,86.39
MT,2022,5,APS,861.0,30.0,891.0,3567234.0,86.34
MT,2022,6,APS,864.0,35.0,899.0,3567234.0,86.91
MT,2022,7,APS,865.0,35.0,900.0,3567234.0,87.03
MT,2022,8,APS,872.0,37.0,909.0,3567234.0,87.85
MT,2022,9,APS,877.0,38.0,915.0,3567234.0,88.49
MT,2022,10,APS,878.0,38.0,916.0,3567234.0,88.53
MT,2022,11,APS,901.0,27.0,928.0,3567234.0,90.18
MT,2022,12,APS,905.0,26.0,931.0,3567234.0,90.47
MT,2023,1,APS,929.0,27.0,956.0,3658649.0,90.61
MT,2023,2,APS,928.0,28.0,956.0,3658649.0,90.57
MT,2023,3,APS,928.0,27.0,955.0,3658649.0,90.5
MT,2023,4,APS,928.0,31.0,959.0,3658649.0,90.82
MT,2023,5,APS,928.0,31.0,959.0,3658649.0,90.79
MT,2023,6,APS,938.0,34.0,972.0,3658649.0,91.94
MT,2023,7,APS,941.0,35.0,976.0,3658649.0,92.38
MT,2023,8,APS,941.0,38.0,979.0,3658649.0,92.58
MT,2023,9,APS,949.0,36.0,985.0,3658649.0,93.23
MT,2023,10,APS,961.0,42.0,1003.0,3658649.0,94.65
MT,2023,11,APS,1006.0,41.0,1047.0,3658649.0,98.88
MT,2023,12,APS,1007.0,41.0,1048.0,3658649.0,98.99
MT,2024,1,APS,1011.0,42.0,1053.0,3658649.0,99.44
MT,2024,2,APS,1011.0,42.0,1053.0,3658649.0,99.43
MT,2024,3,APS,957.0,44.0,1001.0,3658649.0,94.46
MT,2024,4,APS,957.0,45.0,1002.0,3658649.0,94.56
MT,2024,5,APS,965.0,45.0,1010.0,3658649.0,95.33
MT,2024,6,APS,980.0,43.0,1023.0,3658649.0,96.63
MT,2024,7,APS,997.0,43.0,1040.0,3658649.0,98.31
MT,2024,8,APS,1002.0,44.0,1046.0,3658649.0,98.88
MT,2024,9,APS,1005.0,45.0,1050.0,3658649.0,99.21
MT,2024,10,APS,1000.0,43.0,1043.0,3658649.0,98.56
MT,2024,11,APS,1002.0,46.0,1048.0,3658649.0,98.92
MT,2024,12,APS,1004.0,45.0,1049.0,3658649.0,99.01
MT,2025,1,APS,1008.0,46.0,1054.0,3830627.0,95.01
MT,2025,2,APS,1009.0,46.0,1055.0,3830627.0,95.15
MT,2025,3,APS,1007.0,47.0,1054.0,3830627.0,95.06
MT,2025,4,APS,1009.0,47.0,1056.0,3830627.0,95.23
MT,2025,5,APS,1011.0,50.0,1061.0,3836399.0,95.48
MT,2025,6,APS,1014.0,49.0,1063.0,3836399.0,95.65
MT,2025,7,APS,1016.0,47.0,1063.0,3836399.0,95.78
MT,2025,8,APS,1016.0,47.0,1063.0,3836399.0,95.76
MT,2025,9,APS,1019.0,47.0,1066.0,3836399.0,96.08
MT,2025,10,APS,1018.0,48.0,1066.0,3836399.0,96.07
MT,2025,11,APS,1020.0,48.0,1068.0,3836399.0,96.24
MT,2025,12,APS,1024.0,47.0,1071.0,3836399.0,96.56
MT,2026,1,APS,1025.0,47.0,1072.0,3893659.0,95.02
MT,2026,2,APS,1022.0,48.0,1070.0,3893659.0,94.79
MT,2026,3,APS,1019.0,48.0,1067.0,3893659.0,94.6
MT,2026,4,APS,1024.0,49.0,1073.0,3893659.0,95.34
MT,2026,5,APS,1023.0,53.0,1076.0,3893659.0,95.19
MT,2026,6,APS,1027.0,53.0,1080.0,3893659.0,95.55
Norte,2007,7,AB,1867.0,,,15022060.0,40.73
Norte,2007,8,AB,1929.0,,,15022060.0,53.75
Norte,2007,9,AB,1991.0,,,15022060.0,55.12
Norte,2007,10,AB,2063.0,,,15022060.0,55.61
Norte,2007,11,AB,2103.0,,,15022060.0,55.97
Norte,2007,12,AB,2118.0,,,15022060.0,56.17
Norte,2008,1,AB,2127.0,,,14550976.0,57.93
Norte,2008,2,AB,2128.0,,,14550976.0,57.73
Norte,2008,3,AB,2156.0,,,14550976.0,58.03
Norte,2008,4,AB,2192.0,,,14550976.0,58.61
Norte,2008,5,AB,2241.0,,,14550976.0,60.07
Norte,2008,6,AB,2248.0,,,14550976.0,60.38
Norte,2008,7,AB,2268.0,,,14550976.0,60.84
Norte,2008,8,AB,2280.0,,,14550976.0,61.14
Norte,2008,9,AB,2282.0,,,14550976.0,61.22
Norte,2008,10,AB,2284.0,,,14550976.0,61.51
Norte,2008,11,AB,2296.0,,,14550976.0,61.61
Norte,2008,12,AB,2307.0,,,14550976.0,61.83
Norte,2009,1,AB,2303.0,,,15142684.0,60.19
Norte,2009,2,AB,2326.0,,,15142684.0,60.56
Norte,2009,3,AB,2335.0,,,15142684.0,60.59
Norte,2009,4,AB,2354.0,,,15142684.0,61.2
Norte,2009,5,AB,2361.0,,,15142684.0,61.37
Norte,2009,6,AB,2373.0,,,15142684.0,61.63
Norte,2009,7,AB,2377.0,,,15142684.0,61.53
Norte,2009,8,AB,2407.0,,,15142684.0,61.76
Norte,2009,9,AB,2419.0,,,15142684.0,61.25
Norte,2009,10,AB,2420.0,,,15142684.0,61.4
Norte,2009,11,AB,2428.0,,,15142684.0,61.42
Norte,2009,12,AB,2431.0,,,15142684.0,61.43
Norte,2010,1,AB,2430.0,,,15385707.0,60.85
Norte,2010,2,AB,2451.0,,,15385707.0,61.11
Norte,2010,3,AB,2472.0,,,15385707.0,61.44
Norte,2010,4,AB,2474.0,,,15385707.0,61.45
Norte,2010,5,AB,2471.0,,,15385707.0,61.47
Norte,2010,6,AB,2478.0,,,15385707.0,61.65
Norte,2010,7,AB,2503.0,,,15385707.0,61.95
Norte,2010,8,AB,2512.0,,,15385707.0,62.1
Norte,2010,9,AB,2531.0,,,15385707.0,62.4
Norte,2010,10,AB,2551.0,,,15385707.0,62.76
Norte,2010,11,AB,2547.0,,,15385707.0,62.59
Norte,2010,12,AB,2557.0,,,15385707.0,62.66
Norte,2011,1,AB,2572.0,,,15864454.0,61.84
Norte,2011,2,AB,2569.0,,,15864454.0,61.64
Norte,2011,3,AB,2567.0,,,15864454.0,61.67
Norte,2011,4,AB,2561.0,,,15864454.0,61.59
Norte,2011,5,AB,2564.0,,,15864454.0,61.75
Norte,2011,6,AB,2569.0,,,15864454.0,61.93
Norte,2011,7,AB,2589.0,,,15864454.0,62.05
Norte,2011,8,AB,2594.0,,,15864454.0,62.18
Norte,2011,9,AB,2602.0,,,15864454.0,62.31
Norte,2011,10,AB,2600.0,,,15864454.0,62.29
Norte,2011,11,AB,2600.0,,,15864454.0,61.96
Norte,2011,12,AB,2639.0,,,15864454.0,62.64
Norte,2012,1,AB,2640.0,,,16094959.0,61.98
Norte,2012,2,AB,2627.0,,,16094959.0,62.09
Norte,2012,3,AB,2639.0,,,16094959.0,62.04
Norte,2012,4,AB,2626.0,,,16094959.0,61.9
Norte,2012,5,AB,2616.0,,,16094959.0,61.79
Norte,2012,6,AB,2651.0,,,16094959.0,62.38
Norte,2012,7,AB,2669.0,,,16094959.0,62.71
Norte,2012,8,AB,2669.0,,,16094959.0,62.69
Norte,2012,9,AB,2673.0,,,16094959.0,62.68
Norte,2012,10,AB,2683.0,,,16094959.0,62.75
Norte,2012,11,AB,2681.0,,,16094959.0,62.75
Norte,2012,12,AB,2695.0,,,16094959.0,63.11
Norte,2013,1,AB,2695.0,,,16347807.0,62.43
Norte,2013,2,AB,2699.0,,,16347807.0,62.4
Norte,2013,3,AB,2711.0,,,16347807.0,62.59
Norte,2013,4,AB,2694.0,,,16347807.0,62.09
Norte,2013,5,AB,2711.0,,,16347807.0,61.94
Norte,2013,6,AB,2706.0,,,16347807.0,62.3
Norte,2013,7,AB,2719.0,,,16347807.0,62.79
Norte,2013,8,AB,2715.0,,,16347807.0,62.69
Norte,2013,9,AB,2722.0,,,16347807.0,62.77
Norte,2013,10,AB,2733.0,,,16347807.0,63.73
Norte,2013,11,AB,2748.0,,,16347807.0,64.3
Norte,2013,12,AB,2845.0,,,16347807.0,66.04
Norte,2014,1,AB,2880.0,,,17013559.0,64.61
Norte,2014,2,AB,2903.0,,,17013559.0,64.95
Norte,2014,3,AB,2901.0,,,17013559.0,65.09
Norte,2014,4,AB,2917.0,,,17013559.0,65.66
Norte,2014,5,AB,2983.0,,,17013559.0,66.94
Norte,2014,6,AB,3074.0,,,17013559.0,68.32
Norte,2014,7,AB,3159.0,,,17013559.0,69.37
Norte,2014,8,AB,3190.0,,,17013559.0,69.74
Norte,2014,9,AB,3209.0,,,17013559.0,69.94
Norte,2014,10,AB,3222.0,,,17013559.0,70.19
Norte,2014,11,AB,3245.0,,,17013559.0,70.35
Norte,2014,12,AB,3248.0,,,17013559.0,70.39
Norte,2015,1,AB,3216.0,,,17261983.0,68.47
Norte,2015,2,AB,3235.0,,,17261983.0,68.74
Norte,2015,3,AB,3243.0,,,17261983.0,69.2
Norte,2015,4,AB,3292.0,,,17261983.0,69.66
Norte,2015,5,AB,3318.0,,,17261983.0,70.05
Norte,2015,6,AB,3333.0,,,17261983.0,69.99
Norte,2015,7,AB,3355.0,,,17261983.0,70.54
Norte,2015,8,AB,3385.0,,,17261983.0,71.22
Norte,2015,9,AB,3394.0,,,17261983.0,71.23
Norte,2015,10,AB,3405.0,,,17261983.0,70.99
Norte,2015,11,AB,3403.0,,,17261983.0,70.96
Norte,2015,12,AB,3417.0,,,17261983.0,71.3
Norte,2016,1,AB,3426.0,,,17504446.0,70.8
Norte,2016,2,AB,3406.0,,,17504446.0,70.59
Norte,2016,3,AB,3403.0,,,17504446.0,70.45
Norte,2016,4,AB,3398.0,,,17504446.0,70.27
Norte,2016,5,AB,3389.0,,,17504446.0,70.49
Norte,2016,6,AB,3405.0,,,17504446.0,70.57
Norte,2016,7,AB,3409.0,,,17504446.0,70.51
Norte,2016,8,AB,3464.0,,,17504446.0,71.38
Norte,2016,9,AB,3484.0,,,17504446.0,71.46
Norte,2016,10,AB,3483.0,,,17504446.0,71.31
Norte,2016,11,AB,3470.0,,,17504446.0,71.25
Norte,2016,12,AB,3433.0,,,17504446.0,70.78
Norte,2017,1,AB,3402.0,,,17740418.0,69.6
Norte,2017,2,AB,3397.0,,,17740418.0,69.65
Norte,2017,3,AB,3422.0,,,17740418.0,69.41
Norte,2017,4,AB,3376.0,,,17740418.0,69.34
Norte,2017,5,AB,3446.0,,,17740418.0,70.42
Norte,2017,6,AB,3436.0,,,17740418.0,69.81
Norte,2017,7,AB,3419.0,,,17740418.0,69.59
Norte,2017,8,AB,3452.0,,,17740418.0,69.65
Norte,2017,9,AB,3459.0,,,17740418.0,69.45
Norte,2017,10,AB,3493.0,,,17740418.0,69.76
Norte,2017,11,AB,3515.0,,,17740418.0,70.05
Norte,2017,12,AB,3533.0,,,17740418.0,69.85
Norte,2018,1,AB,3613.0,,,17936201.0,70.87
Norte,2018,2,AB,3635.0,,,17936201.0,71.82
Norte,2018,3,AB,3601.0,,,17936201.0,71.31
Norte,2018,4,AB,3632.0,,,17936201.0,71.56
Norte,2018,5,AB,3687.0,,,17936201.0,72.11
Norte,2018,6,AB,3660.0,,,17936201.0,71.09
Norte,2018,7,AB,3704.0,,,17936201.0,71.43
Norte,2018,8,AB,3716.0,,,17936201.0,71.85
Norte,2018,9,AB,3730.0,,,17936201.0,72.25
Norte,2018,10,AB,3743.0,,,17936201.0,72.52
Norte,2018,11,AB,3673.0,,,17936201.0,71.74
Norte,2018,12,AB,3661.0,,,17936201.0,71.43
Norte,2019,1,AB,3582.0,,,18182253.0,69.78
Norte,2019,2,AB,3527.0,,,18182253.0,68.6
Norte,2019,3,AB,3587.0,,,18182253.0,69.84
Norte,2019,4,AB,3663.0,,,18182253.0,70.8
Norte,2019,5,AB,3668.0,,,18182253.0,70.62
Norte,2019,6,AB,3669.0,,,18182253.0,70.62
Norte,2019,7,AB,3693.0,,,18182253.0,70.74
Norte,2019,8,AB,3705.0,,,18182253.0,70.58
Norte,2019,9,AB,3742.0,,,18182253.0,71.11
Norte,2019,10,AB,3741.0,,,18182253.0,70.8
Norte,2019,11,AB,3765.0,,,18182253.0,71.41
Norte,2019,12,AB,3756.0,,,18182253.0,71.19
Norte,2020,1,AB,3854.0,,,18430980.0,71.73
Norte,2020,2,AB,3815.0,,,18430980.0,71.7
Norte,2020,3,AB,3781.0,,,18430980.0,71.37
Norte,2020,4,AB,3847.0,,,18430980.0,73.16
Norte,2020,5,AB,3683.0,,,18430980.0,72.14
Norte,2020,6,AB,3758.0,,,18430980.0,72.91
Norte,2020,7,AB,3783.0,,,18430980.0,73.41
Norte,2020,8,AB,3458.0,,,18430980.0,69.73
Norte,2020,9,AB,3807.0,,,18430980.0,73.84
Norte,2020,10,AB,3798.0,,,18430980.0,73.91
Norte,2020,11,AB,3788.0,,,18430980.0,73.71
Norte,2020,12,AB,3780.0,,,18430980.0,73.62
Norte,2021,1,APS,4190.0,214.0,4404.0,18672591.0,87.08
Norte,2021,2,APS,4176.0,249.0,4425.0,18672591.0,85.6
Norte,2021,3,APS,4223.0,258.0,4481.0,18672591.0,86.49
Norte,2021,4,APS,4259.0,277.0,4536.0,18672591.0,86.65
Norte,2021,5,APS,4268.0,282.0,4550.0,18672591.0,86.68
Norte,2021,6,APS,4283.0,290.0,4573.0,18672591.0,87.01
Norte,2021,7,APS,4305.0,301.0,4606.0,18672591.0,87.35
Norte,2021,8,APS,4349.0,304.0,4653.0,18672591.0,87.96
Norte,2021,9,APS,4401.0,309.0,4710.0,18672591.0,88.69
Norte,2021,10,APS,4410.0,311.0,4721.0,18666393.0,88.92
Norte,2021,11,APS,4427.0,320.0,4747.0,18672591.0,89.34
Norte,2021,12,APS,4431.0,325.0,4756.0,18672591.0,89.39
Norte,2022,1,APS,4240.0,326.0,4566.0,18906962.0,84.9
Norte,2022,2,APS,4244.0,333.0,4577.0,18906962.0,85.02
Norte,2022,3,APS,4256.0,334.0,4590.0,18906962.0,85.25
Norte,2022,4,APS,4267.0,334.0,4601.0,18906962.0,85.53
Norte,2022,5,APS,4272.0,337.0,4609.0,18906962.0,85.65
Norte,2022,6,APS,4264.0,338.0,4602.0,18906962.0,85.53
Norte,2022,7,APS,4280.0,342.0,4622.0,18906962.0,85.89
Norte,2022,8,APS,4306.0,345.0,4651.0,18906962.0,86.41
Norte,2022,9,APS,4320.0,343.0,4663.0,18906962.0,86.68
Norte,2022,10,APS,4317.0,344.0,4661.0,18906962.0,86.64
Norte,2022,11,APS,4320.0,342.0,4662.0,18906962.0,86.65
Norte,2022,12,APS,4322.0,350.0,4672.0,18900668.0,86.87
Norte,2023,1,APS,4361.0,341.0,4702.0,17355778.0,95.43
Norte,2023,2,APS,4348.0,341.0,4689.0,17355778.0,95.19
Norte,2023,3,APS,4355.0,336.0,4691.0,17355778.0,95.25
Norte,2023,4,APS,4309.0,336.0,4645.0,17355778.0,95.14
Norte,2023,5,APS,4366.0,355.0,4721.0,17355778.0,96.16
Norte,2023,6,APS,4479.0,374.0,4853.0,17355778.0,98.69
Norte,2023,7,APS,4516.0,381.0,4897.0,17355778.0,99.45
Norte,2023,8,APS,4603.0,321.0,4924.0,17355778.0,100.49
Norte,2023,9,APS,4614.0,366.0,4980.0,17355778.0,101.8
Norte,2023,10,APS,4630.0,371.0,5001.0,17355778.0,102.22
Norte,2023,11,APS,4637.0,369.0,5006.0,17355778.0,102.36
Norte,2023,12,APS,4773.0,352.0,5125.0,17355778.0,104.85
Norte,2024,1,APS,4782.0,354.0,5136.0,17354884.0,105.05
Norte,2024,2,APS,4797.0,357.0,5154.0,17354884.0,105.4
Norte,2024,3,APS,4805.0,353.0,5158.0,17354884.0,105.6
Norte,2024,4,APS,4900.0,350.0,5250.0,17354884.0,107.45
Norte,2024,5,APS,4904.0,353.0,5257.0,17354884.0,107.66
Norte,2024,6,APS,4909.0,341.0,5250.0,17354884.0,107.93
Norte,2024,7,APS,4946.0,341.0,5287.0,17354884.0,108.65
Norte,2024,8,APS,4965.0,344.0,5309.0,17354884.0,109.33
Norte,2024,9,APS,4954.0,344.0,5298.0,17354884.0,109.11
Norte,2024,10,APS,4931.0,342.0,5273.0,17345560.0,108.71
Norte,2024,11,APS,4950.0,320.0,5270.0,17354884.0,108.69
Norte,2024,12,APS,4960.0,315.0,5275.0,17347569.0,108.88
Norte,2025,1,APS,5064.0,307.0,5371.0,18661568.0,103.06
Norte,2025,2,APS,5069.0,308.0,5377.0,18669345.0,103.19
Norte,2025,3,APS,5063.0,309.0,5372.0,18669345.0,103.11
Norte,2025,4,APS,5063.0,305.0,5368.0,18669345.0,103.08
Norte,2025,5,APS,5075.0,303.0,5378.0,18669345.0,103.29
Norte,2025,6,APS,5104.0,304.0,5408.0,18669345.0,103.82
Norte,2025,7,APS,5109.0,305.0,5414.0,18669345.0,103.96
Norte,2025,8,APS,5115.0,301.0,5416.0,18669345.0,104.04
Norte,2025,9,APS,5169.0,301.0,5470.0,18669345.0,105.12
Norte,2025,10,APS,5180.0,298.0,5478.0,18669345.0,105.3
Norte,2025,11,APS,5179.0,297.0,5476.0,18669345.0,105.25
Norte,2025,12,APS,5184.0,296.0,5480.0,18669345.0,105.36
Norte,2026,1,APS,5190.0,289.0,5479.0,18801282.0,104.41
Norte,2026,2,APS,5195.0,286.0,5481.0,18801282.0,102.88
Norte,2026,3,APS,5194.0,293.0,5487.0,18801282.0,100.1
Norte,2026,4,APS,5196.0,286.0,5482.0,18798566.0,104.49
Norte,2026,5,APS,5198.0,284.0,5482.0,18798566.0,100.07
Norte,2026,6,APS,5211.0,285.0,5496.0,18801282.0,100.31
BR,2007,7,AB,24173.0,,,186770562.0,41.7
BR,2007,8,AB,26037.0,,,186770562.0,58.48
BR,2007,9,AB,27418.0,,,186770562.0,59.4
BR,2007,10,AB,27760.0,,,186770562.0,59.77
BR,2007,11,AB,27957.0,,,186770562.0,59.99
BR,2007,12,AB,28195.0,,,186770562.0,60.34
BR,2008,1,AB,28335.0,,,183917370.0,61.51
BR,2008,2,AB,28358.0,,,183917370.0,61.71
BR,2008,3,AB,28634.0,,,183917370.0,62.06
BR,2008,4,AB,28837.0,,,183917370.0,62.34
BR,2008,5,AB,29006.0,,,183917370.0,62.74
BR,2008,6,AB,29183.0,,,183917370.0,63.11
BR,2008,7,AB,29383.0,,,183917370.0,63.38
BR,2008,8,AB,29621.0,,,183917370.0,63.82
BR,2008,9,AB,29684.0,,,183917370.0,63.96
BR,2008,10,AB,29746.0,,,183917370.0,64.12
BR,2008,11,AB,29732.0,,,183917370.0,64.15
BR,2008,12,AB,29769.0,,,183917370.0,64.32
BR,2009,1,AB,29929.0,,,189612814.0,63.55
BR,2009,2,AB,30086.0,,,189612814.0,63.82
BR,2009,3,AB,30061.0,,,189612814.0,63.94
BR,2009,4,AB,30230.0,,,189612814.0,64.26
BR,2009,5,AB,30278.0,,,189612814.0,64.47
BR,2009,6,AB,30253.0,,,189612814.0,64.46
BR,2009,7,AB,30359.0,,,189612814.0,64.56
BR,2009,8,AB,30594.0,,,189612814.0,64.63
BR,2009,9,AB,30746.0,,,189612814.0,64.67
BR,2009,10,AB,30773.0,,,189612814.0,64.75
BR,2009,11,AB,30770.0,,,189612814.0,64.75
BR,2009,12,AB,30898.0,,,189612814.0,64.97
BR,2010,1,AB,31107.0,,,191506729.0,64.77
BR,2010,2,AB,31278.0,,,191506729.0,65.01
BR,2010,3,AB,31431.0,,,191506729.0,65.19
BR,2010,4,AB,31482.0,,,191506729.0,65.19
BR,2010,5,AB,31451.0,,,191506729.0,65.22
BR,2010,6,AB,31569.0,,,191506729.0,65.35
BR,2010,7,AB,31813.0,,,191506729.0,65.61
BR,2010,8,AB,31883.0,,,191506729.0,65.65
BR,2010,9,AB,31974.0,,,191506729.0,65.69
BR,2010,10,AB,32069.0,,,191506729.0,65.91
BR,2010,11,AB,32127.0,,,191506729.0,66.04
BR,2010,12,AB,32243.0,,,191506729.0,66.2
BR,2011,1,AB,32421.0,,,190755799.0,66.8
BR,2011,2,AB,32490.0,,,190755799.0,66.88
BR,2011,3,AB,32519.0,,,190755799.0,66.82
BR,2011,4,AB,32458.0,,,190755799.0,66.48
BR,2011,5,AB,32499.0,,,190755799.0,66.2
BR,2011,6,AB,32520.0,,,190755799.0,66.18
BR,2011,7,AB,32614.0,,,190755799.0,66.4
BR,2011,8,AB,32641.0,,,190755799.0,66.38
BR,2011,9,AB,32847.0,,,190755799.0,66.69
BR,2011,10,AB,32893.0,,,190755799.0,66.75
BR,2011,11,AB,32869.0,,,190755799.0,66.73
BR,2011,12,AB,33135.0,,,190755799.0,67.11
BR,2012,1,AB,33217.0,,,192376496.0,66.85
BR,2012,2,AB,33392.0,,,192376496.0,67.21
BR,2012,3,AB,33497.0,,,192376496.0,67.35
BR,2012,4,AB,33435.0,,,192376496.0,67.37
BR,2012,5,AB,33417.0,,,192376496.0,67.23
BR,2012,6,AB,33464.0,,,192376496.0,67.33
BR,2012,7,AB,33690.0,,,192376496.0,67.93
BR,2012,8,AB,33929.0,,,192376496.0,68.29
BR,2012,9,AB,33939.0,,,192376496.0,68.4
BR,2012,10,AB,33943.0,,,192376496.0,68.36
BR,2012,11,AB,33778.0,,,192376496.0,68.26
BR,2012,12,AB,33899.0,,,192376496.0,68.34
BR,2013,1,AB,33886.0,,,193979108.0,67.35
BR,2013,2,AB,33962.0,,,193979108.0,68.18
BR,2013,3,AB,34403.0,,,193979108.0,68.79
BR,2013,4,AB,34496.0,,,193979108.0,68.95
BR,2013,5,AB,34555.0,,,193979108.0,68.96
BR,2013,6,AB,34650.0,,,193979108.0,69.04
BR,2013,7,AB,34644.0,,,193979108.0,68.92
BR,2013,8,AB,34820.0,,,193979108.0,69.12
BR,2013,9,AB,34892.0,,,193979108.0,69.27
BR,2013,10,AB,35100.0,,,193979108.0,69.63
BR,2013,11,AB,35295.0,,,193979108.0,70.04
BR,2013,12,AB,35567.0,,,193979108.0,70.58
BR,2014,1,AB,36006.0,,,201062789.0,69.29
BR,2014,2,AB,35926.0,,,201062789.0,69.4
BR,2014,3,AB,36234.0,,,201062789.0,69.82
BR,2014,4,AB,36445.0,,,201062789.0,70.2
BR,2014,5,AB,37252.0,,,201062789.0,71.16
BR,2014,6,AB,37800.0,,,201062789.0,71.88
BR,2014,7,AB,38369.0,,,201062789.0,72.35
BR,2014,8,AB,38810.0,,,201062789.0,72.76
BR,2014,9,AB,39114.0,,,201062789.0,72.96
BR,2014,10,AB,39273.0,,,201062789.0,73.09
BR,2014,11,AB,39416.0,,,201062789.0,73.11
BR,2014,12,AB,39426.0,,,201062789.0,73.11
BR,2015,1,AB,39423.0,,,202799518.0,72.48
BR,2015,2,AB,39433.0,,,202799518.0,72.65
BR,2015,3,AB,39590.0,,,202799518.0,73.0
BR,2015,4,AB,39646.0,,,202799518.0,72.98
BR,2015,5,AB,39648.0,,,202799518.0,72.87
BR,2015,6,AB,39834.0,,,202799518.0,72.87
BR,2015,7,AB,40134.0,,,202799518.0,73.15
BR,2015,8,AB,40277.0,,,202799518.0,73.36
BR,2015,9,AB,40521.0,,,202799518.0,73.46
BR,2015,10,AB,40625.0,,,202799518.0,73.54
BR,2015,11,AB,40710.0,,,202799518.0,73.52
BR,2015,12,AB,40765.0,,,202799518.0,73.66
BR,2016,1,AB,40903.0,,,204482459.0,73.48
BR,2016,2,AB,40854.0,,,204482459.0,73.63
BR,2016,3,AB,40846.0,,,204482459.0,73.7
BR,2016,4,AB,40691.0,,,204482459.0,73.58
BR,2016,5,AB,40773.0,,,204482459.0,73.67
BR,2016,6,AB,41025.0,,,204482459.0,73.98
BR,2016,7,AB,41202.0,,,204482459.0,74.12
BR,2016,8,AB,41367.0,,,204482459.0,74.4
BR,2016,9,AB,41554.0,,,204482459.0,74.63
BR,2016,10,AB,41633.0,,,204482459.0,74.69
BR,2016,11,AB,41352.0,,,204482459.0,74.45
BR,2016,12,AB,41061.0,,,204482459.0,74.14
BR,2017,1,AB,40623.0,,,206114067.0,72.98
BR,2017,2,AB,40762.0,,,206114067.0,73.25
BR,2017,3,AB,41056.0,,,206114067.0,73.44
BR,2017,4,AB,41069.0,,,206114067.0,73.52
BR,2017,5,AB,41402.0,,,206114067.0,74.12
BR,2017,6,AB,41475.0,,,206114067.0,74.05
BR,2017,7,AB,41388.0,,,206114067.0,73.8
BR,2017,8,AB,41589.0,,,206114067.0,73.88
BR,2017,9,AB,41794.0,,,206114067.0,74.05
BR,2017,10,AB,42197.0,,,206114067.0,74.41
BR,2017,11,AB,42273.0,,,206114067.0,74.41
BR,2017,12,AB,42513.0,,,206114067.0,74.62
BR,2018,1,AB,43426.0,,,207660929.0,75.19
BR,2018,2,AB,43344.0,,,207660929.0,75.26
BR,2018,3,AB,43064.0,,,207660929.0,75.07
BR,2018,4,AB,42992.0,,,207660929.0,74.91
BR,2018,5,AB,43076.0,,,207660929.0,74.97
BR,2018,6,AB,43223.0,,,207660929.0,74.96
BR,2018,7,AB,43456.0,,,207660929.0,75.12
BR,2018,8,AB,43563.0,,,207660929.0,75.23
BR,2018,9,AB,43639.0,,,207660929.0,75.3
BR,2018,10,AB,43735.0,,,207660929.0,75.37
BR,2018,11,AB,43454.0,,,207660929.0,75.09
BR,2018,12,AB,43016.0,,,207660929.0,74.58
BR,2019,1,AB,43026.0,,,208494900.0,74.31
BR,2019,2,AB,42917.0,,,208494900.0,74.12
BR,2019,3,AB,42683.0,,,208494900.0,73.91
BR,2019,4,AB,42644.0,,,208494900.0,73.84
BR,2019,5,AB,42719.0,,,208494900.0,73.82
BR,2019,6,AB,43021.0,,,208494900.0,74.2
BR,2019,7,AB,43174.0,,,208494900.0,74.17
BR,2019,8,AB,43317.0,,,208494900.0,74.35
BR,2019,9,AB,43508.0,,,208494900.0,74.63
BR,2019,10,AB,43637.0,,,208494900.0,74.65
BR,2019,11,AB,43583.0,,,208494900.0,74.53
BR,2019,12,AB,43755.0,,,208494900.0,74.76
BR,2020,1,AB,44619.0,,,210147125.0,75.43
BR,2020,2,AB,44534.0,,,210147125.0,75.6
BR,2020,3,AB,44333.0,,,210147125.0,75.69
BR,2020,4,AB,44716.0,,,210147125.0,76.5
BR,2020,5,AB,42740.0,,,210147125.0,74.52
BR,2020,6,AB,43150.0,,,210147125.0,75.41
BR,2020,7,AB,43369.0,,,210147125.0,75.82
BR,2020,8,AB,40470.0,,,210147125.0,73.04
BR,2020,9,AB,43593.0,,,210147125.0,76.5
BR,2020,10,AB,43456.0,,,210147125.0,76.19
BR,2020,11,AB,43363.0,,,210147125.0,76.14
BR,2020,12,AB,43286.0,,,210147125.0,76.08
BR,2021,1,APS,47647.0,3062.0,50709.0,211612541.0,85.77
BR,2021,2,APS,47662.0,3318.0,50980.0,211634822.0,85.31
BR,2021,3,APS,47833.0,3473.0,51306.0,211615065.0,85.64
BR,2021,4,APS,47892.0,3929.0,51821.0,211624016.0,85.51
BR,2021,5,APS,48012.0,3983.0,51995.0,211637729.0,85.66
BR,2021,6,APS,48080.0,4007.0,52087.0,211645732.0,85.84
BR,2021,7,APS,48231.0,4111.0,52342.0,211645732.0,86.14
BR,2021,8,APS,48468.0,4221.0,52689.0,211640275.0,86.52
BR,2021,9,APS,48651.0,4284.0,52935.0,211633009.0,86.85
BR,2021,10,APS,48798.0,4382.0,53180.0,211640967.0,87.14
BR,2021,11,APS,48971.0,4465.0,53436.0,211645703.0,87.58
BR,2021,12,APS,49174.0,4519.0,53693.0,211664078.0,87.91
BR,2022,1,APS,49094.0,4574.0,53668.0,213227583.0,85.38
BR,2022,2,APS,49127.0,4606.0,53733.0,213232766.0,85.47
BR,2022,3,APS,49195.0,4648.0,53843.0,213216064.0,85.64
BR,2022,4,APS,49261.0,4642.0,53903.0,213223214.0,85.74
BR,2022,5,APS,49377.0,4793.0,54170.0,213248368.0,86.08
BR,2022,6,APS,49460.0,4895.0,54355.0,213238776.0,86.32
BR,2022,7,APS,49581.0,4997.0,54578.0,213209650.0,86.64
BR,2022,8,APS,49782.0,5022.0,54804.0,213231581.0,86.99
BR,2022,9,APS,49897.0,5040.0,54937.0,213296318.0,87.19
BR,2022,10,APS,49993.0,5060.0,55053.0,213296318.0,87.37
BR,2022,11,APS,50119.0,5059.0,55178.0,213284003.0,87.59
BR,2022,12,APS,50238.0,5068.0,55306.0,213288506.0,87.79
BR,2023,1,APS,50505.0,5104.0,55609.0,203064866.0,92.84
BR,2023,2,APS,50526.0,5130.0,55656.0,203065848.0,92.92
BR,2023,3,APS,50563.0,5138.0,55701.0,203068491.0,92.99
BR,2023,4,APS,50624.0,5247.0,55871.0,203062515.0,93.29
BR,2023,5,APS,50759.0,5431.0,56190.0,203062515.0,93.68
BR,2023,6,APS,51191.0,5643.0,56834.0,203015742.0,94.68
BR,2023,7,APS,51368.0,5755.0,57123.0,203057551.0,95.1
BR,2023,8,APS,51482.0,5775.0,57257.0,203051971.0,95.34
BR,2023,9,APS,51671.0,5892.0,57563.0,203067931.0,95.84
BR,2023,10,APS,51842.0,5967.0,57809.0,203073406.0,96.24
BR,2023,11,APS,52043.0,6000.0,58043.0,203080756.0,96.62
BR,2023,12,APS,52364.0,6041.0,58405.0,203080756.0,97.24
BR,2024,1,APS,52640.0,6110.0,58750.0,203078668.0,97.81
BR,2024,2,APS,52857.0,6061.0,58918.0,203058497.0,98.16
BR,2024,3,APS,52998.0,6074.0,59072.0,203060174.0,98.45
BR,2024,4,APS,53354.0,6191.0,59545.0,203072433.0,99.21
BR,2024,5,APS,53458.0,6223.0,59681.0,203070959.0,99.44
BR,2024,6,APS,53599.0,6254.0,59853.0,203022704.0,99.78
BR,2024,7,APS,53914.0,6292.0,60206.0,203022016.0,100.37
BR,2024,8,APS,54168.0,6361.0,60529.0,203033496.0,100.91
BR,2024,9,APS,54300.0,6385.0,60685.0,203078668.0,101.15
BR,2024,10,APS,54350.0,6374.0,60724.0,203051589.0,101.24
BR,2024,11,APS,54472.0,6357.0,60829.0,203078668.0,101.43
BR,2024,12,APS,54629.0,6355.0,60984.0,203069120.0,101.72
BR,2025,1,APS,54881.0,6319.0,61200.0,212563780.0,97.56
BR,2025,2,APS,54994.0,6318.0,61312.0,212570663.0,97.77
BR,2025,3,APS,55043.0,6312.0,61355.0,212568164.0,97.86
BR,2025,4,APS,55124.0,6297.0,61421.0,212571330.0,97.98
BR,2025,5,APS,55239.0,6302.0,61541.0,212583750.0,98.16
BR,2025,6,APS,55361.0,6327.0,61688.0,212579921.0,98.35
BR,2025,7,APS,55434.0,6279.0,61713.0,212579921.0,98.43
BR,2025,8,APS,55521.0,6270.0,61791.0,212579867.0,98.55
BR,2025,9,APS,55649.0,6276.0,61925.0,212576839.0,98.82
BR,2025,10,APS,55693.0,6299.0,61992.0,212575847.0,98.92
BR,2025,11,APS,55759.0,6352.0,62111.0,212578617.0,99.05
BR,2025,12,APS,55816.0,6320.0,62136.0,212577992.0,99.14
BR,2026,1,APS,55885.0,6315.0,62200.0,213416218.0,98.62
BR,2026,2,APS,55935.0,6323.0,62258.0,213397175.0,98.53
BR,2026,3,APS,55977.0,6294.0,62271.0,213406368.0,98.31
BR,2026,4,APS,56005.0,6308.0,62313.0,213407113.0,99.06
BR,2026,5,APS,56040.0,6295.0,62335.0,213399003.0,98.42
BR,2026,6,APS,56102.0,6312.0,62414.0,213412436.0,98.54
