codigo,campo,uf,ano,valor,origem,atualizadoEm,por,nota
AREA,,AC,,164064.761,migracao,2026-09-13,migracao,
AREA,,AM,,1558704.331,migracao,2026-09-13,migracao,
AREA,,AP,,142253.88,migracao,2026-09-13,migracao,
AREA,,MA,,329651.463,migracao,2026-09-13,migracao,
AREA,,MT,,903208.027,migracao,2026-09-13,migracao,
AREA,,PA,,1245831.512,migracao,2026-09-13,migracao,
AREA,,RO,,237753.439,migracao,2026-09-13,migracao,
AREA,,RR,,223505.058,migracao,2026-09-13,migracao,
AREA,,TO,,277423.625,migracao,2026-09-13,migracao,
F3.2,,AC,,192323,script,2026-09-25,eixo3_series_completas,Vínculos ativos em 31/12/2025 (RAIS Estabelecimentos)
F3.2,,AC,2018,126304,script,2026-09-25,eixo3_series_completas,
F3.2,,AC,2019,125272,script,2026-09-25,eixo3_series_completas,
F3.2,,AC,2020,132851,script,2026-09-25,eixo3_series_completas,
F3.2,,AC,2021,142490,script,2026-09-25,eixo3_series_completas,
F3.2,,AC,2023,172265,migracao,2026-09-13,migracao,
F3.2,,AC,2024,177291,migracao,2026-09-13,migracao,
F3.2,,AC,2025,192323,script,2026-09-25,eixo3_series_completas,
F3.2,,AM,,887843,script,2026-09-25,eixo3_series_completas,Vínculos ativos em 31/12/2025 (RAIS Estabelecimentos)
F3.2,,AM,2018,596692,script,2026-09-25,eixo3_series_completas,
F3.2,,AM,2019,591395,script,2026-09-25,eixo3_series_completas,
F3.2,,AM,2020,592188,script,2026-09-25,eixo3_series_completas,
F3.2,,AM,2021,653783,script,2026-09-25,eixo3_series_completas,
F3.2,,AM,2023,776964,migracao,2026-09-13,migracao,
F3.2,,AM,2024,793706,migracao,2026-09-13,migracao,
F3.2,,AM,2025,887843,script,2026-09-25,eixo3_series_completas,
F3.2,,AP,,184387,script,2026-09-25,eixo3_series_completas,Vínculos ativos em 31/12/2025 (RAIS Estabelecimentos)
F3.2,,AP,2018,132243,script,2026-09-25,eixo3_series_completas,
F3.2,,AP,2019,127706,script,2026-09-25,eixo3_series_completas,
F3.2,,AP,2020,124619,script,2026-09-25,eixo3_series_completas,
F3.2,,AP,2021,125710,script,2026-09-25,eixo3_series_completas,
F3.2,,AP,2023,154513,migracao,2026-09-13,migracao,
F3.2,,AP,2024,152991,migracao,2026-09-13,migracao,
F3.2,,AP,2025,184387,script,2026-09-25,eixo3_series_completas,
F3.2,,MA,,1064538,script,2026-09-25,eixo3_series_completas,Vínculos ativos em 31/12/2025 (RAIS Estabelecimentos)
F3.2,,MA,2018,747143,script,2026-09-25,eixo3_series_completas,
F3.2,,MA,2019,748528,script,2026-09-25,eixo3_series_completas,
F3.2,,MA,2020,744033,script,2026-09-25,eixo3_series_completas,
F3.2,,MA,2021,818989,script,2026-09-25,eixo3_series_completas,
F3.2,,MA,2023,948843,migracao,2026-09-13,migracao,
F3.2,,MA,2024,969147,migracao,2026-09-13,migracao,
F3.2,,MA,2025,1064538,script,2026-09-25,eixo3_series_completas,
F3.2,,MT,,1255349,script,2026-09-25,eixo3_series_completas,Vínculos ativos em 31/12/2025 (RAIS Estabelecimentos)
F3.2,,MT,2018,834008,script,2026-09-25,eixo3_series_completas,
F3.2,,MT,2019,856035,script,2026-09-25,eixo3_series_completas,
F3.2,,MT,2020,856817,script,2026-09-25,eixo3_series_completas,
F3.2,,MT,2021,919419,script,2026-09-25,eixo3_series_completas,
F3.2,,MT,2023,1129867,migracao,2026-09-13,migracao,
F3.2,,MT,2024,1194886,migracao,2026-09-13,migracao,
F3.2,,MT,2025,1255349,script,2026-09-25,eixo3_series_completas,
F3.2,,PA,,1575756,script,2026-09-25,eixo3_series_completas,Vínculos ativos em 31/12/2025 (RAIS Estabelecimentos)
F3.2,,PA,2018,1085546,script,2026-09-25,eixo3_series_completas,
F3.2,,PA,2019,1081969,script,2026-09-25,eixo3_series_completas,
F3.2,,PA,2020,1081037,script,2026-09-25,eixo3_series_completas,
F3.2,,PA,2021,1167171,script,2026-09-25,eixo3_series_completas,
F3.2,,PA,2023,1396509,migracao,2026-09-13,migracao,
F3.2,,PA,2024,1431632,migracao,2026-09-13,migracao,
F3.2,,PA,2025,1575756,script,2026-09-25,eixo3_series_completas,
F3.2,,RO,,432740,script,2026-09-25,eixo3_series_completas,Vínculos ativos em 31/12/2025 (RAIS Estabelecimentos)
F3.2,,RO,2018,345135,script,2026-09-25,eixo3_series_completas,
F3.2,,RO,2019,347411,script,2026-09-25,eixo3_series_completas,
F3.2,,RO,2020,342766,script,2026-09-25,eixo3_series_completas,
F3.2,,RO,2021,312314,script,2026-09-25,eixo3_series_completas,
F3.2,,RO,2023,389151,migracao,2026-09-13,migracao,
F3.2,,RO,2024,407713,migracao,2026-09-13,migracao,
F3.2,,RO,2025,432740,script,2026-09-25,eixo3_series_completas,
F3.2,,RR,,158562,script,2026-09-25,eixo3_series_completas,Vínculos ativos em 31/12/2025 (RAIS Estabelecimentos)
F3.2,,RR,2018,98083,script,2026-09-25,eixo3_series_completas,
F3.2,,RR,2019,101497,script,2026-09-25,eixo3_series_completas,
F3.2,,RR,2020,101770,script,2026-09-25,eixo3_series_completas,
F3.2,,RR,2021,111208,script,2026-09-25,eixo3_series_completas,
F3.2,,RR,2023,143519,migracao,2026-09-13,migracao,
F3.2,,RR,2024,146857,migracao,2026-09-13,migracao,
F3.2,,RR,2025,158562,script,2026-09-25,eixo3_series_completas,
F3.2,,TO,,437580,script,2026-09-25,eixo3_series_completas,Vínculos ativos em 31/12/2025 (RAIS Estabelecimentos)
F3.2,,TO,2018,283083,script,2026-09-25,eixo3_series_completas,
F3.2,,TO,2019,274036,script,2026-09-25,eixo3_series_completas,
F3.2,,TO,2020,266895,script,2026-09-25,eixo3_series_completas,
F3.2,,TO,2021,296033,script,2026-09-25,eixo3_series_completas,
F3.2,,TO,2023,375427,migracao,2026-09-13,migracao,
F3.2,,TO,2024,404248,migracao,2026-09-13,migracao,
F3.2,,TO,2025,437580,script,2026-09-25,eixo3_series_completas,
F3.2,estabelecimentos2018,AC,,10787,script,2026-09-25,eixo3_series_completas,
F3.2,estabelecimentos2018,AM,,37744,script,2026-09-25,eixo3_series_completas,
F3.2,estabelecimentos2018,AP,,8956,script,2026-09-25,eixo3_series_completas,
F3.2,estabelecimentos2018,MA,,77498,script,2026-09-25,eixo3_series_completas,
F3.2,estabelecimentos2018,MT,,129088,script,2026-09-25,eixo3_series_completas,
F3.2,estabelecimentos2018,PA,,92778,script,2026-09-25,eixo3_series_completas,
F3.2,estabelecimentos2018,RO,,44287,script,2026-09-25,eixo3_series_completas,
F3.2,estabelecimentos2018,RR,,7833,script,2026-09-25,eixo3_series_completas,
F3.2,estabelecimentos2018,TO,,39024,script,2026-09-25,eixo3_series_completas,
F3.2,estabelecimentos2019,AC,,10509,script,2026-09-25,eixo3_series_completas,
F3.2,estabelecimentos2019,AM,,35269,script,2026-09-25,eixo3_series_completas,
F3.2,estabelecimentos2019,AP,,7854,script,2026-09-25,eixo3_series_completas,
F3.2,estabelecimentos2019,MA,,71004,script,2026-09-25,eixo3_series_completas,
F3.2,estabelecimentos2019,MT,,122237,script,2026-09-25,eixo3_series_completas,
F3.2,estabelecimentos2019,PA,,88259,script,2026-09-25,eixo3_series_completas,
F3.2,estabelecimentos2019,RO,,42306,script,2026-09-25,eixo3_series_completas,
F3.2,estabelecimentos2019,RR,,7359,script,2026-09-25,eixo3_series_completas,
F3.2,estabelecimentos2019,TO,,37720,script,2026-09-25,eixo3_series_completas,
F3.2,estabelecimentos2020,AC,,10686,script,2026-09-25,eixo3_series_completas,
F3.2,estabelecimentos2020,AM,,37612,script,2026-09-25,eixo3_series_completas,
F3.2,estabelecimentos2020,AP,,8514,script,2026-09-25,eixo3_series_completas,
F3.2,estabelecimentos2020,MA,,75282,script,2026-09-25,eixo3_series_completas,
F3.2,estabelecimentos2020,MT,,126488,script,2026-09-25,eixo3_series_completas,
F3.2,estabelecimentos2020,PA,,92982,script,2026-09-25,eixo3_series_completas,
F3.2,estabelecimentos2020,RO,,43511,script,2026-09-25,eixo3_series_completas,
F3.2,estabelecimentos2020,RR,,7799,script,2026-09-25,eixo3_series_completas,
F3.2,estabelecimentos2020,TO,,38680,script,2026-09-25,eixo3_series_completas,
F3.2,estabelecimentos2021,AC,,11127,script,2026-09-25,eixo3_series_completas,
F3.2,estabelecimentos2021,AM,,38229,script,2026-09-25,eixo3_series_completas,
F3.2,estabelecimentos2021,AP,,8437,script,2026-09-25,eixo3_series_completas,
F3.2,estabelecimentos2021,MA,,77945,script,2026-09-25,eixo3_series_completas,
F3.2,estabelecimentos2021,MT,,133282,script,2026-09-25,eixo3_series_completas,
F3.2,estabelecimentos2021,PA,,97456,script,2026-09-25,eixo3_series_completas,
F3.2,estabelecimentos2021,RO,,45141,script,2026-09-25,eixo3_series_completas,
F3.2,estabelecimentos2021,RR,,8219,script,2026-09-25,eixo3_series_completas,
F3.2,estabelecimentos2021,TO,,40469,script,2026-09-25,eixo3_series_completas,
F3.2,estabelecimentos2023,AC,,11994,migracao,2026-09-13,migracao,
F3.2,estabelecimentos2023,AM,,38181,migracao,2026-09-13,migracao,
F3.2,estabelecimentos2023,AP,,8954,migracao,2026-09-13,migracao,
F3.2,estabelecimentos2023,MA,,70221,migracao,2026-09-13,migracao,
F3.2,estabelecimentos2023,MT,,149926,migracao,2026-09-13,migracao,
F3.2,estabelecimentos2023,PA,,96238,migracao,2026-09-13,migracao,
F3.2,estabelecimentos2023,RO,,48718,migracao,2026-09-13,migracao,
F3.2,estabelecimentos2023,RR,,9420,migracao,2026-09-13,migracao,
F3.2,estabelecimentos2023,TO,,43507,migracao,2026-09-13,migracao,
F3.2,estabelecimentos2024,AC,,12547,migracao,2026-09-13,migracao,
F3.2,estabelecimentos2024,AM,,40636,migracao,2026-09-13,migracao,
F3.2,estabelecimentos2024,AP,,9649,migracao,2026-09-13,migracao,
F3.2,estabelecimentos2024,MA,,74981,migracao,2026-09-13,migracao,
F3.2,estabelecimentos2024,MT,,159934,migracao,2026-09-13,migracao,
F3.2,estabelecimentos2024,PA,,101703,migracao,2026-09-13,migracao,
F3.2,estabelecimentos2024,RO,,51098,migracao,2026-09-13,migracao,
F3.2,estabelecimentos2024,RR,,10101,migracao,2026-09-13,migracao,
F3.2,estabelecimentos2024,TO,,46375,migracao,2026-09-13,migracao,
F3.2,estabelecimentos2025,AC,,12756,script,2026-09-25,eixo3_series_completas,
F3.2,estabelecimentos2025,AM,,40074,script,2026-09-25,eixo3_series_completas,
F3.2,estabelecimentos2025,AP,,10111,script,2026-09-25,eixo3_series_completas,
F3.2,estabelecimentos2025,MA,,74207,script,2026-09-25,eixo3_series_completas,
F3.2,estabelecimentos2025,MT,,153490,script,2026-09-25,eixo3_series_completas,
F3.2,estabelecimentos2025,PA,,103473,script,2026-09-25,eixo3_series_completas,
F3.2,estabelecimentos2025,RO,,50570,script,2026-09-25,eixo3_series_completas,
F3.2,estabelecimentos2025,RR,,10256,script,2026-09-25,eixo3_series_completas,
F3.2,estabelecimentos2025,TO,,45254,script,2026-09-25,eixo3_series_completas,
F3.2,variacaoVinculosPct,AC,,2.9,migracao,2026-09-13,migracao,
F3.2,variacaoVinculosPct,AM,,2.2,migracao,2026-09-13,migracao,
F3.2,variacaoVinculosPct,AP,,-1,migracao,2026-09-13,migracao,
F3.2,variacaoVinculosPct,MA,,2.1,migracao,2026-09-13,migracao,
F3.2,variacaoVinculosPct,MT,,5.8,migracao,2026-09-13,migracao,
F3.2,variacaoVinculosPct,PA,,2.5,migracao,2026-09-13,migracao,
F3.2,variacaoVinculosPct,RO,,4.8,migracao,2026-09-13,migracao,
F3.2,variacaoVinculosPct,RR,,2.3,migracao,2026-09-13,migracao,
F3.2,variacaoVinculosPct,TO,,7.7,migracao,2026-09-13,migracao,
F3.5,,AC,,925342,migracao,2026-09-13,migracao,
F3.5,,AC,2007,177862,script,2026-09-25,eixo3_series_completas,
F3.5,,AC,2008,147880,script,2026-09-25,eixo3_series_completas,
F3.5,,AC,2009,190352,script,2026-09-25,eixo3_series_completas,
F3.5,,AC,2010,251367,script,2026-09-25,eixo3_series_completas,
F3.5,,AC,2011,281405,script,2026-09-25,eixo3_series_completas,
F3.5,,AC,2012,270510,script,2026-09-25,eixo3_series_completas,
F3.5,,AC,2013,328993,script,2026-09-25,eixo3_series_completas,
F3.5,,AC,2014,518409,script,2026-09-25,eixo3_series_completas,
F3.5,,AC,2015,394082,migracao,2026-09-13,migracao,
F3.5,,AC,2016,398946,migracao,2026-09-13,migracao,
F3.5,,AC,2017,279200,migracao,2026-09-13,migracao,
F3.5,,AC,2018,328683,migracao,2026-09-13,migracao,
F3.5,,AC,2019,317261,migracao,2026-09-13,migracao,
F3.5,,AC,2020,320242,migracao,2026-09-13,migracao,
F3.5,,AC,2021,496073,migracao,2026-09-13,migracao,
F3.5,,AC,2022,628889,migracao,2026-09-13,migracao,
F3.5,,AC,2023,649323,migracao,2026-09-13,migracao,
F3.5,,AC,2024,925342,migracao,2026-09-13,migracao,
F3.5,,AM,,75577158,migracao,2026-09-13,migracao,
F3.5,,AM,2007,23600352,script,2026-09-25,eixo3_series_completas,
F3.5,,AM,2008,27202801,script,2026-09-25,eixo3_series_completas,
F3.5,,AM,2009,25658863,script,2026-09-25,eixo3_series_completas,
F3.5,,AM,2010,29554059,script,2026-09-25,eixo3_series_completas,
F3.5,,AM,2011,29642201,script,2026-09-25,eixo3_series_completas,
F3.5,,AM,2012,29961311,script,2026-09-25,eixo3_series_completas,
F3.5,,AM,2013,33926550,script,2026-09-25,eixo3_series_completas,
F3.5,,AM,2014,36041264,script,2026-09-25,eixo3_series_completas,
F3.5,,AM,2015,35914870,migracao,2026-09-13,migracao,
F3.5,,AM,2016,35525846,migracao,2026-09-13,migracao,
F3.5,,AM,2017,37418241,migracao,2026-09-13,migracao,
F3.5,,AM,2018,40137037,migracao,2026-09-13,migracao,
F3.5,,AM,2019,40949882,migracao,2026-09-13,migracao,
F3.5,,AM,2020,43511856,migracao,2026-09-13,migracao,
F3.5,,AM,2021,55427911,migracao,2026-09-13,migracao,
F3.5,,AM,2022,62763507,migracao,2026-09-13,migracao,
F3.5,,AM,2023,62646346,migracao,2026-09-13,migracao,
F3.5,,AM,2024,75577158,migracao,2026-09-13,migracao,
F3.5,,AP,,592145,migracao,2026-09-13,migracao,
F3.5,,AP,2007,239894,script,2026-09-25,eixo3_series_completas,
F3.5,,AP,2008,196896,script,2026-09-25,eixo3_series_completas,
F3.5,,AP,2009,275242,script,2026-09-25,eixo3_series_completas,
F3.5,,AP,2010,532172,script,2026-09-25,eixo3_series_completas,
F3.5,,AP,2011,612456,script,2026-09-25,eixo3_series_completas,
F3.5,,AP,2012,639518,script,2026-09-25,eixo3_series_completas,
F3.5,,AP,2013,582870,script,2026-09-25,eixo3_series_completas,
F3.5,,AP,2014,643486,script,2026-09-25,eixo3_series_completas,
F3.5,,AP,2015,488161,migracao,2026-09-13,migracao,
F3.5,,AP,2016,535311,migracao,2026-09-13,migracao,
F3.5,,AP,2017,309766,migracao,2026-09-13,migracao,
F3.5,,AP,2018,527946,migracao,2026-09-13,migracao,
F3.5,,AP,2019,275830,migracao,2026-09-13,migracao,
F3.5,,AP,2020,963936,migracao,2026-09-13,migracao,
F3.5,,AP,2021,479986,migracao,2026-09-13,migracao,
F3.5,,AP,2022,419783,migracao,2026-09-13,migracao,
F3.5,,AP,2023,514770,migracao,2026-09-13,migracao,
F3.5,,AP,2024,592145,migracao,2026-09-13,migracao,
F3.5,,MA,,14534906,migracao,2026-09-13,migracao,
F3.5,,MA,2007,3002830,script,2026-09-25,eixo3_series_completas,
F3.5,,MA,2008,3452709,script,2026-09-25,eixo3_series_completas,
F3.5,,MA,2009,2439845,script,2026-09-25,eixo3_series_completas,
F3.5,,MA,2010,2855533,script,2026-09-25,eixo3_series_completas,
F3.5,,MA,2011,4139786,script,2026-09-25,eixo3_series_completas,
F3.5,,MA,2012,4517680,script,2026-09-25,eixo3_series_completas,
F3.5,,MA,2013,4020403,script,2026-09-25,eixo3_series_completas,
F3.5,,MA,2014,5437595,script,2026-09-25,eixo3_series_completas,
F3.5,,MA,2015,7031763,migracao,2026-09-13,migracao,
F3.5,,MA,2016,6221886,migracao,2026-09-13,migracao,
F3.5,,MA,2017,7075188,migracao,2026-09-13,migracao,
F3.5,,MA,2018,8776336,migracao,2026-09-13,migracao,
F3.5,,MA,2019,8192158,migracao,2026-09-13,migracao,
F3.5,,MA,2020,11219119,migracao,2026-09-13,migracao,
F3.5,,MA,2021,14129981,migracao,2026-09-13,migracao,
F3.5,,MA,2022,13156044,migracao,2026-09-13,migracao,
F3.5,,MA,2023,12319388,migracao,2026-09-13,migracao,
F3.5,,MA,2024,14534906,migracao,2026-09-13,migracao,
F3.5,,MT,,41521382,migracao,2026-09-13,migracao,
F3.5,,MT,2007,4831940,script,2026-09-25,eixo3_series_completas,
F3.5,,MT,2008,6774747,script,2026-09-25,eixo3_series_completas,
F3.5,,MT,2009,8085593,script,2026-09-25,eixo3_series_completas,
F3.5,,MT,2010,9442466,script,2026-09-25,eixo3_series_completas,
F3.5,,MT,2011,11225899,script,2026-09-25,eixo3_series_completas,
F3.5,,MT,2012,14366970,script,2026-09-25,eixo3_series_completas,
F3.5,,MT,2013,14994680,script,2026-09-25,eixo3_series_completas,
F3.5,,MT,2014,14719924,script,2026-09-25,eixo3_series_completas,
F3.5,,MT,2015,15762391,migracao,2026-09-13,migracao,
F3.5,,MT,2016,14433467,migracao,2026-09-13,migracao,
F3.5,,MT,2017,13967971,migracao,2026-09-13,migracao,
F3.5,,MT,2018,17059633,migracao,2026-09-13,migracao,
F3.5,,MT,2019,17805064,migracao,2026-09-13,migracao,
F3.5,,MT,2020,24049984,migracao,2026-09-13,migracao,
F3.5,,MT,2021,32463303,migracao,2026-09-13,migracao,
F3.5,,MT,2022,41065895,migracao,2026-09-13,migracao,
F3.5,,MT,2023,38526666,migracao,2026-09-13,migracao,
F3.5,,MT,2024,41521382,migracao,2026-09-13,migracao,
F3.5,,PA,,70146964,migracao,2026-09-13,migracao,
F3.5,,PA,2007,9905210,script,2026-09-25,eixo3_series_completas,
F3.5,,PA,2008,14657473,script,2026-09-25,eixo3_series_completas,
F3.5,,PA,2009,12436118,script,2026-09-25,eixo3_series_completas,
F3.5,,PA,2010,23969692,script,2026-09-25,eixo3_series_completas,
F3.5,,PA,2011,29424724,script,2026-09-25,eixo3_series_completas,
F3.5,,PA,2012,26137304,script,2026-09-25,eixo3_series_completas,
F3.5,,PA,2013,30869694,script,2026-09-25,eixo3_series_completas,
F3.5,,PA,2014,27362165,script,2026-09-25,eixo3_series_completas,
F3.5,,PA,2015,26731282,migracao,2026-09-13,migracao,
F3.5,,PA,2016,28139815,migracao,2026-09-13,migracao,
F3.5,,PA,2017,38175713,migracao,2026-09-13,migracao,
F3.5,,PA,2018,45291481,migracao,2026-09-13,migracao,
F3.5,,PA,2019,56812895,migracao,2026-09-13,migracao,
F3.5,,PA,2020,91708270,migracao,2026-09-13,migracao,
F3.5,,PA,2021,109838666,migracao,2026-09-13,migracao,
F3.5,,PA,2022,66637357,migracao,2026-09-13,migracao,
F3.5,,PA,2023,62596977,migracao,2026-09-13,migracao,
F3.5,,PA,2024,70146964,migracao,2026-09-13,migracao,
F3.5,,RO,,6091511,migracao,2026-09-13,migracao,
F3.5,,RO,2007,1235045,script,2026-09-25,eixo3_series_completas,
F3.5,,RO,2008,1317673,script,2026-09-25,eixo3_series_completas,
F3.5,,RO,2009,1352831,script,2026-09-25,eixo3_series_completas,
F3.5,,RO,2010,1889863,script,2026-09-25,eixo3_series_completas,
F3.5,,RO,2011,2180932,script,2026-09-25,eixo3_series_completas,
F3.5,,RO,2012,2168906,script,2026-09-25,eixo3_series_completas,
F3.5,,RO,2013,2924149,script,2026-09-25,eixo3_series_completas,
F3.5,,RO,2014,2852504,script,2026-09-25,eixo3_series_completas,
F3.5,,RO,2015,2763391,migracao,2026-09-13,migracao,
F3.5,,RO,2016,3048106,migracao,2026-09-13,migracao,
F3.5,,RO,2017,2586505,migracao,2026-09-13,migracao,
F3.5,,RO,2018,2562647,migracao,2026-09-13,migracao,
F3.5,,RO,2019,2884253,migracao,2026-09-13,migracao,
F3.5,,RO,2020,3301806,migracao,2026-09-13,migracao,
F3.5,,RO,2021,3880047,migracao,2026-09-13,migracao,
F3.5,,RO,2022,5534121,migracao,2026-09-13,migracao,
F3.5,,RO,2023,5910248,migracao,2026-09-13,migracao,
F3.5,,RO,2024,6091511,migracao,2026-09-13,migracao,
F3.5,,RR,,378434,migracao,2026-09-13,migracao,
F3.5,,RR,2007,53522,script,2026-09-25,eixo3_series_completas,
F3.5,,RR,2008,99358,script,2026-09-25,eixo3_series_completas,
F3.5,,RR,2009,77392,script,2026-09-25,eixo3_series_completas,
F3.5,,RR,2010,63890,script,2026-09-25,eixo3_series_completas,
F3.5,,RR,2011,79702,script,2026-09-25,eixo3_series_completas,
F3.5,,RR,2012,72480,script,2026-09-25,eixo3_series_completas,
F3.5,,RR,2013,84854,script,2026-09-25,eixo3_series_completas,
F3.5,,RR,2014,93906,script,2026-09-25,eixo3_series_completas,
F3.5,,RR,2015,91620,migracao,2026-09-13,migracao,
F3.5,,RR,2016,127681,migracao,2026-09-13,migracao,
F3.5,,RR,2017,107185,migracao,2026-09-13,migracao,
F3.5,,RR,2018,91547,migracao,2026-09-13,migracao,
F3.5,,RR,2019,92021,migracao,2026-09-13,migracao,
F3.5,,RR,2020,131162,migracao,2026-09-13,migracao,
F3.5,,RR,2021,192154,migracao,2026-09-13,migracao,
F3.5,,RR,2022,203548,migracao,2026-09-13,migracao,
F3.5,,RR,2023,250891,migracao,2026-09-13,migracao,
F3.5,,RR,2024,378434,migracao,2026-09-13,migracao,
F3.5,,TO,,5597138,migracao,2026-09-13,migracao,
F3.5,,TO,2007,350439,script,2026-09-25,eixo3_series_completas,
F3.5,,TO,2008,408257,script,2026-09-25,eixo3_series_completas,
F3.5,,TO,2009,393300,script,2026-09-25,eixo3_series_completas,
F3.5,,TO,2010,673335,script,2026-09-25,eixo3_series_completas,
F3.5,,TO,2011,790293,script,2026-09-25,eixo3_series_completas,
F3.5,,TO,2012,926821,script,2026-09-25,eixo3_series_completas,
F3.5,,TO,2013,1289000,script,2026-09-25,eixo3_series_completas,
F3.5,,TO,2014,1800502,script,2026-09-25,eixo3_series_completas,
F3.5,,TO,2015,1488246,migracao,2026-09-13,migracao,
F3.5,,TO,2016,1502456,migracao,2026-09-13,migracao,
F3.5,,TO,2017,1900422,migracao,2026-09-13,migracao,
F3.5,,TO,2018,1503851,migracao,2026-09-13,migracao,
F3.5,,TO,2019,1543897,migracao,2026-09-13,migracao,
F3.5,,TO,2020,2085879,migracao,2026-09-13,migracao,
F3.5,,TO,2021,3312199,migracao,2026-09-13,migracao,
F3.5,,TO,2022,4516648,migracao,2026-09-13,migracao,
F3.5,,TO,2023,4739960,migracao,2026-09-13,migracao,
F3.5,,TO,2024,5597138,migracao,2026-09-13,migracao,
F3.5,empresas2024,AC,,242,migracao,2026-09-13,migracao,
F3.5,empresas2024,AM,,1199,migracao,2026-09-13,migracao,
F3.5,empresas2024,AP,,220,migracao,2026-09-13,migracao,
F3.5,empresas2024,MA,,1369,migracao,2026-09-13,migracao,
F3.5,empresas2024,MT,,3623,migracao,2026-09-13,migracao,
F3.5,empresas2024,PA,,2307,migracao,2026-09-13,migracao,
F3.5,empresas2024,RO,,1198,migracao,2026-09-13,migracao,
F3.5,empresas2024,RR,,187,migracao,2026-09-13,migracao,
F3.5,empresas2024,TO,,773,migracao,2026-09-13,migracao,
F3.5,pessoalOcupado2024,AC,,6435,migracao,2026-09-13,migracao,
F3.5,pessoalOcupado2024,AM,,127254,migracao,2026-09-13,migracao,
F3.5,pessoalOcupado2024,AP,,5032,migracao,2026-09-13,migracao,
F3.5,pessoalOcupado2024,MA,,47326,migracao,2026-09-13,migracao,
F3.5,pessoalOcupado2024,MT,,126489,migracao,2026-09-13,migracao,
F3.5,pessoalOcupado2024,PA,,127208,migracao,2026-09-13,migracao,
F3.5,pessoalOcupado2024,RO,,32783,migracao,2026-09-13,migracao,
F3.5,pessoalOcupado2024,RR,,3824,migracao,2026-09-13,migracao,
F3.5,pessoalOcupado2024,TO,,22080,migracao,2026-09-13,migracao,
F3.5,receitaLiquida2024,AC,,3376228,script,2026-09-25,estrategia_brutos_set2026,
F3.5,receitaLiquida2024,AM,,192627477,script,2026-09-25,estrategia_brutos_set2026,
F3.5,receitaLiquida2024,AP,,1341609,script,2026-09-25,estrategia_brutos_set2026,
F3.5,receitaLiquida2024,MA,,37982794,script,2026-09-25,estrategia_brutos_set2026,
F3.5,receitaLiquida2024,MT,,128328986,script,2026-09-25,estrategia_brutos_set2026,
F3.5,receitaLiquida2024,PA,,73062342,script,2026-09-25,estrategia_brutos_set2026,
F3.5,receitaLiquida2024,RO,,19687183,script,2026-09-25,estrategia_brutos_set2026,
F3.5,receitaLiquida2024,RR,,1081285,script,2026-09-25,estrategia_brutos_set2026,
F3.5,receitaLiquida2024,TO,,17522758,script,2026-09-25,estrategia_brutos_set2026,
F3.5,unidadesLocais2024,AC,,269,migracao,2026-09-13,migracao,
F3.5,unidadesLocais2024,AM,,1304,migracao,2026-09-13,migracao,
F3.5,unidadesLocais2024,AP,,228,migracao,2026-09-13,migracao,
F3.5,unidadesLocais2024,MA,,1460,migracao,2026-09-13,migracao,
F3.5,unidadesLocais2024,MT,,3914,migracao,2026-09-13,migracao,
F3.5,unidadesLocais2024,PA,,2578,migracao,2026-09-13,migracao,
F3.5,unidadesLocais2024,RO,,1283,migracao,2026-09-13,migracao,
F3.5,unidadesLocais2024,RR,,200,migracao,2026-09-13,migracao,
F3.5,unidadesLocais2024,TO,,812,migracao,2026-09-13,migracao,
F3.5,variacao2023_24Pct,AC,,42.5,migracao,2026-09-13,migracao,
F3.5,variacao2023_24Pct,AM,,20.6,migracao,2026-09-13,migracao,
F3.5,variacao2023_24Pct,AP,,15,migracao,2026-09-13,migracao,
F3.5,variacao2023_24Pct,MA,,18,migracao,2026-09-13,migracao,
F3.5,variacao2023_24Pct,MT,,7.8,migracao,2026-09-13,migracao,
F3.5,variacao2023_24Pct,PA,,12.1,migracao,2026-09-13,migracao,
F3.5,variacao2023_24Pct,RO,,3.1,migracao,2026-09-13,migracao,
F3.5,variacao2023_24Pct,RR,,50.8,migracao,2026-09-13,migracao,
F3.5,variacao2023_24Pct,TO,,18.1,migracao,2026-09-13,migracao,
I1.1.2,,AC,,75,migracao,2026-09-13,migracao,
I1.1.2,,AC,2018,75,script,2026-09-30,pesquisa-eixo1,"CNUC/MMA, extração de 2018"
I1.1.2,,AC,2019,75,script,2026-09-30,pesquisa-eixo1,"CNUC/MMA, extração de 2019-02"
I1.1.2,,AC,2020,75,script,2026-09-30,pesquisa-eixo1,"CNUC/MMA, extração de 2020-02"
I1.1.2,,AC,2021,75,script,2026-09-30,pesquisa-eixo1,"CNUC/MMA, extração de 2021-02"
I1.1.2,,AC,2022,75,script,2026-09-30,pesquisa-eixo1,"CNUC/MMA, extração de 2022-07"
I1.1.2,,AC,2024,75,script,2026-09-30,pesquisa-eixo1,"CNUC/MMA, extração de 2024-10"
I1.1.2,,AC,2025,75,script,2026-09-30,pesquisa-eixo1,"CNUC/MMA, extração de 2025-08"
I1.1.2,,AC,2026,75,script,2026-09-30,pesquisa-eixo1,"CNUC/MMA, extração de 2026-03"
I1.1.2,,AM,,26.8,migracao,2026-09-13,migracao,
I1.1.2,,AM,2018,26.8293,script,2026-09-30,pesquisa-eixo1,"CNUC/MMA, extração de 2018"
I1.1.2,,AM,2019,26.8293,script,2026-09-30,pesquisa-eixo1,"CNUC/MMA, extração de 2019-02"
I1.1.2,,AM,2020,26.8293,script,2026-09-30,pesquisa-eixo1,"CNUC/MMA, extração de 2020-02"
I1.1.2,,AM,2021,26.8293,script,2026-09-30,pesquisa-eixo1,"CNUC/MMA, extração de 2021-02"
I1.1.2,,AM,2022,26.8293,script,2026-09-30,pesquisa-eixo1,"CNUC/MMA, extração de 2022-07"
I1.1.2,,AM,2024,26.8293,script,2026-09-30,pesquisa-eixo1,"CNUC/MMA, extração de 2024-10"
I1.1.2,,AM,2025,26.8293,script,2026-09-30,pesquisa-eixo1,"CNUC/MMA, extração de 2025-08"
I1.1.2,,AM,2026,26.8293,script,2026-09-30,pesquisa-eixo1,"CNUC/MMA, extração de 2026-03"
I1.1.2,,AP,,40,migracao,2026-09-13,migracao,
I1.1.2,,AP,2018,20,script,2026-09-30,pesquisa-eixo1,"CNUC/MMA, extração de 2018"
I1.1.2,,AP,2019,20,script,2026-09-30,pesquisa-eixo1,"CNUC/MMA, extração de 2019-02"
I1.1.2,,AP,2020,40,script,2026-09-30,pesquisa-eixo1,"CNUC/MMA, extração de 2020-02"
I1.1.2,,AP,2021,40,script,2026-09-30,pesquisa-eixo1,"CNUC/MMA, extração de 2021-02"
I1.1.2,,AP,2022,40,script,2026-09-30,pesquisa-eixo1,"CNUC/MMA, extração de 2022-07"
I1.1.2,,AP,2024,40,script,2026-09-30,pesquisa-eixo1,"CNUC/MMA, extração de 2024-10"
I1.1.2,,AP,2025,40,script,2026-09-30,pesquisa-eixo1,"CNUC/MMA, extração de 2025-08"
I1.1.2,,AP,2026,40,script,2026-09-30,pesquisa-eixo1,"CNUC/MMA, extração de 2026-03"
I1.1.2,,MA,,15.4,migracao,2026-09-13,migracao,
I1.1.2,,MA,2018,0,script,2026-09-30,pesquisa-eixo1,"CNUC/MMA, extração de 2018"
I1.1.2,,MA,2019,0,script,2026-09-30,pesquisa-eixo1,"CNUC/MMA, extração de 2019-02"
I1.1.2,,MA,2020,0,script,2026-09-30,pesquisa-eixo1,"CNUC/MMA, extração de 2020-02"
I1.1.2,,MA,2021,0,script,2026-09-30,pesquisa-eixo1,"CNUC/MMA, extração de 2021-02"
I1.1.2,,MA,2022,0,script,2026-09-30,pesquisa-eixo1,"CNUC/MMA, extração de 2022-07"
I1.1.2,,MA,2024,15.3846,script,2026-09-30,pesquisa-eixo1,"CNUC/MMA, extração de 2024-10"
I1.1.2,,MA,2025,15.3846,script,2026-09-30,pesquisa-eixo1,"CNUC/MMA, extração de 2025-08"
I1.1.2,,MA,2026,15.3846,script,2026-09-30,pesquisa-eixo1,"CNUC/MMA, extração de 2026-03"
I1.1.2,,MT,,10.5,migracao,2026-09-13,migracao,
I1.1.2,,MT,2018,8.5714,script,2026-09-30,pesquisa-eixo1,"CNUC/MMA, extração de 2018"
I1.1.2,,MT,2019,8.3333,script,2026-09-30,pesquisa-eixo1,"CNUC/MMA, extração de 2019-02"
I1.1.2,,MT,2020,8.3333,script,2026-09-30,pesquisa-eixo1,"CNUC/MMA, extração de 2020-02"
I1.1.2,,MT,2021,8.3333,script,2026-09-30,pesquisa-eixo1,"CNUC/MMA, extração de 2021-02"
I1.1.2,,MT,2022,8.3333,script,2026-09-30,pesquisa-eixo1,"CNUC/MMA, extração de 2022-07"
I1.1.2,,MT,2024,8.1081,script,2026-09-30,pesquisa-eixo1,"CNUC/MMA, extração de 2024-10"
I1.1.2,,MT,2025,8.1081,script,2026-09-30,pesquisa-eixo1,"CNUC/MMA, extração de 2025-08"
I1.1.2,,MT,2026,10.5263,script,2026-09-30,pesquisa-eixo1,"CNUC/MMA, extração de 2026-03"
I1.1.2,,PA,,35.7,migracao,2026-09-13,migracao,
I1.1.2,,PA,2018,36,script,2026-09-30,pesquisa-eixo1,"CNUC/MMA, extração de 2018"
I1.1.2,,PA,2019,36,script,2026-09-30,pesquisa-eixo1,"CNUC/MMA, extração de 2019-02"
I1.1.2,,PA,2020,38.4615,script,2026-09-30,pesquisa-eixo1,"CNUC/MMA, extração de 2020-02"
I1.1.2,,PA,2021,38.4615,script,2026-09-30,pesquisa-eixo1,"CNUC/MMA, extração de 2021-02"
I1.1.2,,PA,2022,38.4615,script,2026-09-30,pesquisa-eixo1,"CNUC/MMA, extração de 2022-07"
I1.1.2,,PA,2024,34.6154,script,2026-09-30,pesquisa-eixo1,"CNUC/MMA, extração de 2024-10"
I1.1.2,,PA,2025,37.037,script,2026-09-30,pesquisa-eixo1,"CNUC/MMA, extração de 2025-08"
I1.1.2,,PA,2026,35.7143,script,2026-09-30,pesquisa-eixo1,"CNUC/MMA, extração de 2026-03"
I1.1.2,,RO,,8.2,migracao,2026-09-13,migracao,
I1.1.2,,RO,2018,7.8947,script,2026-09-30,pesquisa-eixo1,"CNUC/MMA, extração de 2018"
I1.1.2,,RO,2019,7.8947,script,2026-09-30,pesquisa-eixo1,"CNUC/MMA, extração de 2019-02"
I1.1.2,,RO,2020,36.8421,script,2026-09-30,pesquisa-eixo1,"CNUC/MMA, extração de 2020-02"
I1.1.2,,RO,2021,36.8421,script,2026-09-30,pesquisa-eixo1,"CNUC/MMA, extração de 2021-02"
I1.1.2,,RO,2022,36.8421,script,2026-09-30,pesquisa-eixo1,"CNUC/MMA, extração de 2022-07"
I1.1.2,,RO,2024,8.1633,script,2026-09-30,pesquisa-eixo1,"CNUC/MMA, extração de 2024-10"
I1.1.2,,RO,2025,8.1633,script,2026-09-30,pesquisa-eixo1,"CNUC/MMA, extração de 2025-08"
I1.1.2,,RO,2026,8.1633,script,2026-09-30,pesquisa-eixo1,"CNUC/MMA, extração de 2026-03"
I1.1.2,,RR,,0,migracao,2026-09-13,migracao,
I1.1.2,,RR,2018,0,script,2026-09-30,pesquisa-eixo1,"CNUC/MMA, extração de 2018"
I1.1.2,,RR,2019,0,script,2026-09-30,pesquisa-eixo1,"CNUC/MMA, extração de 2019-02"
I1.1.2,,RR,2020,0,script,2026-09-30,pesquisa-eixo1,"CNUC/MMA, extração de 2020-02"
I1.1.2,,RR,2021,0,script,2026-09-30,pesquisa-eixo1,"CNUC/MMA, extração de 2021-02"
I1.1.2,,RR,2022,0,script,2026-09-30,pesquisa-eixo1,"CNUC/MMA, extração de 2022-07"
I1.1.2,,RR,2024,0,script,2026-09-30,pesquisa-eixo1,"CNUC/MMA, extração de 2024-10"
I1.1.2,,RR,2025,0,script,2026-09-30,pesquisa-eixo1,"CNUC/MMA, extração de 2025-08"
I1.1.2,,RR,2026,0,script,2026-09-30,pesquisa-eixo1,"CNUC/MMA, extração de 2026-03"
I1.1.2,,TO,,23.1,migracao,2026-09-13,migracao,
I1.1.2,,TO,2018,23.0769,script,2026-09-30,pesquisa-eixo1,"CNUC/MMA, extração de 2018"
I1.1.2,,TO,2019,23.0769,script,2026-09-30,pesquisa-eixo1,"CNUC/MMA, extração de 2019-02"
I1.1.2,,TO,2020,30.7692,script,2026-09-30,pesquisa-eixo1,"CNUC/MMA, extração de 2020-02"
I1.1.2,,TO,2021,30.7692,script,2026-09-30,pesquisa-eixo1,"CNUC/MMA, extração de 2021-02"
I1.1.2,,TO,2022,30.7692,script,2026-09-30,pesquisa-eixo1,"CNUC/MMA, extração de 2022-07"
I1.1.2,,TO,2024,23.0769,script,2026-09-30,pesquisa-eixo1,"CNUC/MMA, extração de 2024-10"
I1.1.2,,TO,2025,23.0769,script,2026-09-30,pesquisa-eixo1,"CNUC/MMA, extração de 2025-08"
I1.1.2,,TO,2026,23.0769,script,2026-09-30,pesquisa-eixo1,"CNUC/MMA, extração de 2026-03"
I1.1.2,comAmbos,AC,,6,migracao,2026-09-13,migracao,
I1.1.2,comAmbos,AM,,11,migracao,2026-09-13,migracao,
I1.1.2,comAmbos,AP,,2,migracao,2026-09-13,migracao,
I1.1.2,comAmbos,MA,,2,migracao,2026-09-13,migracao,
I1.1.2,comAmbos,MT,,4,migracao,2026-09-13,migracao,
I1.1.2,comAmbos,PA,,10,migracao,2026-09-13,migracao,
I1.1.2,comAmbos,RO,,4,migracao,2026-09-13,migracao,
I1.1.2,comAmbos,RR,,0,migracao,2026-09-13,migracao,
I1.1.2,comAmbos,TO,,3,migracao,2026-09-13,migracao,
I1.1.2,comAmbos2018,AC,,6,script,2026-09-30,pesquisa-eixo1,"CNUC/MMA, extração de 2018"
I1.1.2,comAmbos2018,AM,,11,script,2026-09-30,pesquisa-eixo1,"CNUC/MMA, extração de 2018"
I1.1.2,comAmbos2018,AP,,1,script,2026-09-30,pesquisa-eixo1,"CNUC/MMA, extração de 2018"
I1.1.2,comAmbos2018,MA,,0,script,2026-09-30,pesquisa-eixo1,"CNUC/MMA, extração de 2018"
I1.1.2,comAmbos2018,MT,,3,script,2026-09-30,pesquisa-eixo1,"CNUC/MMA, extração de 2018"
I1.1.2,comAmbos2018,PA,,9,script,2026-09-30,pesquisa-eixo1,"CNUC/MMA, extração de 2018"
I1.1.2,comAmbos2018,RO,,3,script,2026-09-30,pesquisa-eixo1,"CNUC/MMA, extração de 2018"
I1.1.2,comAmbos2018,RR,,0,script,2026-09-30,pesquisa-eixo1,"CNUC/MMA, extração de 2018"
I1.1.2,comAmbos2018,TO,,3,script,2026-09-30,pesquisa-eixo1,"CNUC/MMA, extração de 2018"
I1.1.2,comAmbos2019,AC,,6,script,2026-09-30,pesquisa-eixo1,"CNUC/MMA, extração de 2019-02"
I1.1.2,comAmbos2019,AM,,11,script,2026-09-30,pesquisa-eixo1,"CNUC/MMA, extração de 2019-02"
I1.1.2,comAmbos2019,AP,,1,script,2026-09-30,pesquisa-eixo1,"CNUC/MMA, extração de 2019-02"
I1.1.2,comAmbos2019,MA,,0,script,2026-09-30,pesquisa-eixo1,"CNUC/MMA, extração de 2019-02"
I1.1.2,comAmbos2019,MT,,3,script,2026-09-30,pesquisa-eixo1,"CNUC/MMA, extração de 2019-02"
I1.1.2,comAmbos2019,PA,,9,script,2026-09-30,pesquisa-eixo1,"CNUC/MMA, extração de 2019-02"
I1.1.2,comAmbos2019,RO,,3,script,2026-09-30,pesquisa-eixo1,"CNUC/MMA, extração de 2019-02"
I1.1.2,comAmbos2019,RR,,0,script,2026-09-30,pesquisa-eixo1,"CNUC/MMA, extração de 2019-02"
I1.1.2,comAmbos2019,TO,,3,script,2026-09-30,pesquisa-eixo1,"CNUC/MMA, extração de 2019-02"
I1.1.2,comAmbos2020,AC,,6,script,2026-09-30,pesquisa-eixo1,"CNUC/MMA, extração de 2020-02"
I1.1.2,comAmbos2020,AM,,11,script,2026-09-30,pesquisa-eixo1,"CNUC/MMA, extração de 2020-02"
I1.1.2,comAmbos2020,AP,,2,script,2026-09-30,pesquisa-eixo1,"CNUC/MMA, extração de 2020-02"
I1.1.2,comAmbos2020,MA,,0,script,2026-09-30,pesquisa-eixo1,"CNUC/MMA, extração de 2020-02"
I1.1.2,comAmbos2020,MT,,3,script,2026-09-30,pesquisa-eixo1,"CNUC/MMA, extração de 2020-02"
I1.1.2,comAmbos2020,PA,,10,script,2026-09-30,pesquisa-eixo1,"CNUC/MMA, extração de 2020-02"
I1.1.2,comAmbos2020,RO,,14,script,2026-09-30,pesquisa-eixo1,"CNUC/MMA, extração de 2020-02"
I1.1.2,comAmbos2020,RR,,0,script,2026-09-30,pesquisa-eixo1,"CNUC/MMA, extração de 2020-02"
I1.1.2,comAmbos2020,TO,,4,script,2026-09-30,pesquisa-eixo1,"CNUC/MMA, extração de 2020-02"
I1.1.2,comAmbos2021,AC,,6,script,2026-09-30,pesquisa-eixo1,"CNUC/MMA, extração de 2021-02"
I1.1.2,comAmbos2021,AM,,11,script,2026-09-30,pesquisa-eixo1,"CNUC/MMA, extração de 2021-02"
I1.1.2,comAmbos2021,AP,,2,script,2026-09-30,pesquisa-eixo1,"CNUC/MMA, extração de 2021-02"
I1.1.2,comAmbos2021,MA,,0,script,2026-09-30,pesquisa-eixo1,"CNUC/MMA, extração de 2021-02"
I1.1.2,comAmbos2021,MT,,3,script,2026-09-30,pesquisa-eixo1,"CNUC/MMA, extração de 2021-02"
I1.1.2,comAmbos2021,PA,,10,script,2026-09-30,pesquisa-eixo1,"CNUC/MMA, extração de 2021-02"
I1.1.2,comAmbos2021,RO,,14,script,2026-09-30,pesquisa-eixo1,"CNUC/MMA, extração de 2021-02"
I1.1.2,comAmbos2021,RR,,0,script,2026-09-30,pesquisa-eixo1,"CNUC/MMA, extração de 2021-02"
I1.1.2,comAmbos2021,TO,,4,script,2026-09-30,pesquisa-eixo1,"CNUC/MMA, extração de 2021-02"
I1.1.2,comAmbos2022,AC,,6,script,2026-09-30,pesquisa-eixo1,"CNUC/MMA, extração de 2022-07"
I1.1.2,comAmbos2022,AM,,11,script,2026-09-30,pesquisa-eixo1,"CNUC/MMA, extração de 2022-07"
I1.1.2,comAmbos2022,AP,,2,script,2026-09-30,pesquisa-eixo1,"CNUC/MMA, extração de 2022-07"
I1.1.2,comAmbos2022,MA,,0,script,2026-09-30,pesquisa-eixo1,"CNUC/MMA, extração de 2022-07"
I1.1.2,comAmbos2022,MT,,3,script,2026-09-30,pesquisa-eixo1,"CNUC/MMA, extração de 2022-07"
I1.1.2,comAmbos2022,PA,,10,script,2026-09-30,pesquisa-eixo1,"CNUC/MMA, extração de 2022-07"
I1.1.2,comAmbos2022,RO,,14,script,2026-09-30,pesquisa-eixo1,"CNUC/MMA, extração de 2022-07"
I1.1.2,comAmbos2022,RR,,0,script,2026-09-30,pesquisa-eixo1,"CNUC/MMA, extração de 2022-07"
I1.1.2,comAmbos2022,TO,,4,script,2026-09-30,pesquisa-eixo1,"CNUC/MMA, extração de 2022-07"
I1.1.2,comAmbos2024,AC,,6,script,2026-09-30,pesquisa-eixo1,"CNUC/MMA, extração de 2024-10"
I1.1.2,comAmbos2024,AM,,11,script,2026-09-30,pesquisa-eixo1,"CNUC/MMA, extração de 2024-10"
I1.1.2,comAmbos2024,AP,,2,script,2026-09-30,pesquisa-eixo1,"CNUC/MMA, extração de 2024-10"
I1.1.2,comAmbos2024,MA,,2,script,2026-09-30,pesquisa-eixo1,"CNUC/MMA, extração de 2024-10"
I1.1.2,comAmbos2024,MT,,3,script,2026-09-30,pesquisa-eixo1,"CNUC/MMA, extração de 2024-10"
I1.1.2,comAmbos2024,PA,,9,script,2026-09-30,pesquisa-eixo1,"CNUC/MMA, extração de 2024-10"
I1.1.2,comAmbos2024,RO,,4,script,2026-09-30,pesquisa-eixo1,"CNUC/MMA, extração de 2024-10"
I1.1.2,comAmbos2024,RR,,0,script,2026-09-30,pesquisa-eixo1,"CNUC/MMA, extração de 2024-10"
I1.1.2,comAmbos2024,TO,,3,script,2026-09-30,pesquisa-eixo1,"CNUC/MMA, extração de 2024-10"
I1.1.2,comAmbos2025,AC,,6,script,2026-09-30,pesquisa-eixo1,"CNUC/MMA, extração de 2025-08"
I1.1.2,comAmbos2025,AM,,11,script,2026-09-30,pesquisa-eixo1,"CNUC/MMA, extração de 2025-08"
I1.1.2,comAmbos2025,AP,,2,script,2026-09-30,pesquisa-eixo1,"CNUC/MMA, extração de 2025-08"
I1.1.2,comAmbos2025,MA,,2,script,2026-09-30,pesquisa-eixo1,"CNUC/MMA, extração de 2025-08"
I1.1.2,comAmbos2025,MT,,3,script,2026-09-30,pesquisa-eixo1,"CNUC/MMA, extração de 2025-08"
I1.1.2,comAmbos2025,PA,,10,script,2026-09-30,pesquisa-eixo1,"CNUC/MMA, extração de 2025-08"
I1.1.2,comAmbos2025,RO,,4,script,2026-09-30,pesquisa-eixo1,"CNUC/MMA, extração de 2025-08"
I1.1.2,comAmbos2025,RR,,0,script,2026-09-30,pesquisa-eixo1,"CNUC/MMA, extração de 2025-08"
I1.1.2,comAmbos2025,TO,,3,script,2026-09-30,pesquisa-eixo1,"CNUC/MMA, extração de 2025-08"
I1.1.2,comAmbos2026,AC,,6,script,2026-09-30,pesquisa-eixo1,"CNUC/MMA, extração de 2026-03"
I1.1.2,comAmbos2026,AM,,11,script,2026-09-30,pesquisa-eixo1,"CNUC/MMA, extração de 2026-03"
I1.1.2,comAmbos2026,AP,,2,script,2026-09-30,pesquisa-eixo1,"CNUC/MMA, extração de 2026-03"
I1.1.2,comAmbos2026,MA,,2,script,2026-09-30,pesquisa-eixo1,"CNUC/MMA, extração de 2026-03"
I1.1.2,comAmbos2026,MT,,4,script,2026-09-30,pesquisa-eixo1,"CNUC/MMA, extração de 2026-03"
I1.1.2,comAmbos2026,PA,,10,script,2026-09-30,pesquisa-eixo1,"CNUC/MMA, extração de 2026-03"
I1.1.2,comAmbos2026,RO,,4,script,2026-09-30,pesquisa-eixo1,"CNUC/MMA, extração de 2026-03"
I1.1.2,comAmbos2026,RR,,0,script,2026-09-30,pesquisa-eixo1,"CNUC/MMA, extração de 2026-03"
I1.1.2,comAmbos2026,TO,,3,script,2026-09-30,pesquisa-eixo1,"CNUC/MMA, extração de 2026-03"
I1.1.2,comConselho,AC,,8,migracao,2026-09-13,migracao,
I1.1.2,comConselho,AM,,22,migracao,2026-09-13,migracao,
I1.1.2,comConselho,AP,,4,migracao,2026-09-13,migracao,
I1.1.2,comConselho,MA,,4,migracao,2026-09-13,migracao,
I1.1.2,comConselho,MT,,10,migracao,2026-09-13,migracao,
I1.1.2,comConselho,PA,,24,migracao,2026-09-13,migracao,
I1.1.2,comConselho,RO,,11,migracao,2026-09-13,migracao,
I1.1.2,comConselho,RR,,0,migracao,2026-09-13,migracao,
I1.1.2,comConselho,TO,,8,migracao,2026-09-13,migracao,
I1.1.2,comPlano,AC,,6,migracao,2026-09-13,migracao,
I1.1.2,comPlano,AM,,11,migracao,2026-09-13,migracao,
I1.1.2,comPlano,AP,,2,migracao,2026-09-13,migracao,
I1.1.2,comPlano,MA,,3,migracao,2026-09-13,migracao,
I1.1.2,comPlano,MT,,8,migracao,2026-09-13,migracao,
I1.1.2,comPlano,PA,,10,migracao,2026-09-13,migracao,
I1.1.2,comPlano,RO,,15,migracao,2026-09-13,migracao,
I1.1.2,comPlano,RR,,0,migracao,2026-09-13,migracao,
I1.1.2,comPlano,TO,,4,migracao,2026-09-13,migracao,
I1.1.2,total,AC,,8,migracao,2026-09-13,migracao,
I1.1.2,total,AM,,41,migracao,2026-09-13,migracao,
I1.1.2,total,AP,,5,migracao,2026-09-13,migracao,
I1.1.2,total,MA,,13,migracao,2026-09-13,migracao,
I1.1.2,total,MT,,38,migracao,2026-09-13,migracao,
I1.1.2,total,PA,,28,migracao,2026-09-13,migracao,
I1.1.2,total,RO,,49,migracao,2026-09-13,migracao,
I1.1.2,total,RR,,4,migracao,2026-09-13,migracao,
I1.1.2,total,TO,,13,migracao,2026-09-13,migracao,
I1.1.2,total2018,AC,,8,script,2026-09-30,pesquisa-eixo1,"CNUC/MMA, extração de 2018"
I1.1.2,total2018,AM,,41,script,2026-09-30,pesquisa-eixo1,"CNUC/MMA, extração de 2018"
I1.1.2,total2018,AP,,5,script,2026-09-30,pesquisa-eixo1,"CNUC/MMA, extração de 2018"
I1.1.2,total2018,MA,,11,script,2026-09-30,pesquisa-eixo1,"CNUC/MMA, extração de 2018"
I1.1.2,total2018,MT,,35,script,2026-09-30,pesquisa-eixo1,"CNUC/MMA, extração de 2018"
I1.1.2,total2018,PA,,25,script,2026-09-30,pesquisa-eixo1,"CNUC/MMA, extração de 2018"
I1.1.2,total2018,RO,,38,script,2026-09-30,pesquisa-eixo1,"CNUC/MMA, extração de 2018"
I1.1.2,total2018,RR,,1,script,2026-09-30,pesquisa-eixo1,"CNUC/MMA, extração de 2018"
I1.1.2,total2018,TO,,13,script,2026-09-30,pesquisa-eixo1,"CNUC/MMA, extração de 2018"
I1.1.2,total2019,AC,,8,script,2026-09-30,pesquisa-eixo1,"CNUC/MMA, extração de 2019-02"
I1.1.2,total2019,AM,,41,script,2026-09-30,pesquisa-eixo1,"CNUC/MMA, extração de 2019-02"
I1.1.2,total2019,AP,,5,script,2026-09-30,pesquisa-eixo1,"CNUC/MMA, extração de 2019-02"
I1.1.2,total2019,MA,,13,script,2026-09-30,pesquisa-eixo1,"CNUC/MMA, extração de 2019-02"
I1.1.2,total2019,MT,,36,script,2026-09-30,pesquisa-eixo1,"CNUC/MMA, extração de 2019-02"
I1.1.2,total2019,PA,,25,script,2026-09-30,pesquisa-eixo1,"CNUC/MMA, extração de 2019-02"
I1.1.2,total2019,RO,,38,script,2026-09-30,pesquisa-eixo1,"CNUC/MMA, extração de 2019-02"
I1.1.2,total2019,RR,,1,script,2026-09-30,pesquisa-eixo1,"CNUC/MMA, extração de 2019-02"
I1.1.2,total2019,TO,,13,script,2026-09-30,pesquisa-eixo1,"CNUC/MMA, extração de 2019-02"
I1.1.2,total2020,AC,,8,script,2026-09-30,pesquisa-eixo1,"CNUC/MMA, extração de 2020-02"
I1.1.2,total2020,AM,,41,script,2026-09-30,pesquisa-eixo1,"CNUC/MMA, extração de 2020-02"
I1.1.2,total2020,AP,,5,script,2026-09-30,pesquisa-eixo1,"CNUC/MMA, extração de 2020-02"
I1.1.2,total2020,MA,,13,script,2026-09-30,pesquisa-eixo1,"CNUC/MMA, extração de 2020-02"
I1.1.2,total2020,MT,,36,script,2026-09-30,pesquisa-eixo1,"CNUC/MMA, extração de 2020-02"
I1.1.2,total2020,PA,,26,script,2026-09-30,pesquisa-eixo1,"CNUC/MMA, extração de 2020-02"
I1.1.2,total2020,RO,,38,script,2026-09-30,pesquisa-eixo1,"CNUC/MMA, extração de 2020-02"
I1.1.2,total2020,RR,,1,script,2026-09-30,pesquisa-eixo1,"CNUC/MMA, extração de 2020-02"
I1.1.2,total2020,TO,,13,script,2026-09-30,pesquisa-eixo1,"CNUC/MMA, extração de 2020-02"
I1.1.2,total2021,AC,,8,script,2026-09-30,pesquisa-eixo1,"CNUC/MMA, extração de 2021-02"
I1.1.2,total2021,AM,,41,script,2026-09-30,pesquisa-eixo1,"CNUC/MMA, extração de 2021-02"
I1.1.2,total2021,AP,,5,script,2026-09-30,pesquisa-eixo1,"CNUC/MMA, extração de 2021-02"
I1.1.2,total2021,MA,,13,script,2026-09-30,pesquisa-eixo1,"CNUC/MMA, extração de 2021-02"
I1.1.2,total2021,MT,,36,script,2026-09-30,pesquisa-eixo1,"CNUC/MMA, extração de 2021-02"
I1.1.2,total2021,PA,,26,script,2026-09-30,pesquisa-eixo1,"CNUC/MMA, extração de 2021-02"
I1.1.2,total2021,RO,,38,script,2026-09-30,pesquisa-eixo1,"CNUC/MMA, extração de 2021-02"
I1.1.2,total2021,RR,,1,script,2026-09-30,pesquisa-eixo1,"CNUC/MMA, extração de 2021-02"
I1.1.2,total2021,TO,,13,script,2026-09-30,pesquisa-eixo1,"CNUC/MMA, extração de 2021-02"
I1.1.2,total2022,AC,,8,script,2026-09-30,pesquisa-eixo1,"CNUC/MMA, extração de 2022-07"
I1.1.2,total2022,AM,,41,script,2026-09-30,pesquisa-eixo1,"CNUC/MMA, extração de 2022-07"
I1.1.2,total2022,AP,,5,script,2026-09-30,pesquisa-eixo1,"CNUC/MMA, extração de 2022-07"
I1.1.2,total2022,MA,,13,script,2026-09-30,pesquisa-eixo1,"CNUC/MMA, extração de 2022-07"
I1.1.2,total2022,MT,,36,script,2026-09-30,pesquisa-eixo1,"CNUC/MMA, extração de 2022-07"
I1.1.2,total2022,PA,,26,script,2026-09-30,pesquisa-eixo1,"CNUC/MMA, extração de 2022-07"
I1.1.2,total2022,RO,,38,script,2026-09-30,pesquisa-eixo1,"CNUC/MMA, extração de 2022-07"
I1.1.2,total2022,RR,,1,script,2026-09-30,pesquisa-eixo1,"CNUC/MMA, extração de 2022-07"
I1.1.2,total2022,TO,,13,script,2026-09-30,pesquisa-eixo1,"CNUC/MMA, extração de 2022-07"
I1.1.2,total2024,AC,,8,script,2026-09-30,pesquisa-eixo1,"CNUC/MMA, extração de 2024-10"
I1.1.2,total2024,AM,,41,script,2026-09-30,pesquisa-eixo1,"CNUC/MMA, extração de 2024-10"
I1.1.2,total2024,AP,,5,script,2026-09-30,pesquisa-eixo1,"CNUC/MMA, extração de 2024-10"
I1.1.2,total2024,MA,,13,script,2026-09-30,pesquisa-eixo1,"CNUC/MMA, extração de 2024-10"
I1.1.2,total2024,MT,,37,script,2026-09-30,pesquisa-eixo1,"CNUC/MMA, extração de 2024-10"
I1.1.2,total2024,PA,,26,script,2026-09-30,pesquisa-eixo1,"CNUC/MMA, extração de 2024-10"
I1.1.2,total2024,RO,,49,script,2026-09-30,pesquisa-eixo1,"CNUC/MMA, extração de 2024-10"
I1.1.2,total2024,RR,,4,script,2026-09-30,pesquisa-eixo1,"CNUC/MMA, extração de 2024-10"
I1.1.2,total2024,TO,,13,script,2026-09-30,pesquisa-eixo1,"CNUC/MMA, extração de 2024-10"
I1.1.2,total2025,AC,,8,script,2026-09-30,pesquisa-eixo1,"CNUC/MMA, extração de 2025-08"
I1.1.2,total2025,AM,,41,script,2026-09-30,pesquisa-eixo1,"CNUC/MMA, extração de 2025-08"
I1.1.2,total2025,AP,,5,script,2026-09-30,pesquisa-eixo1,"CNUC/MMA, extração de 2025-08"
I1.1.2,total2025,MA,,13,script,2026-09-30,pesquisa-eixo1,"CNUC/MMA, extração de 2025-08"
I1.1.2,total2025,MT,,37,script,2026-09-30,pesquisa-eixo1,"CNUC/MMA, extração de 2025-08"
I1.1.2,total2025,PA,,27,script,2026-09-30,pesquisa-eixo1,"CNUC/MMA, extração de 2025-08"
I1.1.2,total2025,RO,,49,script,2026-09-30,pesquisa-eixo1,"CNUC/MMA, extração de 2025-08"
I1.1.2,total2025,RR,,4,script,2026-09-30,pesquisa-eixo1,"CNUC/MMA, extração de 2025-08"
I1.1.2,total2025,TO,,13,script,2026-09-30,pesquisa-eixo1,"CNUC/MMA, extração de 2025-08"
I1.1.2,total2026,AC,,8,script,2026-09-30,pesquisa-eixo1,"CNUC/MMA, extração de 2026-03"
I1.1.2,total2026,AM,,41,script,2026-09-30,pesquisa-eixo1,"CNUC/MMA, extração de 2026-03"
I1.1.2,total2026,AP,,5,script,2026-09-30,pesquisa-eixo1,"CNUC/MMA, extração de 2026-03"
I1.1.2,total2026,MA,,13,script,2026-09-30,pesquisa-eixo1,"CNUC/MMA, extração de 2026-03"
I1.1.2,total2026,MT,,38,script,2026-09-30,pesquisa-eixo1,"CNUC/MMA, extração de 2026-03"
I1.1.2,total2026,PA,,28,script,2026-09-30,pesquisa-eixo1,"CNUC/MMA, extração de 2026-03"
I1.1.2,total2026,RO,,49,script,2026-09-30,pesquisa-eixo1,"CNUC/MMA, extração de 2026-03"
I1.1.2,total2026,RR,,4,script,2026-09-30,pesquisa-eixo1,"CNUC/MMA, extração de 2026-03"
I1.1.2,total2026,TO,,13,script,2026-09-30,pesquisa-eixo1,"CNUC/MMA, extração de 2026-03"
I1.3.1,,AC,,60.23,migracao,2026-09-13,migracao,
I1.3.1,,AM,,58.9,migracao,2026-09-13,migracao,
I1.3.1,,AP,,60.08,migracao,2026-09-13,migracao,
I1.3.1,,MA,,59.21,migracao,2026-09-13,migracao,
I1.3.1,,MT,,59.21,migracao,2026-09-13,migracao,
I1.3.1,,PA,,59.52,migracao,2026-09-13,migracao,
I1.3.1,,RO,,59.31,migracao,2026-09-13,migracao,
I1.3.1,,RR,,57.77,migracao,2026-09-13,migracao,
I1.3.1,,TO,,59.64,migracao,2026-09-13,migracao,
I1.3.1,metaConvergencia,AC,,52.1,migracao,2026-09-13,migracao,
I1.3.1,metaConvergencia,AM,,52.1,migracao,2026-09-13,migracao,
I1.3.1,metaConvergencia,AP,,52.1,migracao,2026-09-13,migracao,
I1.3.1,metaConvergencia,MA,,52.1,migracao,2026-09-13,migracao,
I1.3.1,metaConvergencia,MT,,52.1,migracao,2026-09-13,migracao,
I1.3.1,metaConvergencia,PA,,52.1,migracao,2026-09-13,migracao,
I1.3.1,metaConvergencia,RO,,52.1,migracao,2026-09-13,migracao,
I1.3.1,metaConvergencia,RR,,52.1,migracao,2026-09-13,migracao,
I1.3.1,metaConvergencia,TO,,52.1,migracao,2026-09-13,migracao,
I1.3.1,municipiosPrioritarios,AC,,4,migracao,2026-09-13,migracao,
I1.3.1,municipiosPrioritarios,AM,,17,migracao,2026-09-13,migracao,
I1.3.1,municipiosPrioritarios,AP,,2,migracao,2026-09-13,migracao,
I1.3.1,municipiosPrioritarios,MA,,45,migracao,2026-09-13,migracao,
I1.3.1,municipiosPrioritarios,MT,,17,migracao,2026-09-13,migracao,
I1.3.1,municipiosPrioritarios,PA,,64,migracao,2026-09-13,migracao,
I1.3.1,municipiosPrioritarios,RO,,10,migracao,2026-09-13,migracao,
I1.3.1,municipiosPrioritarios,RR,,1,migracao,2026-09-13,migracao,
I1.3.1,municipiosPrioritarios,TO,,2,migracao,2026-09-13,migracao,
I1.3.2,,AC,,324,script,2026-09-30,pesquisa-eixo1,"PRODES 2025, taxa consolidada"
I1.3.2,,AC,2020,706,migracao,2026-09-13,migracao,
I1.3.2,,AC,2021,889,migracao,2026-09-13,migracao,
I1.3.2,,AC,2022,840,migracao,2026-09-13,migracao,
I1.3.2,,AC,2023,601,migracao,2026-09-13,migracao,
I1.3.2,,AC,2024,449,migracao,2026-09-13,migracao,
I1.3.2,,AC,2025,324,script,2026-09-30,pesquisa-eixo1,"PRODES 2025, taxa consolidada"
I1.3.2,,AM,,979,script,2026-09-30,pesquisa-eixo1,"PRODES 2025, taxa consolidada"
I1.3.2,,AM,2020,1512,migracao,2026-09-13,migracao,
I1.3.2,,AM,2021,2306,migracao,2026-09-13,migracao,
I1.3.2,,AM,2022,2594,migracao,2026-09-13,migracao,
I1.3.2,,AM,2023,1610,migracao,2026-09-13,migracao,
I1.3.2,,AM,2024,1223,migracao,2026-09-13,migracao,
I1.3.2,,AM,2025,979,script,2026-09-30,pesquisa-eixo1,"PRODES 2025, taxa consolidada"
I1.3.2,,AP,,17,script,2026-09-30,pesquisa-eixo1,"PRODES 2025, taxa consolidada"
I1.3.2,,AP,2020,24,migracao,2026-09-13,migracao,
I1.3.2,,AP,2021,17,migracao,2026-09-13,migracao,
I1.3.2,,AP,2022,14,migracao,2026-09-13,migracao,
I1.3.2,,AP,2023,17,migracao,2026-09-13,migracao,
I1.3.2,,AP,2024,27,migracao,2026-09-13,migracao,
I1.3.2,,AP,2025,17,script,2026-09-30,pesquisa-eixo1,"PRODES 2025, taxa consolidada"
I1.3.2,,MA,,210,script,2026-09-30,pesquisa-eixo1,"PRODES 2025, taxa consolidada"
I1.3.2,,MA,2020,336,migracao,2026-09-13,migracao,
I1.3.2,,MA,2021,350,migracao,2026-09-13,migracao,
I1.3.2,,MA,2022,271,migracao,2026-09-13,migracao,
I1.3.2,,MA,2023,306,migracao,2026-09-13,migracao,
I1.3.2,,MA,2024,307,migracao,2026-09-13,migracao,
I1.3.2,,MA,2025,210,script,2026-09-30,pesquisa-eixo1,"PRODES 2025, taxa consolidada"
I1.3.2,,MT,,1593,script,2026-09-30,pesquisa-eixo1,"PRODES 2025, taxa consolidada"
I1.3.2,,MT,2020,1779,migracao,2026-09-13,migracao,
I1.3.2,,MT,2021,2213,migracao,2026-09-13,migracao,
I1.3.2,,MT,2022,1927,migracao,2026-09-13,migracao,
I1.3.2,,MT,2023,2048,migracao,2026-09-13,migracao,
I1.3.2,,MT,2024,1257,migracao,2026-09-13,migracao,
I1.3.2,,MT,2025,1593,script,2026-09-30,pesquisa-eixo1,"PRODES 2025, taxa consolidada"
I1.3.2,,PA,,2064,script,2026-09-30,pesquisa-eixo1,"PRODES 2025, taxa consolidada"
I1.3.2,,PA,2020,4899,migracao,2026-09-13,migracao,
I1.3.2,,PA,2021,5238,migracao,2026-09-13,migracao,
I1.3.2,,PA,2022,4162,migracao,2026-09-13,migracao,
I1.3.2,,PA,2023,3299,migracao,2026-09-13,migracao,
I1.3.2,,PA,2024,2395,migracao,2026-09-13,migracao,
I1.3.2,,PA,2025,2064,script,2026-09-30,pesquisa-eixo1,"PRODES 2025, taxa consolidada"
I1.3.2,,RO,,229,script,2026-09-30,pesquisa-eixo1,"PRODES 2025, taxa consolidada"
I1.3.2,,RO,2020,1273,migracao,2026-09-13,migracao,
I1.3.2,,RO,2021,1673,migracao,2026-09-13,migracao,
I1.3.2,,RO,2022,1480,migracao,2026-09-13,migracao,
I1.3.2,,RO,2023,867,migracao,2026-09-13,migracao,
I1.3.2,,RO,2024,360,migracao,2026-09-13,migracao,
I1.3.2,,RO,2025,229,script,2026-09-30,pesquisa-eixo1,"PRODES 2025, taxa consolidada"
I1.3.2,,RR,,285,script,2026-09-30,pesquisa-eixo1,"PRODES 2025, taxa consolidada"
I1.3.2,,RR,2020,297,migracao,2026-09-13,migracao,
I1.3.2,,RR,2021,315,migracao,2026-09-13,migracao,
I1.3.2,,RR,2022,279,migracao,2026-09-13,migracao,
I1.3.2,,RR,2023,284,migracao,2026-09-13,migracao,
I1.3.2,,RR,2024,468,migracao,2026-09-13,migracao,
I1.3.2,,RR,2025,285,script,2026-09-30,pesquisa-eixo1,"PRODES 2025, taxa consolidada"
I1.3.2,,TO,,30,script,2026-09-30,pesquisa-eixo1,"PRODES 2025, taxa consolidada"
I1.3.2,,TO,2020,25,migracao,2026-09-13,migracao,
I1.3.2,,TO,2021,37,migracao,2026-09-13,migracao,
I1.3.2,,TO,2022,27,migracao,2026-09-13,migracao,
I1.3.2,,TO,2023,32,migracao,2026-09-13,migracao,
I1.3.2,,TO,2024,32,migracao,2026-09-13,migracao,
I1.3.2,,TO,2025,30,script,2026-09-30,pesquisa-eixo1,"PRODES 2025, taxa consolidada"
I1.3.2,media2020_2024,AC,,697,migracao,2026-09-13,migracao,
I1.3.2,media2020_2024,AM,,1849,migracao,2026-09-13,migracao,
I1.3.2,media2020_2024,AP,,19.8,migracao,2026-09-13,migracao,
I1.3.2,media2020_2024,MA,,314,migracao,2026-09-13,migracao,
I1.3.2,media2020_2024,MT,,1844.8,migracao,2026-09-13,migracao,
I1.3.2,media2020_2024,PA,,3998.6,migracao,2026-09-13,migracao,
I1.3.2,media2020_2024,RO,,1130.6,migracao,2026-09-13,migracao,
I1.3.2,media2020_2024,RR,,328.6,migracao,2026-09-13,migracao,
I1.3.2,media2020_2024,TO,,30.6,migracao,2026-09-13,migracao,
I1.3.2,totalAcumulado2008_2024,AC,,7299,migracao,2026-09-13,migracao,
I1.3.2,totalAcumulado2008_2024,AM,,18278,migracao,2026-09-13,migracao,
I1.3.2,totalAcumulado2008_2024,AP,,591,migracao,2026-09-13,migracao,
I1.3.2,totalAcumulado2008_2024,MA,,6928,migracao,2026-09-13,migracao,
I1.3.2,totalAcumulado2008_2024,MT,,26336,migracao,2026-09-13,migracao,
I1.3.2,totalAcumulado2008_2024,PA,,57127,migracao,2026-09-13,migracao,
I1.3.2,totalAcumulado2008_2024,RO,,17182,migracao,2026-09-13,migracao,
I1.3.2,totalAcumulado2008_2024,RR,,4523,migracao,2026-09-13,migracao,
I1.3.2,totalAcumulado2008_2024,TO,,780,migracao,2026-09-13,migracao,
I1.3.4,,AC,,7826,script,2026-09-30,pesquisa-eixo1,média 2015–2024
I1.3.4,,AC,2015,5779,script,2026-09-30,pesquisa-eixo1,"INPE Queimadas, satélite AQUA_M-T, estado inteiro"
I1.3.4,,AC,2016,7684,script,2026-09-30,pesquisa-eixo1,"INPE Queimadas, satélite AQUA_M-T, estado inteiro"
I1.3.4,,AC,2017,6295,script,2026-09-30,pesquisa-eixo1,"INPE Queimadas, satélite AQUA_M-T, estado inteiro"
I1.3.4,,AC,2018,6626,script,2026-09-30,pesquisa-eixo1,"INPE Queimadas, satélite AQUA_M-T, estado inteiro"
I1.3.4,,AC,2019,6802,script,2026-09-30,pesquisa-eixo1,"INPE Queimadas, satélite AQUA_M-T, estado inteiro"
I1.3.4,,AC,2020,9193,script,2026-09-30,pesquisa-eixo1,"INPE Queimadas, satélite AQUA_M-T, estado inteiro"
I1.3.4,,AC,2021,8828,script,2026-09-30,pesquisa-eixo1,"INPE Queimadas, satélite AQUA_M-T, estado inteiro"
I1.3.4,,AC,2022,11840,script,2026-09-30,pesquisa-eixo1,"INPE Queimadas, satélite AQUA_M-T, estado inteiro"
I1.3.4,,AC,2023,6562,script,2026-09-30,pesquisa-eixo1,"INPE Queimadas, satélite AQUA_M-T, estado inteiro"
I1.3.4,,AC,2024,8658,script,2026-09-30,pesquisa-eixo1,"INPE Queimadas, satélite AQUA_M-T, estado inteiro"
I1.3.4,,AC,2025,2184,script,2026-09-30,pesquisa-eixo1,"INPE Queimadas, satélite AQUA_M-T, estado inteiro"
I1.3.4,,AM,,15829,script,2026-09-30,pesquisa-eixo1,média 2015–2024
I1.3.4,,AM,2015,13419,script,2026-09-30,pesquisa-eixo1,"INPE Queimadas, satélite AQUA_M-T, estado inteiro"
I1.3.4,,AM,2016,11173,script,2026-09-30,pesquisa-eixo1,"INPE Queimadas, satélite AQUA_M-T, estado inteiro"
I1.3.4,,AM,2017,11685,script,2026-09-30,pesquisa-eixo1,"INPE Queimadas, satélite AQUA_M-T, estado inteiro"
I1.3.4,,AM,2018,11446,script,2026-09-30,pesquisa-eixo1,"INPE Queimadas, satélite AQUA_M-T, estado inteiro"
I1.3.4,,AM,2019,12676,script,2026-09-30,pesquisa-eixo1,"INPE Queimadas, satélite AQUA_M-T, estado inteiro"
I1.3.4,,AM,2020,16729,script,2026-09-30,pesquisa-eixo1,"INPE Queimadas, satélite AQUA_M-T, estado inteiro"
I1.3.4,,AM,2021,14848,script,2026-09-30,pesquisa-eixo1,"INPE Queimadas, satélite AQUA_M-T, estado inteiro"
I1.3.4,,AM,2022,21217,script,2026-09-30,pesquisa-eixo1,"INPE Queimadas, satélite AQUA_M-T, estado inteiro"
I1.3.4,,AM,2023,19601,script,2026-09-30,pesquisa-eixo1,"INPE Queimadas, satélite AQUA_M-T, estado inteiro"
I1.3.4,,AM,2024,25499,script,2026-09-30,pesquisa-eixo1,"INPE Queimadas, satélite AQUA_M-T, estado inteiro"
I1.3.4,,AM,2025,4545,script,2026-09-30,pesquisa-eixo1,"INPE Queimadas, satélite AQUA_M-T, estado inteiro"
I1.3.4,,AP,,1694,script,2026-09-30,pesquisa-eixo1,média 2015–2024
I1.3.4,,AP,2015,2936,script,2026-09-30,pesquisa-eixo1,"INPE Queimadas, satélite AQUA_M-T, estado inteiro"
I1.3.4,,AP,2016,2595,script,2026-09-30,pesquisa-eixo1,"INPE Queimadas, satélite AQUA_M-T, estado inteiro"
I1.3.4,,AP,2017,1946,script,2026-09-30,pesquisa-eixo1,"INPE Queimadas, satélite AQUA_M-T, estado inteiro"
I1.3.4,,AP,2018,1206,script,2026-09-30,pesquisa-eixo1,"INPE Queimadas, satélite AQUA_M-T, estado inteiro"
I1.3.4,,AP,2019,1277,script,2026-09-30,pesquisa-eixo1,"INPE Queimadas, satélite AQUA_M-T, estado inteiro"
I1.3.4,,AP,2020,750,script,2026-09-30,pesquisa-eixo1,"INPE Queimadas, satélite AQUA_M-T, estado inteiro"
I1.3.4,,AP,2021,676,script,2026-09-30,pesquisa-eixo1,"INPE Queimadas, satélite AQUA_M-T, estado inteiro"
I1.3.4,,AP,2022,990,script,2026-09-30,pesquisa-eixo1,"INPE Queimadas, satélite AQUA_M-T, estado inteiro"
I1.3.4,,AP,2023,2552,script,2026-09-30,pesquisa-eixo1,"INPE Queimadas, satélite AQUA_M-T, estado inteiro"
I1.3.4,,AP,2024,2014,script,2026-09-30,pesquisa-eixo1,"INPE Queimadas, satélite AQUA_M-T, estado inteiro"
I1.3.4,,AP,2025,948,script,2026-09-30,pesquisa-eixo1,"INPE Queimadas, satélite AQUA_M-T, estado inteiro"
I1.3.4,,MA,,20532,script,2026-09-30,pesquisa-eixo1,média 2015–2024
I1.3.4,,MA,2015,28436,script,2026-09-30,pesquisa-eixo1,"INPE Queimadas, satélite AQUA_M-T, estado inteiro"
I1.3.4,,MA,2016,21789,script,2026-09-30,pesquisa-eixo1,"INPE Queimadas, satélite AQUA_M-T, estado inteiro"
I1.3.4,,MA,2017,25576,script,2026-09-30,pesquisa-eixo1,"INPE Queimadas, satélite AQUA_M-T, estado inteiro"
I1.3.4,,MA,2018,13892,script,2026-09-30,pesquisa-eixo1,"INPE Queimadas, satélite AQUA_M-T, estado inteiro"
I1.3.4,,MA,2019,18521,script,2026-09-30,pesquisa-eixo1,"INPE Queimadas, satélite AQUA_M-T, estado inteiro"
I1.3.4,,MA,2020,16817,script,2026-09-30,pesquisa-eixo1,"INPE Queimadas, satélite AQUA_M-T, estado inteiro"
I1.3.4,,MA,2021,16077,script,2026-09-30,pesquisa-eixo1,"INPE Queimadas, satélite AQUA_M-T, estado inteiro"
I1.3.4,,MA,2022,20224,script,2026-09-30,pesquisa-eixo1,"INPE Queimadas, satélite AQUA_M-T, estado inteiro"
I1.3.4,,MA,2023,21113,script,2026-09-30,pesquisa-eixo1,"INPE Queimadas, satélite AQUA_M-T, estado inteiro"
I1.3.4,,MA,2024,22879,script,2026-09-30,pesquisa-eixo1,"INPE Queimadas, satélite AQUA_M-T, estado inteiro"
I1.3.4,,MA,2025,24300,script,2026-09-30,pesquisa-eixo1,"INPE Queimadas, satélite AQUA_M-T, estado inteiro"
I1.3.4,,MT,,30669,script,2026-09-30,pesquisa-eixo1,média 2015–2024
I1.3.4,,MT,2015,27741,script,2026-09-30,pesquisa-eixo1,"INPE Queimadas, satélite AQUA_M-T, estado inteiro"
I1.3.4,,MT,2016,27305,script,2026-09-30,pesquisa-eixo1,"INPE Queimadas, satélite AQUA_M-T, estado inteiro"
I1.3.4,,MT,2017,30911,script,2026-09-30,pesquisa-eixo1,"INPE Queimadas, satélite AQUA_M-T, estado inteiro"
I1.3.4,,MT,2018,18032,script,2026-09-30,pesquisa-eixo1,"INPE Queimadas, satélite AQUA_M-T, estado inteiro"
I1.3.4,,MT,2019,31169,script,2026-09-30,pesquisa-eixo1,"INPE Queimadas, satélite AQUA_M-T, estado inteiro"
I1.3.4,,MT,2020,47708,script,2026-09-30,pesquisa-eixo1,"INPE Queimadas, satélite AQUA_M-T, estado inteiro"
I1.3.4,,MT,2021,22520,script,2026-09-30,pesquisa-eixo1,"INPE Queimadas, satélite AQUA_M-T, estado inteiro"
I1.3.4,,MT,2022,29039,script,2026-09-30,pesquisa-eixo1,"INPE Queimadas, satélite AQUA_M-T, estado inteiro"
I1.3.4,,MT,2023,21723,script,2026-09-30,pesquisa-eixo1,"INPE Queimadas, satélite AQUA_M-T, estado inteiro"
I1.3.4,,MT,2024,50551,script,2026-09-30,pesquisa-eixo1,"INPE Queimadas, satélite AQUA_M-T, estado inteiro"
I1.3.4,,MT,2025,11061,script,2026-09-30,pesquisa-eixo1,"INPE Queimadas, satélite AQUA_M-T, estado inteiro"
I1.3.4,,PA,,37558,script,2026-09-30,pesquisa-eixo1,média 2015–2024
I1.3.4,,PA,2015,43164,script,2026-09-30,pesquisa-eixo1,"INPE Queimadas, satélite AQUA_M-T, estado inteiro"
I1.3.4,,PA,2016,29724,script,2026-09-30,pesquisa-eixo1,"INPE Queimadas, satélite AQUA_M-T, estado inteiro"
I1.3.4,,PA,2017,49770,script,2026-09-30,pesquisa-eixo1,"INPE Queimadas, satélite AQUA_M-T, estado inteiro"
I1.3.4,,PA,2018,22080,script,2026-09-30,pesquisa-eixo1,"INPE Queimadas, satélite AQUA_M-T, estado inteiro"
I1.3.4,,PA,2019,30165,script,2026-09-30,pesquisa-eixo1,"INPE Queimadas, satélite AQUA_M-T, estado inteiro"
I1.3.4,,PA,2020,38603,script,2026-09-30,pesquisa-eixo1,"INPE Queimadas, satélite AQUA_M-T, estado inteiro"
I1.3.4,,PA,2021,22876,script,2026-09-30,pesquisa-eixo1,"INPE Queimadas, satélite AQUA_M-T, estado inteiro"
I1.3.4,,PA,2022,41421,script,2026-09-30,pesquisa-eixo1,"INPE Queimadas, satélite AQUA_M-T, estado inteiro"
I1.3.4,,PA,2023,41715,script,2026-09-30,pesquisa-eixo1,"INPE Queimadas, satélite AQUA_M-T, estado inteiro"
I1.3.4,,PA,2024,56070,script,2026-09-30,pesquisa-eixo1,"INPE Queimadas, satélite AQUA_M-T, estado inteiro"
I1.3.4,,PA,2025,18367,script,2026-09-30,pesquisa-eixo1,"INPE Queimadas, satélite AQUA_M-T, estado inteiro"
I1.3.4,,RO,,10912,script,2026-09-30,pesquisa-eixo1,média 2015–2024
I1.3.4,,RO,2015,13113,script,2026-09-30,pesquisa-eixo1,"INPE Queimadas, satélite AQUA_M-T, estado inteiro"
I1.3.4,,RO,2016,11474,script,2026-09-30,pesquisa-eixo1,"INPE Queimadas, satélite AQUA_M-T, estado inteiro"
I1.3.4,,RO,2017,11313,script,2026-09-30,pesquisa-eixo1,"INPE Queimadas, satélite AQUA_M-T, estado inteiro"
I1.3.4,,RO,2018,10255,script,2026-09-30,pesquisa-eixo1,"INPE Queimadas, satélite AQUA_M-T, estado inteiro"
I1.3.4,,RO,2019,11230,script,2026-09-30,pesquisa-eixo1,"INPE Queimadas, satélite AQUA_M-T, estado inteiro"
I1.3.4,,RO,2020,11145,script,2026-09-30,pesquisa-eixo1,"INPE Queimadas, satélite AQUA_M-T, estado inteiro"
I1.3.4,,RO,2021,10030,script,2026-09-30,pesquisa-eixo1,"INPE Queimadas, satélite AQUA_M-T, estado inteiro"
I1.3.4,,RO,2022,12460,script,2026-09-30,pesquisa-eixo1,"INPE Queimadas, satélite AQUA_M-T, estado inteiro"
I1.3.4,,RO,2023,7417,script,2026-09-30,pesquisa-eixo1,"INPE Queimadas, satélite AQUA_M-T, estado inteiro"
I1.3.4,,RO,2024,10692,script,2026-09-30,pesquisa-eixo1,"INPE Queimadas, satélite AQUA_M-T, estado inteiro"
I1.3.4,,RO,2025,1879,script,2026-09-30,pesquisa-eixo1,"INPE Queimadas, satélite AQUA_M-T, estado inteiro"
I1.3.4,,RR,,2721,script,2026-09-30,pesquisa-eixo1,média 2015–2024
I1.3.4,,RR,2015,2452,script,2026-09-30,pesquisa-eixo1,"INPE Queimadas, satélite AQUA_M-T, estado inteiro"
I1.3.4,,RR,2016,3870,script,2026-09-30,pesquisa-eixo1,"INPE Queimadas, satélite AQUA_M-T, estado inteiro"
I1.3.4,,RR,2017,1565,script,2026-09-30,pesquisa-eixo1,"INPE Queimadas, satélite AQUA_M-T, estado inteiro"
I1.3.4,,RR,2018,2383,script,2026-09-30,pesquisa-eixo1,"INPE Queimadas, satélite AQUA_M-T, estado inteiro"
I1.3.4,,RR,2019,4784,script,2026-09-30,pesquisa-eixo1,"INPE Queimadas, satélite AQUA_M-T, estado inteiro"
I1.3.4,,RR,2020,1930,script,2026-09-30,pesquisa-eixo1,"INPE Queimadas, satélite AQUA_M-T, estado inteiro"
I1.3.4,,RR,2021,989,script,2026-09-30,pesquisa-eixo1,"INPE Queimadas, satélite AQUA_M-T, estado inteiro"
I1.3.4,,RR,2022,1223,script,2026-09-30,pesquisa-eixo1,"INPE Queimadas, satélite AQUA_M-T, estado inteiro"
I1.3.4,,RR,2023,2659,script,2026-09-30,pesquisa-eixo1,"INPE Queimadas, satélite AQUA_M-T, estado inteiro"
I1.3.4,,RR,2024,5358,script,2026-09-30,pesquisa-eixo1,"INPE Queimadas, satélite AQUA_M-T, estado inteiro"
I1.3.4,,RR,2025,1539,script,2026-09-30,pesquisa-eixo1,"INPE Queimadas, satélite AQUA_M-T, estado inteiro"
I1.3.4,,TO,,12866,script,2026-09-30,pesquisa-eixo1,média 2015–2024
I1.3.4,,TO,2015,15705,script,2026-09-30,pesquisa-eixo1,"INPE Queimadas, satélite AQUA_M-T, estado inteiro"
I1.3.4,,TO,2016,14494,script,2026-09-30,pesquisa-eixo1,"INPE Queimadas, satélite AQUA_M-T, estado inteiro"
I1.3.4,,TO,2017,15673,script,2026-09-30,pesquisa-eixo1,"INPE Queimadas, satélite AQUA_M-T, estado inteiro"
I1.3.4,,TO,2018,8033,script,2026-09-30,pesquisa-eixo1,"INPE Queimadas, satélite AQUA_M-T, estado inteiro"
I1.3.4,,TO,2019,13625,script,2026-09-30,pesquisa-eixo1,"INPE Queimadas, satélite AQUA_M-T, estado inteiro"
I1.3.4,,TO,2020,12093,script,2026-09-30,pesquisa-eixo1,"INPE Queimadas, satélite AQUA_M-T, estado inteiro"
I1.3.4,,TO,2021,10007,script,2026-09-30,pesquisa-eixo1,"INPE Queimadas, satélite AQUA_M-T, estado inteiro"
I1.3.4,,TO,2022,12145,script,2026-09-30,pesquisa-eixo1,"INPE Queimadas, satélite AQUA_M-T, estado inteiro"
I1.3.4,,TO,2023,9641,script,2026-09-30,pesquisa-eixo1,"INPE Queimadas, satélite AQUA_M-T, estado inteiro"
I1.3.4,,TO,2024,17251,script,2026-09-30,pesquisa-eixo1,"INPE Queimadas, satélite AQUA_M-T, estado inteiro"
I1.3.4,,TO,2025,11548,script,2026-09-30,pesquisa-eixo1,"INPE Queimadas, satélite AQUA_M-T, estado inteiro"
I1.5.8,,AC,,0,script,2026-09-30,pesquisa-eixo1,"% com análise concluída, 2026"
I1.5.8,,AC,2024,0,script,2026-09-30,pesquisa-eixo1,% dos registros PCT com análise concluída
I1.5.8,,AC,2025,0,script,2026-09-30,pesquisa-eixo1,% dos registros PCT com análise concluída
I1.5.8,,AC,2026,0,script,2026-09-30,pesquisa-eixo1,% dos registros PCT com análise concluída
I1.5.8,,AM,,0,script,2026-09-30,pesquisa-eixo1,"% com análise concluída, 2026"
I1.5.8,,AM,2024,0,script,2026-09-30,pesquisa-eixo1,% dos registros PCT com análise concluída
I1.5.8,,AM,2025,0,script,2026-09-30,pesquisa-eixo1,% dos registros PCT com análise concluída
I1.5.8,,AM,2026,0,script,2026-09-30,pesquisa-eixo1,% dos registros PCT com análise concluída
I1.5.8,,AP,,0,script,2026-09-30,pesquisa-eixo1,"% com análise concluída, 2026"
I1.5.8,,AP,2024,0,script,2026-09-30,pesquisa-eixo1,% dos registros PCT com análise concluída
I1.5.8,,AP,2025,0,script,2026-09-30,pesquisa-eixo1,% dos registros PCT com análise concluída
I1.5.8,,AP,2026,0,script,2026-09-30,pesquisa-eixo1,% dos registros PCT com análise concluída
I1.5.8,,MA,,0,script,2026-09-30,pesquisa-eixo1,"% com análise concluída, 2026"
I1.5.8,,MA,2024,0,script,2026-09-30,pesquisa-eixo1,% dos registros PCT com análise concluída
I1.5.8,,MA,2025,0,script,2026-09-30,pesquisa-eixo1,% dos registros PCT com análise concluída
I1.5.8,,MA,2026,0,script,2026-09-30,pesquisa-eixo1,% dos registros PCT com análise concluída
I1.5.8,,MT,,0,script,2026-09-30,pesquisa-eixo1,"% com análise concluída, 2026"
I1.5.8,,MT,2024,0,script,2026-09-30,pesquisa-eixo1,% dos registros PCT com análise concluída
I1.5.8,,MT,2025,0,script,2026-09-30,pesquisa-eixo1,% dos registros PCT com análise concluída
I1.5.8,,MT,2026,0,script,2026-09-30,pesquisa-eixo1,% dos registros PCT com análise concluída
I1.5.8,,PA,,3.2787,script,2026-09-30,pesquisa-eixo1,"% com análise concluída, 2026"
I1.5.8,,PA,2024,3.2895,script,2026-09-30,pesquisa-eixo1,% dos registros PCT com análise concluída
I1.5.8,,PA,2025,4.0462,script,2026-09-30,pesquisa-eixo1,% dos registros PCT com análise concluída
I1.5.8,,PA,2026,3.2787,script,2026-09-30,pesquisa-eixo1,% dos registros PCT com análise concluída
I1.5.8,,RO,,0,script,2026-09-30,pesquisa-eixo1,"% com análise concluída, 2026"
I1.5.8,,RO,2024,0,script,2026-09-30,pesquisa-eixo1,% dos registros PCT com análise concluída
I1.5.8,,RO,2025,0,script,2026-09-30,pesquisa-eixo1,% dos registros PCT com análise concluída
I1.5.8,,RO,2026,0,script,2026-09-30,pesquisa-eixo1,% dos registros PCT com análise concluída
I1.5.8,,RR,,0,script,2026-09-30,pesquisa-eixo1,"% com análise concluída, 2026"
I1.5.8,,RR,2024,0,script,2026-09-30,pesquisa-eixo1,% dos registros PCT com análise concluída
I1.5.8,,RR,2025,0,script,2026-09-30,pesquisa-eixo1,% dos registros PCT com análise concluída
I1.5.8,,RR,2026,0,script,2026-09-30,pesquisa-eixo1,% dos registros PCT com análise concluída
I1.5.8,,TO,,0,script,2026-09-30,pesquisa-eixo1,"% com análise concluída, 2026"
I1.5.8,,TO,2024,0,script,2026-09-30,pesquisa-eixo1,% dos registros PCT com análise concluída
I1.5.8,,TO,2025,0,script,2026-09-30,pesquisa-eixo1,% dos registros PCT com análise concluída
I1.5.8,,TO,2026,0,script,2026-09-30,pesquisa-eixo1,% dos registros PCT com análise concluída
I1.5.8,concluidos,AC,,0,script,2026-09-30,pesquisa-eixo1,"análise concluída, posição de 2026 (parcial, set/2026)"
I1.5.8,concluidos,AM,,0,script,2026-09-30,pesquisa-eixo1,"análise concluída, posição de 2026 (parcial, set/2026)"
I1.5.8,concluidos,AP,,0,script,2026-09-30,pesquisa-eixo1,"análise concluída, posição de 2026 (parcial, set/2026)"
I1.5.8,concluidos,MA,,0,script,2026-09-30,pesquisa-eixo1,"análise concluída, posição de 2026 (parcial, set/2026)"
I1.5.8,concluidos,MT,,0,script,2026-09-30,pesquisa-eixo1,"análise concluída, posição de 2026 (parcial, set/2026)"
I1.5.8,concluidos,PA,,6,script,2026-09-30,pesquisa-eixo1,"análise concluída, posição de 2026 (parcial, set/2026)"
I1.5.8,concluidos,RO,,0,script,2026-09-30,pesquisa-eixo1,"análise concluída, posição de 2026 (parcial, set/2026)"
I1.5.8,concluidos,RR,,0,script,2026-09-30,pesquisa-eixo1,"análise concluída, posição de 2026 (parcial, set/2026)"
I1.5.8,concluidos,TO,,0,script,2026-09-30,pesquisa-eixo1,"análise concluída, posição de 2026 (parcial, set/2026)"
I1.5.8,concluidos2024,AC,,0,script,2026-09-30,pesquisa-eixo1,registros PCT com análise da regularidade concluída em 2024
I1.5.8,concluidos2024,AM,,0,script,2026-09-30,pesquisa-eixo1,registros PCT com análise da regularidade concluída em 2024
I1.5.8,concluidos2024,AP,,0,script,2026-09-30,pesquisa-eixo1,registros PCT com análise da regularidade concluída em 2024
I1.5.8,concluidos2024,MA,,0,script,2026-09-30,pesquisa-eixo1,registros PCT com análise da regularidade concluída em 2024
I1.5.8,concluidos2024,MT,,0,script,2026-09-30,pesquisa-eixo1,registros PCT com análise da regularidade concluída em 2024
I1.5.8,concluidos2024,PA,,5,script,2026-09-30,pesquisa-eixo1,registros PCT com análise da regularidade concluída em 2024
I1.5.8,concluidos2024,RO,,0,script,2026-09-30,pesquisa-eixo1,registros PCT com análise da regularidade concluída em 2024
I1.5.8,concluidos2024,RR,,0,script,2026-09-30,pesquisa-eixo1,registros PCT com análise da regularidade concluída em 2024
I1.5.8,concluidos2024,TO,,0,script,2026-09-30,pesquisa-eixo1,registros PCT com análise da regularidade concluída em 2024
I1.5.8,concluidos2025,AC,,0,script,2026-09-30,pesquisa-eixo1,registros PCT com análise da regularidade concluída em 2025
I1.5.8,concluidos2025,AM,,0,script,2026-09-30,pesquisa-eixo1,registros PCT com análise da regularidade concluída em 2025
I1.5.8,concluidos2025,AP,,0,script,2026-09-30,pesquisa-eixo1,registros PCT com análise da regularidade concluída em 2025
I1.5.8,concluidos2025,MA,,0,script,2026-09-30,pesquisa-eixo1,registros PCT com análise da regularidade concluída em 2025
I1.5.8,concluidos2025,MT,,0,script,2026-09-30,pesquisa-eixo1,registros PCT com análise da regularidade concluída em 2025
I1.5.8,concluidos2025,PA,,7,script,2026-09-30,pesquisa-eixo1,registros PCT com análise da regularidade concluída em 2025
I1.5.8,concluidos2025,RO,,0,script,2026-09-30,pesquisa-eixo1,registros PCT com análise da regularidade concluída em 2025
I1.5.8,concluidos2025,RR,,0,script,2026-09-30,pesquisa-eixo1,registros PCT com análise da regularidade concluída em 2025
I1.5.8,concluidos2025,TO,,0,script,2026-09-30,pesquisa-eixo1,registros PCT com análise da regularidade concluída em 2025
I1.5.8,concluidos2026,AC,,0,script,2026-09-30,pesquisa-eixo1,registros PCT com análise da regularidade concluída em 2026
I1.5.8,concluidos2026,AM,,0,script,2026-09-30,pesquisa-eixo1,registros PCT com análise da regularidade concluída em 2026
I1.5.8,concluidos2026,AP,,0,script,2026-09-30,pesquisa-eixo1,registros PCT com análise da regularidade concluída em 2026
I1.5.8,concluidos2026,MA,,0,script,2026-09-30,pesquisa-eixo1,registros PCT com análise da regularidade concluída em 2026
I1.5.8,concluidos2026,MT,,0,script,2026-09-30,pesquisa-eixo1,registros PCT com análise da regularidade concluída em 2026
I1.5.8,concluidos2026,PA,,6,script,2026-09-30,pesquisa-eixo1,registros PCT com análise da regularidade concluída em 2026
I1.5.8,concluidos2026,RO,,0,script,2026-09-30,pesquisa-eixo1,registros PCT com análise da regularidade concluída em 2026
I1.5.8,concluidos2026,RR,,0,script,2026-09-30,pesquisa-eixo1,registros PCT com análise da regularidade concluída em 2026
I1.5.8,concluidos2026,TO,,0,script,2026-09-30,pesquisa-eixo1,registros PCT com análise da regularidade concluída em 2026
I1.5.8,inscritos,AC,,7,script,2026-09-30,pesquisa-eixo1,"inscritos, posição de 2026 (parcial, set/2026)"
I1.5.8,inscritos,AM,,58,script,2026-09-30,pesquisa-eixo1,"inscritos, posição de 2026 (parcial, set/2026)"
I1.5.8,inscritos,AP,,14,script,2026-09-30,pesquisa-eixo1,"inscritos, posição de 2026 (parcial, set/2026)"
I1.5.8,inscritos,MA,,686,script,2026-09-30,pesquisa-eixo1,"inscritos, posição de 2026 (parcial, set/2026)"
I1.5.8,inscritos,MT,,1,script,2026-09-30,pesquisa-eixo1,"inscritos, posição de 2026 (parcial, set/2026)"
I1.5.8,inscritos,PA,,183,script,2026-09-30,pesquisa-eixo1,"inscritos, posição de 2026 (parcial, set/2026)"
I1.5.8,inscritos,RO,,6,script,2026-09-30,pesquisa-eixo1,"inscritos, posição de 2026 (parcial, set/2026)"
I1.5.8,inscritos,RR,,1,script,2026-09-30,pesquisa-eixo1,"inscritos, posição de 2026 (parcial, set/2026)"
I1.5.8,inscritos,TO,,10,script,2026-09-30,pesquisa-eixo1,"inscritos, posição de 2026 (parcial, set/2026)"
I1.5.8,inscritos2021,AC,,7,script,2026-09-30,pesquisa-eixo1,registros PCT inscritos no SICAR em 2021
I1.5.8,inscritos2021,AM,,53,script,2026-09-30,pesquisa-eixo1,registros PCT inscritos no SICAR em 2021
I1.5.8,inscritos2021,AP,,6,script,2026-09-30,pesquisa-eixo1,registros PCT inscritos no SICAR em 2021
I1.5.8,inscritos2021,MA,,678,script,2026-09-30,pesquisa-eixo1,registros PCT inscritos no SICAR em 2021
I1.5.8,inscritos2021,MT,,1,script,2026-09-30,pesquisa-eixo1,registros PCT inscritos no SICAR em 2021
I1.5.8,inscritos2021,PA,,94,script,2026-09-30,pesquisa-eixo1,registros PCT inscritos no SICAR em 2021
I1.5.8,inscritos2021,RO,,6,script,2026-09-30,pesquisa-eixo1,registros PCT inscritos no SICAR em 2021
I1.5.8,inscritos2021,RR,,1,script,2026-09-30,pesquisa-eixo1,registros PCT inscritos no SICAR em 2021
I1.5.8,inscritos2021,TO,,12,script,2026-09-30,pesquisa-eixo1,registros PCT inscritos no SICAR em 2021
I1.5.8,inscritos2022,AC,,7,script,2026-09-30,pesquisa-eixo1,registros PCT inscritos no SICAR em 2022
I1.5.8,inscritos2022,AM,,53,script,2026-09-30,pesquisa-eixo1,registros PCT inscritos no SICAR em 2022
I1.5.8,inscritos2022,AP,,6,script,2026-09-30,pesquisa-eixo1,registros PCT inscritos no SICAR em 2022
I1.5.8,inscritos2022,MA,,680,script,2026-09-30,pesquisa-eixo1,registros PCT inscritos no SICAR em 2022
I1.5.8,inscritos2022,MT,,1,script,2026-09-30,pesquisa-eixo1,registros PCT inscritos no SICAR em 2022
I1.5.8,inscritos2022,PA,,107,script,2026-09-30,pesquisa-eixo1,registros PCT inscritos no SICAR em 2022
I1.5.8,inscritos2022,RO,,6,script,2026-09-30,pesquisa-eixo1,registros PCT inscritos no SICAR em 2022
I1.5.8,inscritos2022,RR,,1,script,2026-09-30,pesquisa-eixo1,registros PCT inscritos no SICAR em 2022
I1.5.8,inscritos2022,TO,,9,script,2026-09-30,pesquisa-eixo1,registros PCT inscritos no SICAR em 2022
I1.5.8,inscritos2023,AC,,7,script,2026-09-30,pesquisa-eixo1,registros PCT inscritos no SICAR em 2023
I1.5.8,inscritos2023,AM,,52,script,2026-09-30,pesquisa-eixo1,registros PCT inscritos no SICAR em 2023
I1.5.8,inscritos2023,AP,,6,script,2026-09-30,pesquisa-eixo1,registros PCT inscritos no SICAR em 2023
I1.5.8,inscritos2023,MA,,680,script,2026-09-30,pesquisa-eixo1,registros PCT inscritos no SICAR em 2023
I1.5.8,inscritos2023,MT,,1,script,2026-09-30,pesquisa-eixo1,registros PCT inscritos no SICAR em 2023
I1.5.8,inscritos2023,PA,,119,script,2026-09-30,pesquisa-eixo1,registros PCT inscritos no SICAR em 2023
I1.5.8,inscritos2023,RO,,6,script,2026-09-30,pesquisa-eixo1,registros PCT inscritos no SICAR em 2023
I1.5.8,inscritos2023,RR,,1,script,2026-09-30,pesquisa-eixo1,registros PCT inscritos no SICAR em 2023
I1.5.8,inscritos2023,TO,,9,script,2026-09-30,pesquisa-eixo1,registros PCT inscritos no SICAR em 2023
I1.5.8,inscritos2024,AC,,7,script,2026-09-30,pesquisa-eixo1,registros PCT inscritos no SICAR em 2024
I1.5.8,inscritos2024,AM,,52,script,2026-09-30,pesquisa-eixo1,registros PCT inscritos no SICAR em 2024
I1.5.8,inscritos2024,AP,,9,script,2026-09-30,pesquisa-eixo1,registros PCT inscritos no SICAR em 2024
I1.5.8,inscritos2024,MA,,683,script,2026-09-30,pesquisa-eixo1,registros PCT inscritos no SICAR em 2024
I1.5.8,inscritos2024,MT,,1,script,2026-09-30,pesquisa-eixo1,registros PCT inscritos no SICAR em 2024
I1.5.8,inscritos2024,PA,,152,script,2026-09-30,pesquisa-eixo1,registros PCT inscritos no SICAR em 2024
I1.5.8,inscritos2024,RO,,6,script,2026-09-30,pesquisa-eixo1,registros PCT inscritos no SICAR em 2024
I1.5.8,inscritos2024,RR,,1,script,2026-09-30,pesquisa-eixo1,registros PCT inscritos no SICAR em 2024
I1.5.8,inscritos2024,TO,,10,script,2026-09-30,pesquisa-eixo1,registros PCT inscritos no SICAR em 2024
I1.5.8,inscritos2025,AC,,7,script,2026-09-30,pesquisa-eixo1,registros PCT inscritos no SICAR em 2025
I1.5.8,inscritos2025,AM,,52,script,2026-09-30,pesquisa-eixo1,registros PCT inscritos no SICAR em 2025
I1.5.8,inscritos2025,AP,,12,script,2026-09-30,pesquisa-eixo1,registros PCT inscritos no SICAR em 2025
I1.5.8,inscritos2025,MA,,685,script,2026-09-30,pesquisa-eixo1,registros PCT inscritos no SICAR em 2025
I1.5.8,inscritos2025,MT,,1,script,2026-09-30,pesquisa-eixo1,registros PCT inscritos no SICAR em 2025
I1.5.8,inscritos2025,PA,,173,script,2026-09-30,pesquisa-eixo1,registros PCT inscritos no SICAR em 2025
I1.5.8,inscritos2025,RO,,6,script,2026-09-30,pesquisa-eixo1,registros PCT inscritos no SICAR em 2025
I1.5.8,inscritos2025,RR,,1,script,2026-09-30,pesquisa-eixo1,registros PCT inscritos no SICAR em 2025
I1.5.8,inscritos2025,TO,,10,script,2026-09-30,pesquisa-eixo1,registros PCT inscritos no SICAR em 2025
I1.5.8,inscritos2026,AC,,7,script,2026-09-30,pesquisa-eixo1,registros PCT inscritos no SICAR em 2026
I1.5.8,inscritos2026,AM,,58,script,2026-09-30,pesquisa-eixo1,registros PCT inscritos no SICAR em 2026
I1.5.8,inscritos2026,AP,,14,script,2026-09-30,pesquisa-eixo1,registros PCT inscritos no SICAR em 2026
I1.5.8,inscritos2026,MA,,686,script,2026-09-30,pesquisa-eixo1,registros PCT inscritos no SICAR em 2026
I1.5.8,inscritos2026,MT,,1,script,2026-09-30,pesquisa-eixo1,registros PCT inscritos no SICAR em 2026
I1.5.8,inscritos2026,PA,,183,script,2026-09-30,pesquisa-eixo1,registros PCT inscritos no SICAR em 2026
I1.5.8,inscritos2026,RO,,6,script,2026-09-30,pesquisa-eixo1,registros PCT inscritos no SICAR em 2026
I1.5.8,inscritos2026,RR,,1,script,2026-09-30,pesquisa-eixo1,registros PCT inscritos no SICAR em 2026
I1.5.8,inscritos2026,TO,,10,script,2026-09-30,pesquisa-eixo1,registros PCT inscritos no SICAR em 2026
I2.1.1,,AC,,18,migracao,2026-09-13,migracao,
I2.1.1,,AM,,14,migracao,2026-09-13,migracao,
I2.1.1,,AP,,11.2,migracao,2026-09-13,migracao,
I2.1.1,,MA,,22.1,migracao,2026-09-13,migracao,
I2.1.1,,MT,,3.3,migracao,2026-09-13,migracao,
I2.1.1,,PA,,14.8,migracao,2026-09-13,migracao,
I2.1.1,,RO,,5.5,migracao,2026-09-13,migracao,
I2.1.1,,RR,,14.3,migracao,2026-09-13,migracao,
I2.1.1,,TO,,9.1,migracao,2026-09-13,migracao,
I2.1.1,linha50medianaRs,AC,,375.19,migracao,2026-09-13,migracao,
I2.1.1,linha50medianaRs,AM,,406.89,migracao,2026-09-13,migracao,
I2.1.1,linha50medianaRs,AP,,457.9,migracao,2026-09-13,migracao,
I2.1.1,linha50medianaRs,MA,,358.51,migracao,2026-09-13,migracao,
I2.1.1,linha50medianaRs,MT,,804.06,migracao,2026-09-13,migracao,
I2.1.1,linha50medianaRs,PA,,418.89,migracao,2026-09-13,migracao,
I2.1.1,linha50medianaRs,RO,,626.84,migracao,2026-09-13,migracao,
I2.1.1,linha50medianaRs,RR,,439.4,migracao,2026-09-13,migracao,
I2.1.1,linha50medianaRs,TO,,580.4,migracao,2026-09-13,migracao,
I2.1.1,pct50mediana,AC,,42.9,migracao,2026-09-13,migracao,
I2.1.1,pct50mediana,AM,,37.8,migracao,2026-09-13,migracao,
I2.1.1,pct50mediana,AP,,34.7,migracao,2026-09-13,migracao,
I2.1.1,pct50mediana,MA,,43.9,migracao,2026-09-13,migracao,
I2.1.1,pct50mediana,MT,,11.7,migracao,2026-09-13,migracao,
I2.1.1,pct50mediana,PA,,37.3,migracao,2026-09-13,migracao,
I2.1.1,pct50mediana,RO,,19.3,migracao,2026-09-13,migracao,
I2.1.1,pct50mediana,RR,,36,migracao,2026-09-13,migracao,
I2.1.1,pct50mediana,TO,,23.1,migracao,2026-09-13,migracao,
I2.1.1,pct685,AC,,45.9,migracao,2026-09-13,migracao,
I2.1.1,pct685,AM,,39.2,migracao,2026-09-13,migracao,
I2.1.1,pct685,AP,,35.8,migracao,2026-09-13,migracao,
I2.1.1,pct685,MA,,45.8,migracao,2026-09-13,migracao,
I2.1.1,pct685,MT,,13.1,migracao,2026-09-13,migracao,
I2.1.1,pct685,PA,,38.6,migracao,2026-09-13,migracao,
I2.1.1,pct685,RO,,20.5,migracao,2026-09-13,migracao,
I2.1.1,pct685,RR,,37.6,migracao,2026-09-13,migracao,
I2.1.1,pct685,TO,,23.9,migracao,2026-09-13,migracao,
I2.1.1,pctExtrema215,AC,,7.6,migracao,2026-09-13,migracao,
I2.1.1,pctExtrema215,AM,,5.1,migracao,2026-09-13,migracao,
I2.1.1,pctExtrema215,AP,,3.9,migracao,2026-09-13,migracao,
I2.1.1,pctExtrema215,MA,,10.1,migracao,2026-09-13,migracao,
I2.1.1,pctExtrema215,MT,,1.6,migracao,2026-09-13,migracao,
I2.1.1,pctExtrema215,PA,,4.6,migracao,2026-09-13,migracao,
I2.1.1,pctExtrema215,RO,,1.7,migracao,2026-09-13,migracao,
I2.1.1,pctExtrema215,RR,,6.5,migracao,2026-09-13,migracao,
I2.1.1,pctExtrema215,TO,,3.8,migracao,2026-09-13,migracao,
I2.1.1,populacaoMil,AC,,860,migracao,2026-09-13,migracao,
I2.1.1,populacaoMil,AM,,4.116,migracao,2026-09-13,migracao,
I2.1.1,populacaoMil,AP,,794,migracao,2026-09-13,migracao,
I2.1.1,populacaoMil,MA,,6.965,migracao,2026-09-13,migracao,
I2.1.1,populacaoMil,MT,,3.788,migracao,2026-09-13,migracao,
I2.1.1,populacaoMil,PA,,8.607,migracao,2026-09-13,migracao,
I2.1.1,populacaoMil,RO,,1.732,migracao,2026-09-13,migracao,
I2.1.1,populacaoMil,RR,,627,migracao,2026-09-13,migracao,
I2.1.1,populacaoMil,TO,,1.561,migracao,2026-09-13,migracao,
I2.2.1,,AC,,3.6,migracao,2026-09-13,migracao,
I2.2.1,,AM,,2.67,migracao,2026-09-13,migracao,
I2.2.1,,AP,,3.26,migracao,2026-09-13,migracao,
I2.2.1,,MA,,2.34,migracao,2026-09-13,migracao,
I2.2.1,,MT,,2.69,migracao,2026-09-13,migracao,
I2.2.1,,PA,,2.48,migracao,2026-09-13,migracao,
I2.2.1,,RO,,2.44,migracao,2026-09-13,migracao,
I2.2.1,,RR,,3.45,migracao,2026-09-13,migracao,
I2.2.1,,TO,,2.59,migracao,2026-09-13,migracao,
I2.2.1,obitos5a74_2024,AC,,2541,script,2026-09-25,estrategia_brutos_set2026,
I2.2.1,obitos5a74_2024,AM,,12724,script,2026-09-25,estrategia_brutos_set2026,
I2.2.1,obitos5a74_2024,AP,,2510,script,2026-09-25,estrategia_brutos_set2026,
I2.2.1,obitos5a74_2024,MA,,23422,script,2026-09-25,estrategia_brutos_set2026,
I2.2.1,obitos5a74_2024,MT,,14046,script,2026-09-25,estrategia_brutos_set2026,
I2.2.1,obitos5a74_2024,PA,,27113,script,2026-09-25,estrategia_brutos_set2026,
I2.2.1,obitos5a74_2024,RO,,6172,script,2026-09-25,estrategia_brutos_set2026,
I2.2.1,obitos5a74_2024,RR,,1989,script,2026-09-25,estrategia_brutos_set2026,
I2.2.1,obitos5a74_2024,TO,,5384,script,2026-09-25,estrategia_brutos_set2026,
I2.2.1,obitosEvitaveisMenor5,AC,,317,migracao,2026-09-13,migracao,
I2.2.1,obitosEvitaveisMenor5,AM,,1173,migracao,2026-09-13,migracao,
I2.2.1,obitosEvitaveisMenor5,AP,,275,migracao,2026-09-13,migracao,
I2.2.1,obitosEvitaveisMenor5,MA,,1430,migracao,2026-09-13,migracao,
I2.2.1,obitosEvitaveisMenor5,MT,,953,migracao,2026-09-13,migracao,
I2.2.1,obitosEvitaveisMenor5,PA,,1922,migracao,2026-09-13,migracao,
I2.2.1,obitosEvitaveisMenor5,RO,,363,migracao,2026-09-13,migracao,
I2.2.1,obitosEvitaveisMenor5,RR,,295,migracao,2026-09-13,migracao,
I2.2.1,obitosEvitaveisMenor5,TO,,362,migracao,2026-09-13,migracao,
I2.2.1,pop0a4,AC,,88.08,migracao,2026-09-13,migracao,
I2.2.1,pop0a4,AM,,439.528,migracao,2026-09-13,migracao,
I2.2.1,pop0a4,AP,,84.262,migracao,2026-09-13,migracao,
I2.2.1,pop0a4,MA,,611.962,migracao,2026-09-13,migracao,
I2.2.1,pop0a4,MT,,354.86,migracao,2026-09-13,migracao,
I2.2.1,pop0a4,PA,,775.733,migracao,2026-09-13,migracao,
I2.2.1,pop0a4,RO,,148.655,migracao,2026-09-13,migracao,
I2.2.1,pop0a4,RR,,85.616,migracao,2026-09-13,migracao,
I2.2.1,pop0a4,TO,,139.963,migracao,2026-09-13,migracao,
I2.2.2,,AC,,276,migracao,2026-09-13,migracao,
I2.2.2,,AM,,1151,migracao,2026-09-13,migracao,
I2.2.2,,AP,,280,migracao,2026-09-13,migracao,
I2.2.2,,MA,,2739,migracao,2026-09-13,migracao,
I2.2.2,,MT,,1100,migracao,2026-09-13,migracao,
I2.2.2,,PA,,2583,migracao,2026-09-13,migracao,
I2.2.2,,RO,,502,migracao,2026-09-13,migracao,
I2.2.2,,RR,,257,migracao,2026-09-13,migracao,
I2.2.2,,TO,,632,migracao,2026-09-13,migracao,
I2.2.2,eap,AC,,34,migracao,2026-09-13,migracao,
I2.2.2,eap,AM,,155,migracao,2026-09-13,migracao,
I2.2.2,eap,AP,,14,migracao,2026-09-13,migracao,
I2.2.2,eap,MA,,42,migracao,2026-09-13,migracao,
I2.2.2,eap,MT,,64,migracao,2026-09-13,migracao,
I2.2.2,eap,PA,,94,migracao,2026-09-13,migracao,
I2.2.2,eap,RO,,25,migracao,2026-09-13,migracao,
I2.2.2,eap,RR,,3,migracao,2026-09-13,migracao,
I2.2.2,eap,TO,,20,migracao,2026-09-13,migracao,
I2.2.2,populacao2026,AC,,887.794,migracao,2026-09-13,migracao,
I2.2.2,populacao2026,AM,,,migracao,2026-09-13,migracao,
I2.2.2,populacao2026,AP,,809.953,migracao,2026-09-13,migracao,
I2.2.2,populacao2026,MA,,,migracao,2026-09-13,migracao,
I2.2.2,populacao2026,MT,,,migracao,2026-09-13,migracao,
I2.2.2,populacao2026,PA,,,migracao,2026-09-13,migracao,
I2.2.2,populacao2026,RO,,,migracao,2026-09-13,migracao,
I2.2.2,populacao2026,RR,,761.012,migracao,2026-09-13,migracao,
I2.2.2,populacao2026,TO,,,migracao,2026-09-13,migracao,
I2.2.3,,AC,,1,script,2026-09-25,estrategia_brutos_set2026,"Municípios com estabelecimento de telessaúde ativo, CNES (jul/2026)"
I2.2.3,,AC,2012,0,script,2026-09-25,estrategia_brutos_set2026,
I2.2.3,,AC,2013,0,script,2026-09-25,estrategia_brutos_set2026,
I2.2.3,,AC,2014,1,script,2026-09-25,estrategia_brutos_set2026,
I2.2.3,,AC,2015,1,script,2026-09-25,estrategia_brutos_set2026,
I2.2.3,,AC,2016,1,script,2026-09-25,estrategia_brutos_set2026,
I2.2.3,,AC,2017,1,script,2026-09-25,estrategia_brutos_set2026,
I2.2.3,,AC,2018,1,script,2026-09-25,estrategia_brutos_set2026,
I2.2.3,,AC,2019,1,script,2026-09-25,estrategia_brutos_set2026,
I2.2.3,,AC,2020,1,script,2026-09-25,estrategia_brutos_set2026,
I2.2.3,,AC,2021,1,script,2026-09-25,estrategia_brutos_set2026,
I2.2.3,,AC,2022,1,script,2026-09-25,estrategia_brutos_set2026,
I2.2.3,,AC,2023,1,script,2026-09-25,estrategia_brutos_set2026,
I2.2.3,,AC,2024,1,script,2026-09-25,estrategia_brutos_set2026,
I2.2.3,,AC,2025,1,script,2026-09-25,estrategia_brutos_set2026,
I2.2.3,,AC,2026,1,script,2026-09-25,estrategia_brutos_set2026,
I2.2.3,,AM,,9,script,2026-09-25,estrategia_brutos_set2026,"Municípios com estabelecimento de telessaúde ativo, CNES (jul/2026)"
I2.2.3,,AM,2012,1,script,2026-09-25,estrategia_brutos_set2026,
I2.2.3,,AM,2013,2,script,2026-09-25,estrategia_brutos_set2026,
I2.2.3,,AM,2014,3,script,2026-09-25,estrategia_brutos_set2026,
I2.2.3,,AM,2015,4,script,2026-09-25,estrategia_brutos_set2026,
I2.2.3,,AM,2016,4,script,2026-09-25,estrategia_brutos_set2026,
I2.2.3,,AM,2017,7,script,2026-09-25,estrategia_brutos_set2026,
I2.2.3,,AM,2018,9,script,2026-09-25,estrategia_brutos_set2026,
I2.2.3,,AM,2019,9,script,2026-09-25,estrategia_brutos_set2026,
I2.2.3,,AM,2020,9,script,2026-09-25,estrategia_brutos_set2026,
I2.2.3,,AM,2021,8,script,2026-09-25,estrategia_brutos_set2026,
I2.2.3,,AM,2022,8,script,2026-09-25,estrategia_brutos_set2026,
I2.2.3,,AM,2023,9,script,2026-09-25,estrategia_brutos_set2026,
I2.2.3,,AM,2024,9,script,2026-09-25,estrategia_brutos_set2026,
I2.2.3,,AM,2025,9,script,2026-09-25,estrategia_brutos_set2026,
I2.2.3,,AM,2026,9,script,2026-09-25,estrategia_brutos_set2026,
I2.2.3,,AP,,1,script,2026-09-25,estrategia_brutos_set2026,"Municípios com estabelecimento de telessaúde ativo, CNES (jul/2026)"
I2.2.3,,AP,2012,0,script,2026-09-25,estrategia_brutos_set2026,
I2.2.3,,AP,2013,0,script,2026-09-25,estrategia_brutos_set2026,
I2.2.3,,AP,2014,0,script,2026-09-25,estrategia_brutos_set2026,
I2.2.3,,AP,2015,0,script,2026-09-25,estrategia_brutos_set2026,
I2.2.3,,AP,2016,0,script,2026-09-25,estrategia_brutos_set2026,
I2.2.3,,AP,2017,0,script,2026-09-25,estrategia_brutos_set2026,
I2.2.3,,AP,2018,0,script,2026-09-25,estrategia_brutos_set2026,
I2.2.3,,AP,2019,0,script,2026-09-25,estrategia_brutos_set2026,
I2.2.3,,AP,2020,0,script,2026-09-25,estrategia_brutos_set2026,
I2.2.3,,AP,2021,0,script,2026-09-25,estrategia_brutos_set2026,
I2.2.3,,AP,2022,0,script,2026-09-25,estrategia_brutos_set2026,
I2.2.3,,AP,2023,0,script,2026-09-25,estrategia_brutos_set2026,
I2.2.3,,AP,2024,0,script,2026-09-25,estrategia_brutos_set2026,
I2.2.3,,AP,2025,1,script,2026-09-25,estrategia_brutos_set2026,
I2.2.3,,AP,2026,1,script,2026-09-25,estrategia_brutos_set2026,
I2.2.3,,MA,,4,script,2026-09-25,estrategia_brutos_set2026,"Municípios com estabelecimento de telessaúde ativo, CNES (jul/2026)"
I2.2.3,,MA,2012,2,script,2026-09-25,estrategia_brutos_set2026,
I2.2.3,,MA,2013,3,script,2026-09-25,estrategia_brutos_set2026,
I2.2.3,,MA,2014,2,script,2026-09-25,estrategia_brutos_set2026,
I2.2.3,,MA,2015,4,script,2026-09-25,estrategia_brutos_set2026,
I2.2.3,,MA,2016,4,script,2026-09-25,estrategia_brutos_set2026,
I2.2.3,,MA,2017,3,script,2026-09-25,estrategia_brutos_set2026,
I2.2.3,,MA,2018,3,script,2026-09-25,estrategia_brutos_set2026,
I2.2.3,,MA,2019,3,script,2026-09-25,estrategia_brutos_set2026,
I2.2.3,,MA,2020,2,script,2026-09-25,estrategia_brutos_set2026,
I2.2.3,,MA,2021,2,script,2026-09-25,estrategia_brutos_set2026,
I2.2.3,,MA,2022,2,script,2026-09-25,estrategia_brutos_set2026,
I2.2.3,,MA,2023,2,script,2026-09-25,estrategia_brutos_set2026,
I2.2.3,,MA,2024,3,script,2026-09-25,estrategia_brutos_set2026,
I2.2.3,,MA,2025,3,script,2026-09-25,estrategia_brutos_set2026,
I2.2.3,,MA,2026,4,script,2026-09-25,estrategia_brutos_set2026,
I2.2.3,,MT,,6,script,2026-09-25,estrategia_brutos_set2026,"Municípios com estabelecimento de telessaúde ativo, CNES (jul/2026)"
I2.2.3,,MT,2012,0,script,2026-09-25,estrategia_brutos_set2026,
I2.2.3,,MT,2013,2,script,2026-09-25,estrategia_brutos_set2026,
I2.2.3,,MT,2014,2,script,2026-09-25,estrategia_brutos_set2026,
I2.2.3,,MT,2015,2,script,2026-09-25,estrategia_brutos_set2026,
I2.2.3,,MT,2016,2,script,2026-09-25,estrategia_brutos_set2026,
I2.2.3,,MT,2017,2,script,2026-09-25,estrategia_brutos_set2026,
I2.2.3,,MT,2018,2,script,2026-09-25,estrategia_brutos_set2026,
I2.2.3,,MT,2019,2,script,2026-09-25,estrategia_brutos_set2026,
I2.2.3,,MT,2020,4,script,2026-09-25,estrategia_brutos_set2026,
I2.2.3,,MT,2021,4,script,2026-09-25,estrategia_brutos_set2026,
I2.2.3,,MT,2022,3,script,2026-09-25,estrategia_brutos_set2026,
I2.2.3,,MT,2023,3,script,2026-09-25,estrategia_brutos_set2026,
I2.2.3,,MT,2024,3,script,2026-09-25,estrategia_brutos_set2026,
I2.2.3,,MT,2025,4,script,2026-09-25,estrategia_brutos_set2026,
I2.2.3,,MT,2026,6,script,2026-09-25,estrategia_brutos_set2026,
I2.2.3,,PA,,13,script,2026-09-25,estrategia_brutos_set2026,"Municípios com estabelecimento de telessaúde ativo, CNES (jul/2026)"
I2.2.3,,PA,2012,1,script,2026-09-25,estrategia_brutos_set2026,
I2.2.3,,PA,2013,1,script,2026-09-25,estrategia_brutos_set2026,
I2.2.3,,PA,2014,1,script,2026-09-25,estrategia_brutos_set2026,
I2.2.3,,PA,2015,2,script,2026-09-25,estrategia_brutos_set2026,
I2.2.3,,PA,2016,3,script,2026-09-25,estrategia_brutos_set2026,
I2.2.3,,PA,2017,4,script,2026-09-25,estrategia_brutos_set2026,
I2.2.3,,PA,2018,4,script,2026-09-25,estrategia_brutos_set2026,
I2.2.3,,PA,2019,5,script,2026-09-25,estrategia_brutos_set2026,
I2.2.3,,PA,2020,6,script,2026-09-25,estrategia_brutos_set2026,
I2.2.3,,PA,2021,6,script,2026-09-25,estrategia_brutos_set2026,
I2.2.3,,PA,2022,9,script,2026-09-25,estrategia_brutos_set2026,
I2.2.3,,PA,2023,10,script,2026-09-25,estrategia_brutos_set2026,
I2.2.3,,PA,2024,11,script,2026-09-25,estrategia_brutos_set2026,
I2.2.3,,PA,2025,12,script,2026-09-25,estrategia_brutos_set2026,
I2.2.3,,PA,2026,13,script,2026-09-25,estrategia_brutos_set2026,
I2.2.3,,RO,,2,script,2026-09-25,estrategia_brutos_set2026,"Municípios com estabelecimento de telessaúde ativo, CNES (jul/2026)"
I2.2.3,,RO,2012,0,script,2026-09-25,estrategia_brutos_set2026,
I2.2.3,,RO,2013,1,script,2026-09-25,estrategia_brutos_set2026,
I2.2.3,,RO,2014,1,script,2026-09-25,estrategia_brutos_set2026,
I2.2.3,,RO,2015,1,script,2026-09-25,estrategia_brutos_set2026,
I2.2.3,,RO,2016,1,script,2026-09-25,estrategia_brutos_set2026,
I2.2.3,,RO,2017,0,script,2026-09-25,estrategia_brutos_set2026,
I2.2.3,,RO,2018,0,script,2026-09-25,estrategia_brutos_set2026,
I2.2.3,,RO,2019,0,script,2026-09-25,estrategia_brutos_set2026,
I2.2.3,,RO,2020,0,script,2026-09-25,estrategia_brutos_set2026,
I2.2.3,,RO,2021,0,script,2026-09-25,estrategia_brutos_set2026,
I2.2.3,,RO,2022,0,script,2026-09-25,estrategia_brutos_set2026,
I2.2.3,,RO,2023,0,script,2026-09-25,estrategia_brutos_set2026,
I2.2.3,,RO,2024,1,script,2026-09-25,estrategia_brutos_set2026,
I2.2.3,,RO,2025,1,script,2026-09-25,estrategia_brutos_set2026,
I2.2.3,,RO,2026,2,script,2026-09-25,estrategia_brutos_set2026,
I2.2.3,,RR,,2,script,2026-09-25,estrategia_brutos_set2026,"Municípios com estabelecimento de telessaúde ativo, CNES (jul/2026)"
I2.2.3,,RR,2012,0,script,2026-09-25,estrategia_brutos_set2026,
I2.2.3,,RR,2013,0,script,2026-09-25,estrategia_brutos_set2026,
I2.2.3,,RR,2014,0,script,2026-09-25,estrategia_brutos_set2026,
I2.2.3,,RR,2015,1,script,2026-09-25,estrategia_brutos_set2026,
I2.2.3,,RR,2016,1,script,2026-09-25,estrategia_brutos_set2026,
I2.2.3,,RR,2017,1,script,2026-09-25,estrategia_brutos_set2026,
I2.2.3,,RR,2018,1,script,2026-09-25,estrategia_brutos_set2026,
I2.2.3,,RR,2019,1,script,2026-09-25,estrategia_brutos_set2026,
I2.2.3,,RR,2020,1,script,2026-09-25,estrategia_brutos_set2026,
I2.2.3,,RR,2021,2,script,2026-09-25,estrategia_brutos_set2026,
I2.2.3,,RR,2022,2,script,2026-09-25,estrategia_brutos_set2026,
I2.2.3,,RR,2023,2,script,2026-09-25,estrategia_brutos_set2026,
I2.2.3,,RR,2024,2,script,2026-09-25,estrategia_brutos_set2026,
I2.2.3,,RR,2025,2,script,2026-09-25,estrategia_brutos_set2026,
I2.2.3,,RR,2026,2,script,2026-09-25,estrategia_brutos_set2026,
I2.2.3,,TO,,2,script,2026-09-25,estrategia_brutos_set2026,"Municípios com estabelecimento de telessaúde ativo, CNES (jul/2026)"
I2.2.3,,TO,2012,0,script,2026-09-25,estrategia_brutos_set2026,
I2.2.3,,TO,2013,1,script,2026-09-25,estrategia_brutos_set2026,
I2.2.3,,TO,2014,1,script,2026-09-25,estrategia_brutos_set2026,
I2.2.3,,TO,2015,1,script,2026-09-25,estrategia_brutos_set2026,
I2.2.3,,TO,2016,1,script,2026-09-25,estrategia_brutos_set2026,
I2.2.3,,TO,2017,1,script,2026-09-25,estrategia_brutos_set2026,
I2.2.3,,TO,2018,1,script,2026-09-25,estrategia_brutos_set2026,
I2.2.3,,TO,2019,1,script,2026-09-25,estrategia_brutos_set2026,
I2.2.3,,TO,2020,1,script,2026-09-25,estrategia_brutos_set2026,
I2.2.3,,TO,2021,1,script,2026-09-25,estrategia_brutos_set2026,
I2.2.3,,TO,2022,1,script,2026-09-25,estrategia_brutos_set2026,
I2.2.3,,TO,2023,1,script,2026-09-25,estrategia_brutos_set2026,
I2.2.3,,TO,2024,1,script,2026-09-25,estrategia_brutos_set2026,
I2.2.3,,TO,2025,2,script,2026-09-25,estrategia_brutos_set2026,
I2.2.3,,TO,2026,2,script,2026-09-25,estrategia_brutos_set2026,
I2.2.3,estabelecimentos2025,AC,,1,script,2026-09-25,estrategia_brutos_set2026,
I2.2.3,estabelecimentos2025,AM,,13,script,2026-09-25,estrategia_brutos_set2026,
I2.2.3,estabelecimentos2025,AP,,1,script,2026-09-25,estrategia_brutos_set2026,
I2.2.3,estabelecimentos2025,MA,,6,script,2026-09-25,estrategia_brutos_set2026,
I2.2.3,estabelecimentos2025,MT,,5,script,2026-09-25,estrategia_brutos_set2026,
I2.2.3,estabelecimentos2025,PA,,16,script,2026-09-25,estrategia_brutos_set2026,
I2.2.3,estabelecimentos2025,RO,,1,script,2026-09-25,estrategia_brutos_set2026,
I2.2.3,estabelecimentos2025,RR,,4,script,2026-09-25,estrategia_brutos_set2026,
I2.2.3,estabelecimentos2025,TO,,3,script,2026-09-25,estrategia_brutos_set2026,
I2.2.3,estabelecimentosJul2026,AC,,1,script,2026-09-25,estrategia_brutos_set2026,"Valor que o painel mostrava antes: estabelecimentos, não municípios"
I2.2.3,estabelecimentosJul2026,AM,,9,script,2026-09-25,estrategia_brutos_set2026,"Valor que o painel mostrava antes: estabelecimentos, não municípios"
I2.2.3,estabelecimentosJul2026,AP,,1,script,2026-09-25,estrategia_brutos_set2026,"Valor que o painel mostrava antes: estabelecimentos, não municípios"
I2.2.3,estabelecimentosJul2026,MA,,3,script,2026-09-25,estrategia_brutos_set2026,"Valor que o painel mostrava antes: estabelecimentos, não municípios"
I2.2.3,estabelecimentosJul2026,MT,,4,script,2026-09-25,estrategia_brutos_set2026,"Valor que o painel mostrava antes: estabelecimentos, não municípios"
I2.2.3,estabelecimentosJul2026,PA,,12,script,2026-09-25,estrategia_brutos_set2026,"Valor que o painel mostrava antes: estabelecimentos, não municípios"
I2.2.3,estabelecimentosJul2026,RO,,1,script,2026-09-25,estrategia_brutos_set2026,"Valor que o painel mostrava antes: estabelecimentos, não municípios"
I2.2.3,estabelecimentosJul2026,RR,,2,script,2026-09-25,estrategia_brutos_set2026,"Valor que o painel mostrava antes: estabelecimentos, não municípios"
I2.2.3,estabelecimentosJul2026,TO,,2,script,2026-09-25,estrategia_brutos_set2026,"Valor que o painel mostrava antes: estabelecimentos, não municípios"
I2.2.3,participacaoAlPct,AC,,1.8,migracao,2026-09-13,migracao,
I2.2.3,participacaoAlPct,AM,,23.2,migracao,2026-09-13,migracao,
I2.2.3,participacaoAlPct,AP,,1.8,migracao,2026-09-13,migracao,
I2.2.3,participacaoAlPct,MA,,14.3,migracao,2026-09-13,migracao,
I2.2.3,participacaoAlPct,MT,,12.5,migracao,2026-09-13,migracao,
I2.2.3,participacaoAlPct,PA,,30.4,migracao,2026-09-13,migracao,
I2.2.3,participacaoAlPct,RO,,3.6,migracao,2026-09-13,migracao,
I2.2.3,participacaoAlPct,RR,,7.1,migracao,2026-09-13,migracao,
I2.2.3,participacaoAlPct,TO,,5.4,migracao,2026-09-13,migracao,
I2.2.3,ubsFluviais2025,AC,,5,script,2026-09-25,estrategia_brutos_set2026,
I2.2.3,ubsFluviais2025,AM,,64,script,2026-09-25,estrategia_brutos_set2026,
I2.2.3,ubsFluviais2025,AP,,2,script,2026-09-25,estrategia_brutos_set2026,
I2.2.3,ubsFluviais2025,MA,,0,script,2026-09-25,estrategia_brutos_set2026,
I2.2.3,ubsFluviais2025,MT,,0,script,2026-09-25,estrategia_brutos_set2026,
I2.2.3,ubsFluviais2025,PA,,58,script,2026-09-25,estrategia_brutos_set2026,
I2.2.3,ubsFluviais2025,RO,,2,script,2026-09-25,estrategia_brutos_set2026,
I2.2.3,ubsFluviais2025,RR,,1,script,2026-09-25,estrategia_brutos_set2026,
I2.2.3,ubsFluviais2025,TO,,0,script,2026-09-25,estrategia_brutos_set2026,
I2.3.1,,AC,,44.62,script,2026-09-25,eixo2_ideb_meta2021,IDEB observado contra a última meta projetada pelo INEP (2021); edição 2025
I2.3.1,,AC,2023,34.38,script,2026-09-25,eixo2_ideb_meta2021,IDEB observado contra a última meta projetada pelo INEP (2021)
I2.3.1,,AC,2025,44.62,script,2026-09-25,eixo2_ideb_meta2021,IDEB observado contra a última meta projetada pelo INEP (2021)
I2.3.1,,AM,,44.62,script,2026-09-25,eixo2_ideb_meta2021,IDEB observado contra a última meta projetada pelo INEP (2021); edição 2025
I2.3.1,,AM,2023,26.49,script,2026-09-25,eixo2_ideb_meta2021,IDEB observado contra a última meta projetada pelo INEP (2021)
I2.3.1,,AM,2025,44.62,script,2026-09-25,eixo2_ideb_meta2021,IDEB observado contra a última meta projetada pelo INEP (2021)
I2.3.1,,AP,,41.3,script,2026-09-25,eixo2_ideb_meta2021,IDEB observado contra a última meta projetada pelo INEP (2021); edição 2025
I2.3.1,,AP,2023,25.64,script,2026-09-25,eixo2_ideb_meta2021,IDEB observado contra a última meta projetada pelo INEP (2021)
I2.3.1,,AP,2025,41.3,script,2026-09-25,eixo2_ideb_meta2021,IDEB observado contra a última meta projetada pelo INEP (2021)
I2.3.1,,MA,,45.58,script,2026-09-25,eixo2_ideb_meta2021,IDEB observado contra a última meta projetada pelo INEP (2021); edição 2025
I2.3.1,,MA,2023,30.05,script,2026-09-25,eixo2_ideb_meta2021,IDEB observado contra a última meta projetada pelo INEP (2021)
I2.3.1,,MA,2025,45.58,script,2026-09-25,eixo2_ideb_meta2021,IDEB observado contra a última meta projetada pelo INEP (2021)
I2.3.1,,MT,,66.75,script,2026-09-25,eixo2_ideb_meta2021,IDEB observado contra a última meta projetada pelo INEP (2021); edição 2025
I2.3.1,,MT,2023,51.25,script,2026-09-25,eixo2_ideb_meta2021,IDEB observado contra a última meta projetada pelo INEP (2021)
I2.3.1,,MT,2025,66.75,script,2026-09-25,eixo2_ideb_meta2021,IDEB observado contra a última meta projetada pelo INEP (2021)
I2.3.1,,PA,,66.12,script,2026-09-25,eixo2_ideb_meta2021,IDEB observado contra a última meta projetada pelo INEP (2021); edição 2025
I2.3.1,,PA,2023,43.29,script,2026-09-25,eixo2_ideb_meta2021,IDEB observado contra a última meta projetada pelo INEP (2021)
I2.3.1,,PA,2025,66.12,script,2026-09-25,eixo2_ideb_meta2021,IDEB observado contra a última meta projetada pelo INEP (2021)
I2.3.1,,RO,,39.22,script,2026-09-25,eixo2_ideb_meta2021,IDEB observado contra a última meta projetada pelo INEP (2021); edição 2025
I2.3.1,,RO,2023,18.18,script,2026-09-25,eixo2_ideb_meta2021,IDEB observado contra a última meta projetada pelo INEP (2021)
I2.3.1,,RO,2025,39.22,script,2026-09-25,eixo2_ideb_meta2021,IDEB observado contra a última meta projetada pelo INEP (2021)
I2.3.1,,RR,,23.08,script,2026-09-25,eixo2_ideb_meta2021,IDEB observado contra a última meta projetada pelo INEP (2021); edição 2025
I2.3.1,,RR,2023,13.51,script,2026-09-25,eixo2_ideb_meta2021,IDEB observado contra a última meta projetada pelo INEP (2021)
I2.3.1,,RR,2025,23.08,script,2026-09-25,eixo2_ideb_meta2021,IDEB observado contra a última meta projetada pelo INEP (2021)
I2.3.1,,TO,,31.39,script,2026-09-25,eixo2_ideb_meta2021,IDEB observado contra a última meta projetada pelo INEP (2021); edição 2025
I2.3.1,,TO,2023,19.7,script,2026-09-25,eixo2_ideb_meta2021,IDEB observado contra a última meta projetada pelo INEP (2021)
I2.3.1,,TO,2025,31.39,script,2026-09-25,eixo2_ideb_meta2021,IDEB observado contra a última meta projetada pelo INEP (2021)
I2.3.1,atingiram,AC,,29,script,2026-09-25,eixo2_ideb_meta2021,
I2.3.1,atingiram,AM,,83,script,2026-09-25,eixo2_ideb_meta2021,
I2.3.1,atingiram,AP,,19,script,2026-09-25,eixo2_ideb_meta2021,
I2.3.1,atingiram,MA,,294,script,2026-09-25,eixo2_ideb_meta2021,
I2.3.1,atingiram,MT,,273,script,2026-09-25,eixo2_ideb_meta2021,
I2.3.1,atingiram,PA,,283,script,2026-09-25,eixo2_ideb_meta2021,
I2.3.1,atingiram,RO,,60,script,2026-09-25,eixo2_ideb_meta2021,
I2.3.1,atingiram,RR,,9,script,2026-09-25,eixo2_ideb_meta2021,
I2.3.1,atingiram,TO,,129,script,2026-09-25,eixo2_ideb_meta2021,
I2.3.1,atingiram2023,AC,,22,script,2026-09-25,eixo2_ideb_meta2021,
I2.3.1,atingiram2023,AM,,49,script,2026-09-25,eixo2_ideb_meta2021,
I2.3.1,atingiram2023,AP,,10,script,2026-09-25,eixo2_ideb_meta2021,
I2.3.1,atingiram2023,MA,,192,script,2026-09-25,eixo2_ideb_meta2021,
I2.3.1,atingiram2023,MT,,205,script,2026-09-25,eixo2_ideb_meta2021,
I2.3.1,atingiram2023,PA,,184,script,2026-09-25,eixo2_ideb_meta2021,
I2.3.1,atingiram2023,RO,,28,script,2026-09-25,eixo2_ideb_meta2021,
I2.3.1,atingiram2023,RR,,5,script,2026-09-25,eixo2_ideb_meta2021,
I2.3.1,atingiram2023,TO,,80,script,2026-09-25,eixo2_ideb_meta2021,
I2.3.1,avaliados,AC,,65,script,2026-09-25,eixo2_ideb_meta2021,
I2.3.1,avaliados,AM,,186,script,2026-09-25,eixo2_ideb_meta2021,
I2.3.1,avaliados,AP,,46,script,2026-09-25,eixo2_ideb_meta2021,
I2.3.1,avaliados,MA,,645,script,2026-09-25,eixo2_ideb_meta2021,
I2.3.1,avaliados,MT,,409,script,2026-09-25,eixo2_ideb_meta2021,
I2.3.1,avaliados,PA,,428,script,2026-09-25,eixo2_ideb_meta2021,
I2.3.1,avaliados,RO,,153,script,2026-09-25,eixo2_ideb_meta2021,
I2.3.1,avaliados,RR,,39,script,2026-09-25,eixo2_ideb_meta2021,
I2.3.1,avaliados,TO,,411,script,2026-09-25,eixo2_ideb_meta2021,
I2.3.1,avaliados2023,AC,,64,script,2026-09-25,eixo2_ideb_meta2021,
I2.3.1,avaliados2023,AM,,185,script,2026-09-25,eixo2_ideb_meta2021,
I2.3.1,avaliados2023,AP,,39,script,2026-09-25,eixo2_ideb_meta2021,
I2.3.1,avaliados2023,MA,,639,script,2026-09-25,eixo2_ideb_meta2021,
I2.3.1,avaliados2023,MT,,400,script,2026-09-25,eixo2_ideb_meta2021,
I2.3.1,avaliados2023,PA,,425,script,2026-09-25,eixo2_ideb_meta2021,
I2.3.1,avaliados2023,RO,,154,script,2026-09-25,eixo2_ideb_meta2021,
I2.3.1,avaliados2023,RR,,37,script,2026-09-25,eixo2_ideb_meta2021,
I2.3.1,avaliados2023,TO,,406,script,2026-09-25,eixo2_ideb_meta2021,
I2.3.1,pctAnosFinais,AC,,9.09,script,2026-09-25,eixo2_ideb_meta2021,
I2.3.1,pctAnosFinais,AM,,19.35,script,2026-09-25,eixo2_ideb_meta2021,
I2.3.1,pctAnosFinais,AP,,0.0,script,2026-09-25,eixo2_ideb_meta2021,
I2.3.1,pctAnosFinais,MA,,19.91,script,2026-09-25,eixo2_ideb_meta2021,
I2.3.1,pctAnosFinais,MT,,29.29,script,2026-09-25,eixo2_ideb_meta2021,
I2.3.1,pctAnosFinais,PA,,18.75,script,2026-09-25,eixo2_ideb_meta2021,
I2.3.1,pctAnosFinais,RO,,9.62,script,2026-09-25,eixo2_ideb_meta2021,
I2.3.1,pctAnosFinais,RR,,0.0,script,2026-09-25,eixo2_ideb_meta2021,
I2.3.1,pctAnosFinais,TO,,1.44,script,2026-09-25,eixo2_ideb_meta2021,
I2.3.1,pctAnosIniciais,AC,,90.91,script,2026-09-25,eixo2_ideb_meta2021,
I2.3.1,pctAnosIniciais,AM,,64.52,script,2026-09-25,eixo2_ideb_meta2021,
I2.3.1,pctAnosIniciais,AP,,37.5,script,2026-09-25,eixo2_ideb_meta2021,
I2.3.1,pctAnosIniciais,MA,,62.96,script,2026-09-25,eixo2_ideb_meta2021,
I2.3.1,pctAnosIniciais,MT,,76.64,script,2026-09-25,eixo2_ideb_meta2021,
I2.3.1,pctAnosIniciais,PA,,80.56,script,2026-09-25,eixo2_ideb_meta2021,
I2.3.1,pctAnosIniciais,RO,,80.39,script,2026-09-25,eixo2_ideb_meta2021,
I2.3.1,pctAnosIniciais,RR,,33.33,script,2026-09-25,eixo2_ideb_meta2021,
I2.3.1,pctAnosIniciais,TO,,35.04,script,2026-09-25,eixo2_ideb_meta2021,
I2.3.1,pctEnsinoMedio,AC,,33.33,script,2026-09-25,eixo2_ideb_meta2021,
I2.3.1,pctEnsinoMedio,AM,,50.0,script,2026-09-25,eixo2_ideb_meta2021,
I2.3.1,pctEnsinoMedio,AP,,92.86,script,2026-09-25,eixo2_ideb_meta2021,
I2.3.1,pctEnsinoMedio,MA,,53.99,script,2026-09-25,eixo2_ideb_meta2021,
I2.3.1,pctEnsinoMedio,MT,,96.21,script,2026-09-25,eixo2_ideb_meta2021,
I2.3.1,pctEnsinoMedio,PA,,100.0,script,2026-09-25,eixo2_ideb_meta2021,
I2.3.1,pctEnsinoMedio,RO,,28.0,script,2026-09-25,eixo2_ideb_meta2021,
I2.3.1,pctEnsinoMedio,RR,,28.57,script,2026-09-25,eixo2_ideb_meta2021,
I2.3.1,pctEnsinoMedio,TO,,58.52,script,2026-09-25,eixo2_ideb_meta2021,
I2.3.2,,AC,,94.2,migracao,2026-09-13,migracao,
I2.3.2,,AM,,95.6,migracao,2026-09-13,migracao,
I2.3.2,,AP,,92.9,migracao,2026-09-13,migracao,
I2.3.2,,MA,,96.9,migracao,2026-09-13,migracao,
I2.3.2,,MT,,97.5,migracao,2026-09-13,migracao,
I2.3.2,,PA,,96.4,migracao,2026-09-13,migracao,
I2.3.2,,RO,,96,migracao,2026-09-13,migracao,
I2.3.2,,RR,,94.4,migracao,2026-09-13,migracao,
I2.3.2,,TO,,97.8,migracao,2026-09-13,migracao,
I2.3.2,creche0a3,AC,,16.6,migracao,2026-09-13,migracao,
I2.3.2,creche0a3,AM,,17,migracao,2026-09-13,migracao,
I2.3.2,creche0a3,AP,,8.6,migracao,2026-09-13,migracao,
I2.3.2,creche0a3,MA,,38.2,migracao,2026-09-13,migracao,
I2.3.2,creche0a3,MT,,35.6,migracao,2026-09-13,migracao,
I2.3.2,creche0a3,PA,,25.4,migracao,2026-09-13,migracao,
I2.3.2,creche0a3,RO,,21.2,migracao,2026-09-13,migracao,
I2.3.2,creche0a3,RR,,25,migracao,2026-09-13,migracao,
I2.3.2,creche0a3,TO,,33.2,migracao,2026-09-13,migracao,
I2.3.2,faixa11a14,AC,,99.1,migracao,2026-09-13,migracao,
I2.3.2,faixa11a14,AM,,99,migracao,2026-09-13,migracao,
I2.3.2,faixa11a14,AP,,99.8,migracao,2026-09-13,migracao,
I2.3.2,faixa11a14,MA,,99.5,migracao,2026-09-13,migracao,
I2.3.2,faixa11a14,MT,,99.5,migracao,2026-09-13,migracao,
I2.3.2,faixa11a14,PA,,98.9,migracao,2026-09-13,migracao,
I2.3.2,faixa11a14,RO,,99.8,migracao,2026-09-13,migracao,
I2.3.2,faixa11a14,RR,,95.6,migracao,2026-09-13,migracao,
I2.3.2,faixa11a14,TO,,99.9,migracao,2026-09-13,migracao,
I2.3.2,faixa15a17,AC,,91.2,migracao,2026-09-13,migracao,
I2.3.2,faixa15a17,AM,,92.4,migracao,2026-09-13,migracao,
I2.3.2,faixa15a17,AP,,91.9,migracao,2026-09-13,migracao,
I2.3.2,faixa15a17,MA,,91.4,migracao,2026-09-13,migracao,
I2.3.2,faixa15a17,MT,,93.3,migracao,2026-09-13,migracao,
I2.3.2,faixa15a17,PA,,91.7,migracao,2026-09-13,migracao,
I2.3.2,faixa15a17,RO,,93.6,migracao,2026-09-13,migracao,
I2.3.2,faixa15a17,RR,,91.8,migracao,2026-09-13,migracao,
I2.3.2,faixa15a17,TO,,92.7,migracao,2026-09-13,migracao,
I2.3.2,faixa4a5,AC,,80.5,migracao,2026-09-13,migracao,
I2.3.2,faixa4a5,AM,,83.8,migracao,2026-09-13,migracao,
I2.3.2,faixa4a5,AP,,69,migracao,2026-09-13,migracao,
I2.3.2,faixa4a5,MA,,94.5,migracao,2026-09-13,migracao,
I2.3.2,faixa4a5,MT,,94.2,migracao,2026-09-13,migracao,
I2.3.2,faixa4a5,PA,,92,migracao,2026-09-13,migracao,
I2.3.2,faixa4a5,RO,,85.3,migracao,2026-09-13,migracao,
I2.3.2,faixa4a5,RR,,87.5,migracao,2026-09-13,migracao,
I2.3.2,faixa4a5,TO,,97.1,migracao,2026-09-13,migracao,
I2.3.2,faixa6a10,AC,,97.6,migracao,2026-09-13,migracao,
I2.3.2,faixa6a10,AM,,99.4,migracao,2026-09-13,migracao,
I2.3.2,faixa6a10,AP,,97.8,migracao,2026-09-13,migracao,
I2.3.2,faixa6a10,MA,,99.6,migracao,2026-09-13,migracao,
I2.3.2,faixa6a10,MT,,99.7,migracao,2026-09-13,migracao,
I2.3.2,faixa6a10,PA,,99.2,migracao,2026-09-13,migracao,
I2.3.2,faixa6a10,RO,,98.6,migracao,2026-09-13,migracao,
I2.3.2,faixa6a10,RR,,98.1,migracao,2026-09-13,migracao,
I2.3.2,faixa6a10,TO,,99.5,migracao,2026-09-13,migracao,
I2.4.1,,AC,,19.3,migracao,2026-09-13,migracao,
I2.4.1,,AC,2020,282,migracao,2026-09-13,migracao,
I2.4.1,,AC,2021,172,migracao,2026-09-13,migracao,
I2.4.1,,AC,2022,209,migracao,2026-09-13,migracao,
I2.4.1,,AC,2023,184,migracao,2026-09-13,migracao,
I2.4.1,,AC,2024,161,migracao,2026-09-13,migracao,
I2.4.1,,AC,2025,171,migracao,2026-09-13,migracao,
I2.4.1,,AM,,17.1,migracao,2026-09-13,migracao,
I2.4.1,,AM,2020,1009,migracao,2026-09-13,migracao,
I2.4.1,,AM,2021,1548,migracao,2026-09-13,migracao,
I2.4.1,,AM,2022,1413,migracao,2026-09-13,migracao,
I2.4.1,,AM,2023,1324,migracao,2026-09-13,migracao,
I2.4.1,,AM,2024,1101,migracao,2026-09-13,migracao,
I2.4.1,,AM,2025,739,migracao,2026-09-13,migracao,
I2.4.1,,AP,,24.2,migracao,2026-09-13,migracao,
I2.4.1,,AP,2020,261,migracao,2026-09-13,migracao,
I2.4.1,,AP,2021,314,migracao,2026-09-13,migracao,
I2.4.1,,AP,2022,222,migracao,2026-09-13,migracao,
I2.4.1,,AP,2023,331,migracao,2026-09-13,migracao,
I2.4.1,,AP,2024,224,migracao,2026-09-13,migracao,
I2.4.1,,AP,2025,195,migracao,2026-09-13,migracao,
I2.4.1,,MA,,26.9,migracao,2026-09-13,migracao,
I2.4.1,,MA,2020,1884,migracao,2026-09-13,migracao,
I2.4.1,,MA,2021,1880,migracao,2026-09-13,migracao,
I2.4.1,,MA,2022,1736,migracao,2026-09-13,migracao,
I2.4.1,,MA,2023,1788,migracao,2026-09-13,migracao,
I2.4.1,,MA,2024,1982,migracao,2026-09-13,migracao,
I2.4.1,,MA,2025,1890,migracao,2026-09-13,migracao,
I2.4.1,,MT,,17.9,migracao,2026-09-13,migracao,
I2.4.1,,MT,2020,803,migracao,2026-09-13,migracao,
I2.4.1,,MT,2021,749,migracao,2026-09-13,migracao,
I2.4.1,,MT,2022,916,migracao,2026-09-13,migracao,
I2.4.1,,MT,2023,893,migracao,2026-09-13,migracao,
I2.4.1,,MT,2024,881,migracao,2026-09-13,migracao,
I2.4.1,,MT,2025,696,migracao,2026-09-13,migracao,
I2.4.1,,PA,,20.2,migracao,2026-09-13,migracao,
I2.4.1,,PA,2020,2362,migracao,2026-09-13,migracao,
I2.4.1,,PA,2021,2398,migracao,2026-09-13,migracao,
I2.4.1,,PA,2022,2406,migracao,2026-09-13,migracao,
I2.4.1,,PA,2023,2150,migracao,2026-09-13,migracao,
I2.4.1,,PA,2024,1909,migracao,2026-09-13,migracao,
I2.4.1,,PA,2025,1757,migracao,2026-09-13,migracao,
I2.4.1,,RO,,24,migracao,2026-09-13,migracao,
I2.4.1,,RO,2020,390,migracao,2026-09-13,migracao,
I2.4.1,,RO,2021,442,migracao,2026-09-13,migracao,
I2.4.1,,RO,2022,488,migracao,2026-09-13,migracao,
I2.4.1,,RO,2023,425,migracao,2026-09-13,migracao,
I2.4.1,,RO,2024,434,migracao,2026-09-13,migracao,
I2.4.1,,RO,2025,420,migracao,2026-09-13,migracao,
I2.4.1,,RR,,18.8,migracao,2026-09-13,migracao,
I2.4.1,,RR,2020,189,migracao,2026-09-13,migracao,
I2.4.1,,RR,2021,219,migracao,2026-09-13,migracao,
I2.4.1,,RR,2022,186,migracao,2026-09-13,migracao,
I2.4.1,,RR,2023,158,migracao,2026-09-13,migracao,
I2.4.1,,RR,2024,121,migracao,2026-09-13,migracao,
I2.4.1,,RR,2025,139,migracao,2026-09-13,migracao,
I2.4.1,,TO,,16.3,migracao,2026-09-13,migracao,
I2.4.1,,TO,2020,443,migracao,2026-09-13,migracao,
I2.4.1,,TO,2021,360,migracao,2026-09-13,migracao,
I2.4.1,,TO,2022,421,migracao,2026-09-13,migracao,
I2.4.1,,TO,2023,371,migracao,2026-09-13,migracao,
I2.4.1,,TO,2024,249,migracao,2026-09-13,migracao,
I2.4.1,,TO,2025,259,migracao,2026-09-13,migracao,
I2.4.1,populacao2025,AC,,884.372,migracao,2026-09-13,migracao,
I2.4.1,populacao2025,AM,,,migracao,2026-09-13,migracao,
I2.4.1,populacao2025,AP,,806.517,migracao,2026-09-13,migracao,
I2.4.1,populacao2025,MA,,,migracao,2026-09-13,migracao,
I2.4.1,populacao2025,MT,,,migracao,2026-09-13,migracao,
I2.4.1,populacao2025,PA,,,migracao,2026-09-13,migracao,
I2.4.1,populacao2025,RO,,,migracao,2026-09-13,migracao,
I2.4.1,populacao2025,RR,,738.772,migracao,2026-09-13,migracao,
I2.4.1,populacao2025,TO,,,migracao,2026-09-13,migracao,
I3.1.1,,AC,,115843,migracao,2026-09-13,migracao,
I3.1.1,,AC,1994,17678,script,2026-09-25,eixo3_series_completas,
I3.1.1,,AC,1995,18054,script,2026-09-25,eixo3_series_completas,
I3.1.1,,AC,1996,12188,script,2026-09-25,eixo3_series_completas,
I3.1.1,,AC,1997,12154,script,2026-09-25,eixo3_series_completas,
I3.1.1,,AC,1998,11325,script,2026-09-25,eixo3_series_completas,
I3.1.1,,AC,1999,16007,script,2026-09-25,eixo3_series_completas,
I3.1.1,,AC,2000,16300,script,2026-09-25,eixo3_series_completas,
I3.1.1,,AC,2001,15483,script,2026-09-25,eixo3_series_completas,
I3.1.1,,AC,2002,19906,script,2026-09-25,eixo3_series_completas,
I3.1.1,,AC,2003,18746,script,2026-09-25,eixo3_series_completas,
I3.1.1,,AC,2004,23338,script,2026-09-25,eixo3_series_completas,
I3.1.1,,AC,2005,37021,script,2026-09-25,eixo3_series_completas,
I3.1.1,,AC,2006,32969,script,2026-09-25,eixo3_series_completas,
I3.1.1,,AC,2007,32963,script,2026-09-25,eixo3_series_completas,
I3.1.1,,AC,2008,26179,script,2026-09-25,eixo3_series_completas,
I3.1.1,,AC,2009,25312,script,2026-09-25,eixo3_series_completas,
I3.1.1,,AC,2010,33173,script,2026-09-25,eixo3_series_completas,
I3.1.1,,AC,2011,109138,script,2026-09-25,eixo3_series_completas,
I3.1.1,,AC,2012,84968,script,2026-09-25,eixo3_series_completas,
I3.1.1,,AC,2013,82237,script,2026-09-25,eixo3_series_completas,
I3.1.1,,AC,2014,73081,script,2026-09-25,eixo3_series_completas,
I3.1.1,,AC,2015,80754,migracao,2026-09-13,migracao,
I3.1.1,,AC,2016,62878,migracao,2026-09-13,migracao,
I3.1.1,,AC,2017,57179,migracao,2026-09-13,migracao,
I3.1.1,,AC,2018,63880,migracao,2026-09-13,migracao,
I3.1.1,,AC,2019,72568,migracao,2026-09-13,migracao,
I3.1.1,,AC,2020,59276,migracao,2026-09-13,migracao,
I3.1.1,,AC,2021,115539,migracao,2026-09-13,migracao,
I3.1.1,,AC,2022,123132,migracao,2026-09-13,migracao,
I3.1.1,,AC,2023,113796,migracao,2026-09-13,migracao,
I3.1.1,,AC,2024,115843,migracao,2026-09-13,migracao,
I3.1.1,,AM,,376141,migracao,2026-09-13,migracao,
I3.1.1,,AM,1994,9465,script,2026-09-25,eixo3_series_completas,
I3.1.1,,AM,1995,10903,script,2026-09-25,eixo3_series_completas,
I3.1.1,,AM,1996,29326,script,2026-09-25,eixo3_series_completas,
I3.1.1,,AM,1997,36481,script,2026-09-25,eixo3_series_completas,
I3.1.1,,AM,1998,45475,script,2026-09-25,eixo3_series_completas,
I3.1.1,,AM,1999,41104,script,2026-09-25,eixo3_series_completas,
I3.1.1,,AM,2000,43105,script,2026-09-25,eixo3_series_completas,
I3.1.1,,AM,2001,90274,script,2026-09-25,eixo3_series_completas,
I3.1.1,,AM,2002,72142,script,2026-09-25,eixo3_series_completas,
I3.1.1,,AM,2003,59600,script,2026-09-25,eixo3_series_completas,
I3.1.1,,AM,2004,61549,script,2026-09-25,eixo3_series_completas,
I3.1.1,,AM,2005,77715,script,2026-09-25,eixo3_series_completas,
I3.1.1,,AM,2006,83188,script,2026-09-25,eixo3_series_completas,
I3.1.1,,AM,2007,90217,script,2026-09-25,eixo3_series_completas,
I3.1.1,,AM,2008,99919,script,2026-09-25,eixo3_series_completas,
I3.1.1,,AM,2009,87397,script,2026-09-25,eixo3_series_completas,
I3.1.1,,AM,2010,72461,script,2026-09-25,eixo3_series_completas,
I3.1.1,,AM,2011,189600,script,2026-09-25,eixo3_series_completas,
I3.1.1,,AM,2012,168152,script,2026-09-25,eixo3_series_completas,
I3.1.1,,AM,2013,227310,script,2026-09-25,eixo3_series_completas,
I3.1.1,,AM,2014,272451,script,2026-09-25,eixo3_series_completas,
I3.1.1,,AM,2015,298130,migracao,2026-09-13,migracao,
I3.1.1,,AM,2016,326135,migracao,2026-09-13,migracao,
I3.1.1,,AM,2017,291481,migracao,2026-09-13,migracao,
I3.1.1,,AM,2018,302930,migracao,2026-09-13,migracao,
I3.1.1,,AM,2019,290706,migracao,2026-09-13,migracao,
I3.1.1,,AM,2020,284755,migracao,2026-09-13,migracao,
I3.1.1,,AM,2021,300814,migracao,2026-09-13,migracao,
I3.1.1,,AM,2022,343512,migracao,2026-09-13,migracao,
I3.1.1,,AM,2023,351313,migracao,2026-09-13,migracao,
I3.1.1,,AM,2024,376141,migracao,2026-09-13,migracao,
I3.1.1,,AP,,79934,migracao,2026-09-13,migracao,
I3.1.1,,AP,1994,14755,script,2026-09-25,eixo3_series_completas,
I3.1.1,,AP,1995,15739,script,2026-09-25,eixo3_series_completas,
I3.1.1,,AP,1996,5776,script,2026-09-25,eixo3_series_completas,
I3.1.1,,AP,1997,4366,script,2026-09-25,eixo3_series_completas,
I3.1.1,,AP,1998,5501,script,2026-09-25,eixo3_series_completas,
I3.1.1,,AP,1999,6215,script,2026-09-25,eixo3_series_completas,
I3.1.1,,AP,2000,5882,script,2026-09-25,eixo3_series_completas,
I3.1.1,,AP,2001,3459,script,2026-09-25,eixo3_series_completas,
I3.1.1,,AP,2002,4218,script,2026-09-25,eixo3_series_completas,
I3.1.1,,AP,2003,4012,script,2026-09-25,eixo3_series_completas,
I3.1.1,,AP,2004,5088,script,2026-09-25,eixo3_series_completas,
I3.1.1,,AP,2005,5355,script,2026-09-25,eixo3_series_completas,
I3.1.1,,AP,2006,7490,script,2026-09-25,eixo3_series_completas,
I3.1.1,,AP,2007,7904,script,2026-09-25,eixo3_series_completas,
I3.1.1,,AP,2008,12173,script,2026-09-25,eixo3_series_completas,
I3.1.1,,AP,2009,12757,script,2026-09-25,eixo3_series_completas,
I3.1.1,,AP,2010,16355,script,2026-09-25,eixo3_series_completas,
I3.1.1,,AP,2011,22169,script,2026-09-25,eixo3_series_completas,
I3.1.1,,AP,2012,28297,script,2026-09-25,eixo3_series_completas,
I3.1.1,,AP,2013,33959,script,2026-09-25,eixo3_series_completas,
I3.1.1,,AP,2014,33915,script,2026-09-25,eixo3_series_completas,
I3.1.1,,AP,2015,39045,migracao,2026-09-13,migracao,
I3.1.1,,AP,2016,45355,migracao,2026-09-13,migracao,
I3.1.1,,AP,2017,50667,migracao,2026-09-13,migracao,
I3.1.1,,AP,2018,56498,migracao,2026-09-13,migracao,
I3.1.1,,AP,2019,60176,migracao,2026-09-13,migracao,
I3.1.1,,AP,2020,59349,migracao,2026-09-13,migracao,
I3.1.1,,AP,2021,62213,migracao,2026-09-13,migracao,
I3.1.1,,AP,2022,68055,migracao,2026-09-13,migracao,
I3.1.1,,AP,2023,70542,migracao,2026-09-13,migracao,
I3.1.1,,AP,2024,79934,migracao,2026-09-13,migracao,
I3.1.1,,MA,,425492,migracao,2026-09-13,migracao,
I3.1.1,,MA,1994,91731,script,2026-09-25,eixo3_series_completas,
I3.1.1,,MA,1995,108426,script,2026-09-25,eixo3_series_completas,
I3.1.1,,MA,1996,88032,script,2026-09-25,eixo3_series_completas,
I3.1.1,,MA,1997,102138,script,2026-09-25,eixo3_series_completas,
I3.1.1,,MA,1998,108501,script,2026-09-25,eixo3_series_completas,
I3.1.1,,MA,1999,127162,script,2026-09-25,eixo3_series_completas,
I3.1.1,,MA,2000,122916,script,2026-09-25,eixo3_series_completas,
I3.1.1,,MA,2001,124599,script,2026-09-25,eixo3_series_completas,
I3.1.1,,MA,2002,176732,script,2026-09-25,eixo3_series_completas,
I3.1.1,,MA,2003,214463,script,2026-09-25,eixo3_series_completas,
I3.1.1,,MA,2004,248616,script,2026-09-25,eixo3_series_completas,
I3.1.1,,MA,2005,287939,script,2026-09-25,eixo3_series_completas,
I3.1.1,,MA,2006,308912,script,2026-09-25,eixo3_series_completas,
I3.1.1,,MA,2007,409631,script,2026-09-25,eixo3_series_completas,
I3.1.1,,MA,2008,392347,script,2026-09-25,eixo3_series_completas,
I3.1.1,,MA,2009,422215,script,2026-09-25,eixo3_series_completas,
I3.1.1,,MA,2010,392795,script,2026-09-25,eixo3_series_completas,
I3.1.1,,MA,2011,406183,script,2026-09-25,eixo3_series_completas,
I3.1.1,,MA,2012,397973,script,2026-09-25,eixo3_series_completas,
I3.1.1,,MA,2013,412006,script,2026-09-25,eixo3_series_completas,
I3.1.1,,MA,2014,390127,script,2026-09-25,eixo3_series_completas,
I3.1.1,,MA,2015,352692,migracao,2026-09-13,migracao,
I3.1.1,,MA,2016,303074,migracao,2026-09-13,migracao,
I3.1.1,,MA,2017,292500,migracao,2026-09-13,migracao,
I3.1.1,,MA,2018,283462,migracao,2026-09-13,migracao,
I3.1.1,,MA,2019,275112,migracao,2026-09-13,migracao,
I3.1.1,,MA,2020,269608,migracao,2026-09-13,migracao,
I3.1.1,,MA,2021,318834,migracao,2026-09-13,migracao,
I3.1.1,,MA,2022,337451,migracao,2026-09-13,migracao,
I3.1.1,,MA,2023,300107,migracao,2026-09-13,migracao,
I3.1.1,,MA,2024,425492,migracao,2026-09-13,migracao,
I3.1.1,,MT,,1042643,migracao,2026-09-13,migracao,
I3.1.1,,MT,1994,80737,script,2026-09-25,eixo3_series_completas,
I3.1.1,,MT,1995,149568,script,2026-09-25,eixo3_series_completas,
I3.1.1,,MT,1996,98317,script,2026-09-25,eixo3_series_completas,
I3.1.1,,MT,1997,98117,script,2026-09-25,eixo3_series_completas,
I3.1.1,,MT,1998,86317,script,2026-09-25,eixo3_series_completas,
I3.1.1,,MT,1999,99170,script,2026-09-25,eixo3_series_completas,
I3.1.1,,MT,2000,103448,script,2026-09-25,eixo3_series_completas,
I3.1.1,,MT,2001,113558,script,2026-09-25,eixo3_series_completas,
I3.1.1,,MT,2002,131253,script,2026-09-25,eixo3_series_completas,
I3.1.1,,MT,2003,167151,script,2026-09-25,eixo3_series_completas,
I3.1.1,,MT,2004,162611,script,2026-09-25,eixo3_series_completas,
I3.1.1,,MT,2005,180438,script,2026-09-25,eixo3_series_completas,
I3.1.1,,MT,2006,217663,script,2026-09-25,eixo3_series_completas,
I3.1.1,,MT,2007,265639,script,2026-09-25,eixo3_series_completas,
I3.1.1,,MT,2008,280636,script,2026-09-25,eixo3_series_completas,
I3.1.1,,MT,2009,938094,script,2026-09-25,eixo3_series_completas,
I3.1.1,,MT,2010,594839,script,2026-09-25,eixo3_series_completas,
I3.1.1,,MT,2011,726375,script,2026-09-25,eixo3_series_completas,
I3.1.1,,MT,2012,740165,script,2026-09-25,eixo3_series_completas,
I3.1.1,,MT,2013,344073,script,2026-09-25,eixo3_series_completas,
I3.1.1,,MT,2014,287367,script,2026-09-25,eixo3_series_completas,
I3.1.1,,MT,2015,627229,migracao,2026-09-13,migracao,
I3.1.1,,MT,2016,615031,migracao,2026-09-13,migracao,
I3.1.1,,MT,2017,671519,migracao,2026-09-13,migracao,
I3.1.1,,MT,2018,623615,migracao,2026-09-13,migracao,
I3.1.1,,MT,2019,672763,migracao,2026-09-13,migracao,
I3.1.1,,MT,2020,705664,migracao,2026-09-13,migracao,
I3.1.1,,MT,2021,907750,migracao,2026-09-13,migracao,
I3.1.1,,MT,2022,940386,migracao,2026-09-13,migracao,
I3.1.1,,MT,2023,651474,migracao,2026-09-13,migracao,
I3.1.1,,MT,2024,1042643,migracao,2026-09-13,migracao,
I3.1.1,,PA,,2735080,migracao,2026-09-13,migracao,
I3.1.1,,PA,1994,1948641,script,2026-09-25,eixo3_series_completas,
I3.1.1,,PA,1995,2048684,script,2026-09-25,eixo3_series_completas,
I3.1.1,,PA,1996,1679736,script,2026-09-25,eixo3_series_completas,
I3.1.1,,PA,1997,745749,script,2026-09-25,eixo3_series_completas,
I3.1.1,,PA,1998,690283,script,2026-09-25,eixo3_series_completas,
I3.1.1,,PA,1999,702355,script,2026-09-25,eixo3_series_completas,
I3.1.1,,PA,2000,686355,script,2026-09-25,eixo3_series_completas,
I3.1.1,,PA,2001,749679,script,2026-09-25,eixo3_series_completas,
I3.1.1,,PA,2002,1145729,script,2026-09-25,eixo3_series_completas,
I3.1.1,,PA,2003,1228618,script,2026-09-25,eixo3_series_completas,
I3.1.1,,PA,2004,1059492,script,2026-09-25,eixo3_series_completas,
I3.1.1,,PA,2005,1131412,script,2026-09-25,eixo3_series_completas,
I3.1.1,,PA,2006,1224924,script,2026-09-25,eixo3_series_completas,
I3.1.1,,PA,2007,1244019,script,2026-09-25,eixo3_series_completas,
I3.1.1,,PA,2008,1280097,script,2026-09-25,eixo3_series_completas,
I3.1.1,,PA,2009,1260097,script,2026-09-25,eixo3_series_completas,
I3.1.1,,PA,2010,1355755,script,2026-09-25,eixo3_series_completas,
I3.1.1,,PA,2011,1469058,script,2026-09-25,eixo3_series_completas,
I3.1.1,,PA,2012,1231921,script,2026-09-25,eixo3_series_completas,
I3.1.1,,PA,2013,1390153,script,2026-09-25,eixo3_series_completas,
I3.1.1,,PA,2014,1473440,script,2026-09-25,eixo3_series_completas,
I3.1.1,,PA,2015,1457353,migracao,2026-09-13,migracao,
I3.1.1,,PA,2016,1253718,migracao,2026-09-13,migracao,
I3.1.1,,PA,2017,1342577,migracao,2026-09-13,migracao,
I3.1.1,,PA,2018,1333909,migracao,2026-09-13,migracao,
I3.1.1,,PA,2019,1534752,migracao,2026-09-13,migracao,
I3.1.1,,PA,2020,1582422,migracao,2026-09-13,migracao,
I3.1.1,,PA,2021,1940154,migracao,2026-09-13,migracao,
I3.1.1,,PA,2022,2412639,migracao,2026-09-13,migracao,
I3.1.1,,PA,2023,2615443,migracao,2026-09-13,migracao,
I3.1.1,,PA,2024,2735080,migracao,2026-09-13,migracao,
I3.1.1,,RO,,230816,migracao,2026-09-13,migracao,
I3.1.1,,RO,1994,13521,script,2026-09-25,eixo3_series_completas,
I3.1.1,,RO,1995,37532,script,2026-09-25,eixo3_series_completas,
I3.1.1,,RO,1996,5594,script,2026-09-25,eixo3_series_completas,
I3.1.1,,RO,1997,8857,script,2026-09-25,eixo3_series_completas,
I3.1.1,,RO,1998,21152,script,2026-09-25,eixo3_series_completas,
I3.1.1,,RO,1999,31269,script,2026-09-25,eixo3_series_completas,
I3.1.1,,RO,2000,29817,script,2026-09-25,eixo3_series_completas,
I3.1.1,,RO,2001,34402,script,2026-09-25,eixo3_series_completas,
I3.1.1,,RO,2002,146410,script,2026-09-25,eixo3_series_completas,
I3.1.1,,RO,2003,149149,script,2026-09-25,eixo3_series_completas,
I3.1.1,,RO,2004,115120,script,2026-09-25,eixo3_series_completas,
I3.1.1,,RO,2005,124536,script,2026-09-25,eixo3_series_completas,
I3.1.1,,RO,2006,137547,script,2026-09-25,eixo3_series_completas,
I3.1.1,,RO,2007,128924,script,2026-09-25,eixo3_series_completas,
I3.1.1,,RO,2008,119124,script,2026-09-25,eixo3_series_completas,
I3.1.1,,RO,2009,251530,script,2026-09-25,eixo3_series_completas,
I3.1.1,,RO,2010,196244,script,2026-09-25,eixo3_series_completas,
I3.1.1,,RO,2011,455929,script,2026-09-25,eixo3_series_completas,
I3.1.1,,RO,2012,163929,script,2026-09-25,eixo3_series_completas,
I3.1.1,,RO,2013,360059,script,2026-09-25,eixo3_series_completas,
I3.1.1,,RO,2014,329513,script,2026-09-25,eixo3_series_completas,
I3.1.1,,RO,2015,185331,migracao,2026-09-13,migracao,
I3.1.1,,RO,2016,186409,migracao,2026-09-13,migracao,
I3.1.1,,RO,2017,175301,migracao,2026-09-13,migracao,
I3.1.1,,RO,2018,169116,migracao,2026-09-13,migracao,
I3.1.1,,RO,2019,201263,migracao,2026-09-13,migracao,
I3.1.1,,RO,2020,147860,migracao,2026-09-13,migracao,
I3.1.1,,RO,2021,544150,migracao,2026-09-13,migracao,
I3.1.1,,RO,2022,25704,migracao,2026-09-13,migracao,
I3.1.1,,RO,2023,143835,migracao,2026-09-13,migracao,
I3.1.1,,RO,2024,230816,migracao,2026-09-13,migracao,
I3.1.1,,RR,,60644,migracao,2026-09-13,migracao,
I3.1.1,,RR,1994,917,script,2026-09-25,eixo3_series_completas,
I3.1.1,,RR,1996,1956,script,2026-09-25,eixo3_series_completas,
I3.1.1,,RR,1997,2111,script,2026-09-25,eixo3_series_completas,
I3.1.1,,RR,1998,2138,script,2026-09-25,eixo3_series_completas,
I3.1.1,,RR,1999,3152,script,2026-09-25,eixo3_series_completas,
I3.1.1,,RR,2000,3376,script,2026-09-25,eixo3_series_completas,
I3.1.1,,RR,2001,3109,script,2026-09-25,eixo3_series_completas,
I3.1.1,,RR,2002,7632,script,2026-09-25,eixo3_series_completas,
I3.1.1,,RR,2003,8577,script,2026-09-25,eixo3_series_completas,
I3.1.1,,RR,2004,27481,script,2026-09-25,eixo3_series_completas,
I3.1.1,,RR,2005,25164,script,2026-09-25,eixo3_series_completas,
I3.1.1,,RR,2006,25077,script,2026-09-25,eixo3_series_completas,
I3.1.1,,RR,2007,24436,script,2026-09-25,eixo3_series_completas,
I3.1.1,,RR,2008,21298,script,2026-09-25,eixo3_series_completas,
I3.1.1,,RR,2009,21108,script,2026-09-25,eixo3_series_completas,
I3.1.1,,RR,2010,22225,script,2026-09-25,eixo3_series_completas,
I3.1.1,,RR,2011,22074,script,2026-09-25,eixo3_series_completas,
I3.1.1,,RR,2012,24053,script,2026-09-25,eixo3_series_completas,
I3.1.1,,RR,2013,18269,script,2026-09-25,eixo3_series_completas,
I3.1.1,,RR,2014,17654,script,2026-09-25,eixo3_series_completas,
I3.1.1,,RR,2015,37827,migracao,2026-09-13,migracao,
I3.1.1,,RR,2016,33971,migracao,2026-09-13,migracao,
I3.1.1,,RR,2017,54388,migracao,2026-09-13,migracao,
I3.1.1,,RR,2018,64634,migracao,2026-09-13,migracao,
I3.1.1,,RR,2019,61701,migracao,2026-09-13,migracao,
I3.1.1,,RR,2020,49055,migracao,2026-09-13,migracao,
I3.1.1,,RR,2021,50870,migracao,2026-09-13,migracao,
I3.1.1,,RR,2022,54177,migracao,2026-09-13,migracao,
I3.1.1,,RR,2023,77858,migracao,2026-09-13,migracao,
I3.1.1,,RR,2024,60644,migracao,2026-09-13,migracao,
I3.1.1,,TO,,42609,migracao,2026-09-13,migracao,
I3.1.1,,TO,1994,8900,script,2026-09-25,eixo3_series_completas,
I3.1.1,,TO,1995,8108,script,2026-09-25,eixo3_series_completas,
I3.1.1,,TO,1996,6010,script,2026-09-25,eixo3_series_completas,
I3.1.1,,TO,1997,5438,script,2026-09-25,eixo3_series_completas,
I3.1.1,,TO,1998,5357,script,2026-09-25,eixo3_series_completas,
I3.1.1,,TO,1999,5737,script,2026-09-25,eixo3_series_completas,
I3.1.1,,TO,2000,6764,script,2026-09-25,eixo3_series_completas,
I3.1.1,,TO,2001,7181,script,2026-09-25,eixo3_series_completas,
I3.1.1,,TO,2002,7540,script,2026-09-25,eixo3_series_completas,
I3.1.1,,TO,2003,11758,script,2026-09-25,eixo3_series_completas,
I3.1.1,,TO,2004,14294,script,2026-09-25,eixo3_series_completas,
I3.1.1,,TO,2005,20879,script,2026-09-25,eixo3_series_completas,
I3.1.1,,TO,2006,22753,script,2026-09-25,eixo3_series_completas,
I3.1.1,,TO,2007,26049,script,2026-09-25,eixo3_series_completas,
I3.1.1,,TO,2008,30054,script,2026-09-25,eixo3_series_completas,
I3.1.1,,TO,2009,35664,script,2026-09-25,eixo3_series_completas,
I3.1.1,,TO,2010,27660,script,2026-09-25,eixo3_series_completas,
I3.1.1,,TO,2011,30417,script,2026-09-25,eixo3_series_completas,
I3.1.1,,TO,2012,35916,script,2026-09-25,eixo3_series_completas,
I3.1.1,,TO,2013,32846,script,2026-09-25,eixo3_series_completas,
I3.1.1,,TO,2014,97583,script,2026-09-25,eixo3_series_completas,
I3.1.1,,TO,2015,88143,migracao,2026-09-13,migracao,
I3.1.1,,TO,2016,63660,migracao,2026-09-13,migracao,
I3.1.1,,TO,2017,61228,migracao,2026-09-13,migracao,
I3.1.1,,TO,2018,32183,migracao,2026-09-13,migracao,
I3.1.1,,TO,2019,23230,migracao,2026-09-13,migracao,
I3.1.1,,TO,2020,40065,migracao,2026-09-13,migracao,
I3.1.1,,TO,2021,41146,migracao,2026-09-13,migracao,
I3.1.1,,TO,2022,33617,migracao,2026-09-13,migracao,
I3.1.1,,TO,2023,60619,migracao,2026-09-13,migracao,
I3.1.1,,TO,2024,42609,migracao,2026-09-13,migracao,
I3.1.1,madeireirosMil2024,AC,,34205,migracao,2026-09-13,migracao,
I3.1.1,madeireirosMil2024,AM,,140972,migracao,2026-09-13,migracao,
I3.1.1,madeireirosMil2024,AP,,66685,migracao,2026-09-13,migracao,
I3.1.1,madeireirosMil2024,MA,,302917,migracao,2026-09-13,migracao,
I3.1.1,madeireirosMil2024,MT,,1029923,migracao,2026-09-13,migracao,
I3.1.1,madeireirosMil2024,PA,,1832428,migracao,2026-09-13,migracao,
I3.1.1,madeireirosMil2024,RO,,212115,migracao,2026-09-13,migracao,
I3.1.1,madeireirosMil2024,RR,,49077,migracao,2026-09-13,migracao,
I3.1.1,madeireirosMil2024,TO,,28197,migracao,2026-09-13,migracao,
I3.1.1,naoMadeireirosMil2024,AC,,81638,migracao,2026-09-13,migracao,
I3.1.1,naoMadeireirosMil2024,AM,,235169,migracao,2026-09-13,migracao,
I3.1.1,naoMadeireirosMil2024,AP,,13249,migracao,2026-09-13,migracao,
I3.1.1,naoMadeireirosMil2024,MA,,122575,migracao,2026-09-13,migracao,
I3.1.1,naoMadeireirosMil2024,MT,,12720,migracao,2026-09-13,migracao,
I3.1.1,naoMadeireirosMil2024,PA,,902652,migracao,2026-09-13,migracao,
I3.1.1,naoMadeireirosMil2024,RO,,18701,migracao,2026-09-13,migracao,
I3.1.1,naoMadeireirosMil2024,RR,,11567,migracao,2026-09-13,migracao,
I3.1.1,naoMadeireirosMil2024,TO,,14412,migracao,2026-09-13,migracao,
I3.2.1,,AC,,2,script,2026-09-30,pesquisa-eixo3,"cadeias no nível N3 (norma + instrumento + execução 2023–2026), levantamento documental set/2026"
I3.2.1,,AM,,1,script,2026-09-30,pesquisa-eixo3,"cadeias no nível N3 (norma + instrumento + execução 2023–2026), levantamento documental set/2026"
I3.2.1,,AP,,1,script,2026-09-30,pesquisa-eixo3,"cadeias no nível N3 (norma + instrumento + execução 2023–2026), levantamento documental set/2026"
I3.2.1,,MA,,1,script,2026-09-30,pesquisa-eixo3,"cadeias no nível N3 (norma + instrumento + execução 2023–2026), levantamento documental set/2026"
I3.2.1,,MT,,0,script,2026-09-30,pesquisa-eixo3,"cadeias no nível N3 (norma + instrumento + execução 2023–2026), levantamento documental set/2026"
I3.2.1,,PA,,2,script,2026-09-30,pesquisa-eixo3,"cadeias no nível N3 (norma + instrumento + execução 2023–2026), levantamento documental set/2026"
I3.2.1,,RO,,3,script,2026-09-30,pesquisa-eixo3,"cadeias no nível N3 (norma + instrumento + execução 2023–2026), levantamento documental set/2026"
I3.2.1,,RR,,0,script,2026-09-30,pesquisa-eixo3,"cadeias no nível N3 (norma + instrumento + execução 2023–2026), levantamento documental set/2026"
I3.2.1,,TO,,0,script,2026-09-30,pesquisa-eixo3,"cadeias no nível N3 (norma + instrumento + execução 2023–2026), levantamento documental set/2026"
I3.3.1,,AC,,1,script,2026-09-30,pesquisa-eixo3,1 = ato normativo com menção explícita a trabalho ou empregos verdes
I3.3.1,,AM,,1,script,2026-09-30,pesquisa-eixo3,1 = ato normativo com menção explícita a trabalho ou empregos verdes
I3.3.1,,AP,,0,script,2026-09-30,pesquisa-eixo3,1 = ato normativo com menção explícita a trabalho ou empregos verdes
I3.3.1,,MA,,0,script,2026-09-30,pesquisa-eixo3,1 = ato normativo com menção explícita a trabalho ou empregos verdes
I3.3.1,,MT,,0,script,2026-09-30,pesquisa-eixo3,1 = ato normativo com menção explícita a trabalho ou empregos verdes
I3.3.1,,PA,,0,script,2026-09-30,pesquisa-eixo3,1 = ato normativo com menção explícita a trabalho ou empregos verdes
I3.3.1,,RO,,0,script,2026-09-30,pesquisa-eixo3,1 = ato normativo com menção explícita a trabalho ou empregos verdes
I3.3.1,,RR,,0,script,2026-09-30,pesquisa-eixo3,1 = ato normativo com menção explícita a trabalho ou empregos verdes
I3.3.1,,TO,,0,script,2026-09-30,pesquisa-eixo3,1 = ato normativo com menção explícita a trabalho ou empregos verdes
I3.3.2,,AC,,502,script,2026-09-30,pesquisa-eixo3,proxy: concluintes acumulados desde 2018 na Rede Federal em cursos de sociobioeconomia (PNP/MEC) (2023)
I3.3.2,,AC,2018,170,script,2026-09-30,pesquisa-eixo3,proxy: concluintes acumulados desde 2018 na Rede Federal em cursos de sociobioeconomia (PNP/MEC)
I3.3.2,,AC,2019,253,script,2026-09-30,pesquisa-eixo3,proxy: concluintes acumulados desde 2018 na Rede Federal em cursos de sociobioeconomia (PNP/MEC)
I3.3.2,,AC,2020,314,script,2026-09-30,pesquisa-eixo3,proxy: concluintes acumulados desde 2018 na Rede Federal em cursos de sociobioeconomia (PNP/MEC)
I3.3.2,,AC,2021,412,script,2026-09-30,pesquisa-eixo3,proxy: concluintes acumulados desde 2018 na Rede Federal em cursos de sociobioeconomia (PNP/MEC)
I3.3.2,,AC,2022,442,script,2026-09-30,pesquisa-eixo3,proxy: concluintes acumulados desde 2018 na Rede Federal em cursos de sociobioeconomia (PNP/MEC)
I3.3.2,,AC,2023,502,script,2026-09-30,pesquisa-eixo3,proxy: concluintes acumulados desde 2018 na Rede Federal em cursos de sociobioeconomia (PNP/MEC)
I3.3.2,,AM,,526,script,2026-09-30,pesquisa-eixo3,proxy: concluintes acumulados desde 2018 na Rede Federal em cursos de sociobioeconomia (PNP/MEC) (2023)
I3.3.2,,AM,2018,36,script,2026-09-30,pesquisa-eixo3,proxy: concluintes acumulados desde 2018 na Rede Federal em cursos de sociobioeconomia (PNP/MEC)
I3.3.2,,AM,2019,140,script,2026-09-30,pesquisa-eixo3,proxy: concluintes acumulados desde 2018 na Rede Federal em cursos de sociobioeconomia (PNP/MEC)
I3.3.2,,AM,2020,189,script,2026-09-30,pesquisa-eixo3,proxy: concluintes acumulados desde 2018 na Rede Federal em cursos de sociobioeconomia (PNP/MEC)
I3.3.2,,AM,2021,265,script,2026-09-30,pesquisa-eixo3,proxy: concluintes acumulados desde 2018 na Rede Federal em cursos de sociobioeconomia (PNP/MEC)
I3.3.2,,AM,2022,416,script,2026-09-30,pesquisa-eixo3,proxy: concluintes acumulados desde 2018 na Rede Federal em cursos de sociobioeconomia (PNP/MEC)
I3.3.2,,AM,2023,526,script,2026-09-30,pesquisa-eixo3,proxy: concluintes acumulados desde 2018 na Rede Federal em cursos de sociobioeconomia (PNP/MEC)
I3.3.2,,AP,,247,script,2026-09-30,pesquisa-eixo3,proxy: concluintes acumulados desde 2018 na Rede Federal em cursos de sociobioeconomia (PNP/MEC) (2023)
I3.3.2,,AP,2018,23,script,2026-09-30,pesquisa-eixo3,proxy: concluintes acumulados desde 2018 na Rede Federal em cursos de sociobioeconomia (PNP/MEC)
I3.3.2,,AP,2019,53,script,2026-09-30,pesquisa-eixo3,proxy: concluintes acumulados desde 2018 na Rede Federal em cursos de sociobioeconomia (PNP/MEC)
I3.3.2,,AP,2020,99,script,2026-09-30,pesquisa-eixo3,proxy: concluintes acumulados desde 2018 na Rede Federal em cursos de sociobioeconomia (PNP/MEC)
I3.3.2,,AP,2021,154,script,2026-09-30,pesquisa-eixo3,proxy: concluintes acumulados desde 2018 na Rede Federal em cursos de sociobioeconomia (PNP/MEC)
I3.3.2,,AP,2022,189,script,2026-09-30,pesquisa-eixo3,proxy: concluintes acumulados desde 2018 na Rede Federal em cursos de sociobioeconomia (PNP/MEC)
I3.3.2,,AP,2023,247,script,2026-09-30,pesquisa-eixo3,proxy: concluintes acumulados desde 2018 na Rede Federal em cursos de sociobioeconomia (PNP/MEC)
I3.3.2,,MA,,242,script,2026-09-30,pesquisa-eixo3,proxy: concluintes acumulados desde 2018 na Rede Federal em cursos de sociobioeconomia (PNP/MEC) (2023)
I3.3.2,,MA,2018,67,script,2026-09-30,pesquisa-eixo3,proxy: concluintes acumulados desde 2018 na Rede Federal em cursos de sociobioeconomia (PNP/MEC)
I3.3.2,,MA,2019,115,script,2026-09-30,pesquisa-eixo3,proxy: concluintes acumulados desde 2018 na Rede Federal em cursos de sociobioeconomia (PNP/MEC)
I3.3.2,,MA,2020,136,script,2026-09-30,pesquisa-eixo3,proxy: concluintes acumulados desde 2018 na Rede Federal em cursos de sociobioeconomia (PNP/MEC)
I3.3.2,,MA,2021,200,script,2026-09-30,pesquisa-eixo3,proxy: concluintes acumulados desde 2018 na Rede Federal em cursos de sociobioeconomia (PNP/MEC)
I3.3.2,,MA,2022,218,script,2026-09-30,pesquisa-eixo3,proxy: concluintes acumulados desde 2018 na Rede Federal em cursos de sociobioeconomia (PNP/MEC)
I3.3.2,,MA,2023,242,script,2026-09-30,pesquisa-eixo3,proxy: concluintes acumulados desde 2018 na Rede Federal em cursos de sociobioeconomia (PNP/MEC)
I3.3.2,,MT,,44,script,2026-09-30,pesquisa-eixo3,proxy: concluintes acumulados desde 2018 na Rede Federal em cursos de sociobioeconomia (PNP/MEC) (2023)
I3.3.2,,MT,2018,0,script,2026-09-30,pesquisa-eixo3,proxy: concluintes acumulados desde 2018 na Rede Federal em cursos de sociobioeconomia (PNP/MEC)
I3.3.2,,MT,2019,25,script,2026-09-30,pesquisa-eixo3,proxy: concluintes acumulados desde 2018 na Rede Federal em cursos de sociobioeconomia (PNP/MEC)
I3.3.2,,MT,2020,25,script,2026-09-30,pesquisa-eixo3,proxy: concluintes acumulados desde 2018 na Rede Federal em cursos de sociobioeconomia (PNP/MEC)
I3.3.2,,MT,2021,25,script,2026-09-30,pesquisa-eixo3,proxy: concluintes acumulados desde 2018 na Rede Federal em cursos de sociobioeconomia (PNP/MEC)
I3.3.2,,MT,2022,25,script,2026-09-30,pesquisa-eixo3,proxy: concluintes acumulados desde 2018 na Rede Federal em cursos de sociobioeconomia (PNP/MEC)
I3.3.2,,MT,2023,44,script,2026-09-30,pesquisa-eixo3,proxy: concluintes acumulados desde 2018 na Rede Federal em cursos de sociobioeconomia (PNP/MEC)
I3.3.2,,PA,,429,script,2026-09-30,pesquisa-eixo3,proxy: concluintes acumulados desde 2018 na Rede Federal em cursos de sociobioeconomia (PNP/MEC) (2023)
I3.3.2,,PA,2018,72,script,2026-09-30,pesquisa-eixo3,proxy: concluintes acumulados desde 2018 na Rede Federal em cursos de sociobioeconomia (PNP/MEC)
I3.3.2,,PA,2019,118,script,2026-09-30,pesquisa-eixo3,proxy: concluintes acumulados desde 2018 na Rede Federal em cursos de sociobioeconomia (PNP/MEC)
I3.3.2,,PA,2020,179,script,2026-09-30,pesquisa-eixo3,proxy: concluintes acumulados desde 2018 na Rede Federal em cursos de sociobioeconomia (PNP/MEC)
I3.3.2,,PA,2021,224,script,2026-09-30,pesquisa-eixo3,proxy: concluintes acumulados desde 2018 na Rede Federal em cursos de sociobioeconomia (PNP/MEC)
I3.3.2,,PA,2022,345,script,2026-09-30,pesquisa-eixo3,proxy: concluintes acumulados desde 2018 na Rede Federal em cursos de sociobioeconomia (PNP/MEC)
I3.3.2,,PA,2023,429,script,2026-09-30,pesquisa-eixo3,proxy: concluintes acumulados desde 2018 na Rede Federal em cursos de sociobioeconomia (PNP/MEC)
I3.3.2,,RO,,970,script,2026-09-30,pesquisa-eixo3,proxy: concluintes acumulados desde 2018 na Rede Federal em cursos de sociobioeconomia (PNP/MEC) (2023)
I3.3.2,,RO,2018,143,script,2026-09-30,pesquisa-eixo3,proxy: concluintes acumulados desde 2018 na Rede Federal em cursos de sociobioeconomia (PNP/MEC)
I3.3.2,,RO,2019,224,script,2026-09-30,pesquisa-eixo3,proxy: concluintes acumulados desde 2018 na Rede Federal em cursos de sociobioeconomia (PNP/MEC)
I3.3.2,,RO,2020,260,script,2026-09-30,pesquisa-eixo3,proxy: concluintes acumulados desde 2018 na Rede Federal em cursos de sociobioeconomia (PNP/MEC)
I3.3.2,,RO,2021,458,script,2026-09-30,pesquisa-eixo3,proxy: concluintes acumulados desde 2018 na Rede Federal em cursos de sociobioeconomia (PNP/MEC)
I3.3.2,,RO,2022,796,script,2026-09-30,pesquisa-eixo3,proxy: concluintes acumulados desde 2018 na Rede Federal em cursos de sociobioeconomia (PNP/MEC)
I3.3.2,,RO,2023,970,script,2026-09-30,pesquisa-eixo3,proxy: concluintes acumulados desde 2018 na Rede Federal em cursos de sociobioeconomia (PNP/MEC)
I3.3.2,,RR,,0,script,2026-09-30,pesquisa-eixo3,proxy: concluintes acumulados desde 2018 na Rede Federal em cursos de sociobioeconomia (PNP/MEC) (2023)
I3.3.2,,RR,2018,0,script,2026-09-30,pesquisa-eixo3,proxy: concluintes acumulados desde 2018 na Rede Federal em cursos de sociobioeconomia (PNP/MEC)
I3.3.2,,RR,2019,0,script,2026-09-30,pesquisa-eixo3,proxy: concluintes acumulados desde 2018 na Rede Federal em cursos de sociobioeconomia (PNP/MEC)
I3.3.2,,RR,2020,0,script,2026-09-30,pesquisa-eixo3,proxy: concluintes acumulados desde 2018 na Rede Federal em cursos de sociobioeconomia (PNP/MEC)
I3.3.2,,RR,2021,0,script,2026-09-30,pesquisa-eixo3,proxy: concluintes acumulados desde 2018 na Rede Federal em cursos de sociobioeconomia (PNP/MEC)
I3.3.2,,RR,2022,0,script,2026-09-30,pesquisa-eixo3,proxy: concluintes acumulados desde 2018 na Rede Federal em cursos de sociobioeconomia (PNP/MEC)
I3.3.2,,RR,2023,0,script,2026-09-30,pesquisa-eixo3,proxy: concluintes acumulados desde 2018 na Rede Federal em cursos de sociobioeconomia (PNP/MEC)
I3.3.2,,TO,,2,script,2026-09-30,pesquisa-eixo3,proxy: concluintes acumulados desde 2018 na Rede Federal em cursos de sociobioeconomia (PNP/MEC) (2023)
I3.3.2,,TO,2018,1,script,2026-09-30,pesquisa-eixo3,proxy: concluintes acumulados desde 2018 na Rede Federal em cursos de sociobioeconomia (PNP/MEC)
I3.3.2,,TO,2019,1,script,2026-09-30,pesquisa-eixo3,proxy: concluintes acumulados desde 2018 na Rede Federal em cursos de sociobioeconomia (PNP/MEC)
I3.3.2,,TO,2020,1,script,2026-09-30,pesquisa-eixo3,proxy: concluintes acumulados desde 2018 na Rede Federal em cursos de sociobioeconomia (PNP/MEC)
I3.3.2,,TO,2021,1,script,2026-09-30,pesquisa-eixo3,proxy: concluintes acumulados desde 2018 na Rede Federal em cursos de sociobioeconomia (PNP/MEC)
I3.3.2,,TO,2022,2,script,2026-09-30,pesquisa-eixo3,proxy: concluintes acumulados desde 2018 na Rede Federal em cursos de sociobioeconomia (PNP/MEC)
I3.3.2,,TO,2023,2,script,2026-09-30,pesquisa-eixo3,proxy: concluintes acumulados desde 2018 na Rede Federal em cursos de sociobioeconomia (PNP/MEC)
I3.3.3,,AC,,1,script,2026-09-30,pesquisa-eixo3,1 = ato instituidor de EPT + oferta regular de cursos bio-relevantes (Censo Escolar 2025)
I3.3.3,,AM,,1,script,2026-09-30,pesquisa-eixo3,1 = ato instituidor de EPT + oferta regular de cursos bio-relevantes (Censo Escolar 2025)
I3.3.3,,AP,,1,script,2026-09-30,pesquisa-eixo3,1 = ato instituidor de EPT + oferta regular de cursos bio-relevantes (Censo Escolar 2025)
I3.3.3,,MA,,1,script,2026-09-30,pesquisa-eixo3,1 = ato instituidor de EPT + oferta regular de cursos bio-relevantes (Censo Escolar 2025)
I3.3.3,,MT,,1,script,2026-09-30,pesquisa-eixo3,1 = ato instituidor de EPT + oferta regular de cursos bio-relevantes (Censo Escolar 2025)
I3.3.3,,PA,,1,script,2026-09-30,pesquisa-eixo3,1 = ato instituidor de EPT + oferta regular de cursos bio-relevantes (Censo Escolar 2025)
I3.3.3,,RO,,1,script,2026-09-30,pesquisa-eixo3,1 = ato instituidor de EPT + oferta regular de cursos bio-relevantes (Censo Escolar 2025)
I3.3.3,,RR,,0,script,2026-09-30,pesquisa-eixo3,1 = ato instituidor de EPT + oferta regular de cursos bio-relevantes (Censo Escolar 2025)
I3.3.3,,TO,,0,script,2026-09-30,pesquisa-eixo3,1 = ato instituidor de EPT + oferta regular de cursos bio-relevantes (Censo Escolar 2025)
I3.4.1,,AC,,3209,script,2026-09-30,pesquisa-eixo3,"famílias com pagamento do Bolsa Verde (MMA) no 4º tri, municípios da Amazônia Legal; 2025 = 3º tri (2025)"
I3.4.1,,AC,2011,324,script,2026-09-30,pesquisa-eixo3,"famílias com pagamento do Bolsa Verde (MMA) no 4º tri, municípios da Amazônia Legal; 2025 = 3º tri"
I3.4.1,,AC,2012,1198,script,2026-09-30,pesquisa-eixo3,"famílias com pagamento do Bolsa Verde (MMA) no 4º tri, municípios da Amazônia Legal; 2025 = 3º tri"
I3.4.1,,AC,2013,1818,script,2026-09-30,pesquisa-eixo3,"famílias com pagamento do Bolsa Verde (MMA) no 4º tri, municípios da Amazônia Legal; 2025 = 3º tri"
I3.4.1,,AC,2014,2215,script,2026-09-30,pesquisa-eixo3,"famílias com pagamento do Bolsa Verde (MMA) no 4º tri, municípios da Amazônia Legal; 2025 = 3º tri"
I3.4.1,,AC,2015,2451,script,2026-09-30,pesquisa-eixo3,"famílias com pagamento do Bolsa Verde (MMA) no 4º tri, municípios da Amazônia Legal; 2025 = 3º tri"
I3.4.1,,AC,2016,1819,script,2026-09-30,pesquisa-eixo3,"famílias com pagamento do Bolsa Verde (MMA) no 4º tri, municípios da Amazônia Legal; 2025 = 3º tri"
I3.4.1,,AC,2017,1715,script,2026-09-30,pesquisa-eixo3,"famílias com pagamento do Bolsa Verde (MMA) no 4º tri, municípios da Amazônia Legal; 2025 = 3º tri"
I3.4.1,,AC,2018,0,script,2026-09-30,pesquisa-eixo3,"famílias com pagamento do Bolsa Verde (MMA) no 4º tri, municípios da Amazônia Legal; 2025 = 3º tri"
I3.4.1,,AC,2019,0,script,2026-09-30,pesquisa-eixo3,"famílias com pagamento do Bolsa Verde (MMA) no 4º tri, municípios da Amazônia Legal; 2025 = 3º tri"
I3.4.1,,AC,2020,0,script,2026-09-30,pesquisa-eixo3,"famílias com pagamento do Bolsa Verde (MMA) no 4º tri, municípios da Amazônia Legal; 2025 = 3º tri"
I3.4.1,,AC,2021,0,script,2026-09-30,pesquisa-eixo3,"famílias com pagamento do Bolsa Verde (MMA) no 4º tri, municípios da Amazônia Legal; 2025 = 3º tri"
I3.4.1,,AC,2022,0,script,2026-09-30,pesquisa-eixo3,"famílias com pagamento do Bolsa Verde (MMA) no 4º tri, municípios da Amazônia Legal; 2025 = 3º tri"
I3.4.1,,AC,2023,481,script,2026-09-30,pesquisa-eixo3,"famílias com pagamento do Bolsa Verde (MMA) no 4º tri, municípios da Amazônia Legal; 2025 = 3º tri"
I3.4.1,,AC,2024,906,script,2026-09-30,pesquisa-eixo3,"famílias com pagamento do Bolsa Verde (MMA) no 4º tri, municípios da Amazônia Legal; 2025 = 3º tri"
I3.4.1,,AC,2025,3209,script,2026-09-30,pesquisa-eixo3,"famílias com pagamento do Bolsa Verde (MMA) no 4º tri, municípios da Amazônia Legal; 2025 = 3º tri"
I3.4.1,,AM,,8168,script,2026-09-30,pesquisa-eixo3,"famílias com pagamento do Bolsa Verde (MMA) no 4º tri, municípios da Amazônia Legal; 2025 = 3º tri (2025)"
I3.4.1,,AM,2011,372,script,2026-09-30,pesquisa-eixo3,"famílias com pagamento do Bolsa Verde (MMA) no 4º tri, municípios da Amazônia Legal; 2025 = 3º tri"
I3.4.1,,AM,2012,3123,script,2026-09-30,pesquisa-eixo3,"famílias com pagamento do Bolsa Verde (MMA) no 4º tri, municípios da Amazônia Legal; 2025 = 3º tri"
I3.4.1,,AM,2013,5764,script,2026-09-30,pesquisa-eixo3,"famílias com pagamento do Bolsa Verde (MMA) no 4º tri, municípios da Amazônia Legal; 2025 = 3º tri"
I3.4.1,,AM,2014,7064,script,2026-09-30,pesquisa-eixo3,"famílias com pagamento do Bolsa Verde (MMA) no 4º tri, municípios da Amazônia Legal; 2025 = 3º tri"
I3.4.1,,AM,2015,8210,script,2026-09-30,pesquisa-eixo3,"famílias com pagamento do Bolsa Verde (MMA) no 4º tri, municípios da Amazônia Legal; 2025 = 3º tri"
I3.4.1,,AM,2016,5508,script,2026-09-30,pesquisa-eixo3,"famílias com pagamento do Bolsa Verde (MMA) no 4º tri, municípios da Amazônia Legal; 2025 = 3º tri"
I3.4.1,,AM,2017,4874,script,2026-09-30,pesquisa-eixo3,"famílias com pagamento do Bolsa Verde (MMA) no 4º tri, municípios da Amazônia Legal; 2025 = 3º tri"
I3.4.1,,AM,2018,0,script,2026-09-30,pesquisa-eixo3,"famílias com pagamento do Bolsa Verde (MMA) no 4º tri, municípios da Amazônia Legal; 2025 = 3º tri"
I3.4.1,,AM,2019,0,script,2026-09-30,pesquisa-eixo3,"famílias com pagamento do Bolsa Verde (MMA) no 4º tri, municípios da Amazônia Legal; 2025 = 3º tri"
I3.4.1,,AM,2020,0,script,2026-09-30,pesquisa-eixo3,"famílias com pagamento do Bolsa Verde (MMA) no 4º tri, municípios da Amazônia Legal; 2025 = 3º tri"
I3.4.1,,AM,2021,0,script,2026-09-30,pesquisa-eixo3,"famílias com pagamento do Bolsa Verde (MMA) no 4º tri, municípios da Amazônia Legal; 2025 = 3º tri"
I3.4.1,,AM,2022,0,script,2026-09-30,pesquisa-eixo3,"famílias com pagamento do Bolsa Verde (MMA) no 4º tri, municípios da Amazônia Legal; 2025 = 3º tri"
I3.4.1,,AM,2023,928,script,2026-09-30,pesquisa-eixo3,"famílias com pagamento do Bolsa Verde (MMA) no 4º tri, municípios da Amazônia Legal; 2025 = 3º tri"
I3.4.1,,AM,2024,3137,script,2026-09-30,pesquisa-eixo3,"famílias com pagamento do Bolsa Verde (MMA) no 4º tri, municípios da Amazônia Legal; 2025 = 3º tri"
I3.4.1,,AM,2025,8168,script,2026-09-30,pesquisa-eixo3,"famílias com pagamento do Bolsa Verde (MMA) no 4º tri, municípios da Amazônia Legal; 2025 = 3º tri"
I3.4.1,,AP,,2522,script,2026-09-30,pesquisa-eixo3,"famílias com pagamento do Bolsa Verde (MMA) no 4º tri, municípios da Amazônia Legal; 2025 = 3º tri (2025)"
I3.4.1,,AP,2011,392,script,2026-09-30,pesquisa-eixo3,"famílias com pagamento do Bolsa Verde (MMA) no 4º tri, municípios da Amazônia Legal; 2025 = 3º tri"
I3.4.1,,AP,2012,761,script,2026-09-30,pesquisa-eixo3,"famílias com pagamento do Bolsa Verde (MMA) no 4º tri, municípios da Amazônia Legal; 2025 = 3º tri"
I3.4.1,,AP,2013,1000,script,2026-09-30,pesquisa-eixo3,"famílias com pagamento do Bolsa Verde (MMA) no 4º tri, municípios da Amazônia Legal; 2025 = 3º tri"
I3.4.1,,AP,2014,1090,script,2026-09-30,pesquisa-eixo3,"famílias com pagamento do Bolsa Verde (MMA) no 4º tri, municípios da Amazônia Legal; 2025 = 3º tri"
I3.4.1,,AP,2015,1137,script,2026-09-30,pesquisa-eixo3,"famílias com pagamento do Bolsa Verde (MMA) no 4º tri, municípios da Amazônia Legal; 2025 = 3º tri"
I3.4.1,,AP,2016,643,script,2026-09-30,pesquisa-eixo3,"famílias com pagamento do Bolsa Verde (MMA) no 4º tri, municípios da Amazônia Legal; 2025 = 3º tri"
I3.4.1,,AP,2017,602,script,2026-09-30,pesquisa-eixo3,"famílias com pagamento do Bolsa Verde (MMA) no 4º tri, municípios da Amazônia Legal; 2025 = 3º tri"
I3.4.1,,AP,2018,0,script,2026-09-30,pesquisa-eixo3,"famílias com pagamento do Bolsa Verde (MMA) no 4º tri, municípios da Amazônia Legal; 2025 = 3º tri"
I3.4.1,,AP,2019,0,script,2026-09-30,pesquisa-eixo3,"famílias com pagamento do Bolsa Verde (MMA) no 4º tri, municípios da Amazônia Legal; 2025 = 3º tri"
I3.4.1,,AP,2020,0,script,2026-09-30,pesquisa-eixo3,"famílias com pagamento do Bolsa Verde (MMA) no 4º tri, municípios da Amazônia Legal; 2025 = 3º tri"
I3.4.1,,AP,2021,0,script,2026-09-30,pesquisa-eixo3,"famílias com pagamento do Bolsa Verde (MMA) no 4º tri, municípios da Amazônia Legal; 2025 = 3º tri"
I3.4.1,,AP,2022,0,script,2026-09-30,pesquisa-eixo3,"famílias com pagamento do Bolsa Verde (MMA) no 4º tri, municípios da Amazônia Legal; 2025 = 3º tri"
I3.4.1,,AP,2023,456,script,2026-09-30,pesquisa-eixo3,"famílias com pagamento do Bolsa Verde (MMA) no 4º tri, municípios da Amazônia Legal; 2025 = 3º tri"
I3.4.1,,AP,2024,1571,script,2026-09-30,pesquisa-eixo3,"famílias com pagamento do Bolsa Verde (MMA) no 4º tri, municípios da Amazônia Legal; 2025 = 3º tri"
I3.4.1,,AP,2025,2522,script,2026-09-30,pesquisa-eixo3,"famílias com pagamento do Bolsa Verde (MMA) no 4º tri, municípios da Amazônia Legal; 2025 = 3º tri"
I3.4.1,,MA,,2036,script,2026-09-30,pesquisa-eixo3,"famílias com pagamento do Bolsa Verde (MMA) no 4º tri, municípios da Amazônia Legal; 2025 = 3º tri (2025)"
I3.4.1,,MA,2011,153,script,2026-09-30,pesquisa-eixo3,"famílias com pagamento do Bolsa Verde (MMA) no 4º tri, municípios da Amazônia Legal; 2025 = 3º tri"
I3.4.1,,MA,2012,584,script,2026-09-30,pesquisa-eixo3,"famílias com pagamento do Bolsa Verde (MMA) no 4º tri, municípios da Amazônia Legal; 2025 = 3º tri"
I3.4.1,,MA,2013,718,script,2026-09-30,pesquisa-eixo3,"famílias com pagamento do Bolsa Verde (MMA) no 4º tri, municípios da Amazônia Legal; 2025 = 3º tri"
I3.4.1,,MA,2014,1342,script,2026-09-30,pesquisa-eixo3,"famílias com pagamento do Bolsa Verde (MMA) no 4º tri, municípios da Amazônia Legal; 2025 = 3º tri"
I3.4.1,,MA,2015,1352,script,2026-09-30,pesquisa-eixo3,"famílias com pagamento do Bolsa Verde (MMA) no 4º tri, municípios da Amazônia Legal; 2025 = 3º tri"
I3.4.1,,MA,2016,1255,script,2026-09-30,pesquisa-eixo3,"famílias com pagamento do Bolsa Verde (MMA) no 4º tri, municípios da Amazônia Legal; 2025 = 3º tri"
I3.4.1,,MA,2017,1062,script,2026-09-30,pesquisa-eixo3,"famílias com pagamento do Bolsa Verde (MMA) no 4º tri, municípios da Amazônia Legal; 2025 = 3º tri"
I3.4.1,,MA,2018,0,script,2026-09-30,pesquisa-eixo3,"famílias com pagamento do Bolsa Verde (MMA) no 4º tri, municípios da Amazônia Legal; 2025 = 3º tri"
I3.4.1,,MA,2019,0,script,2026-09-30,pesquisa-eixo3,"famílias com pagamento do Bolsa Verde (MMA) no 4º tri, municípios da Amazônia Legal; 2025 = 3º tri"
I3.4.1,,MA,2020,0,script,2026-09-30,pesquisa-eixo3,"famílias com pagamento do Bolsa Verde (MMA) no 4º tri, municípios da Amazônia Legal; 2025 = 3º tri"
I3.4.1,,MA,2021,0,script,2026-09-30,pesquisa-eixo3,"famílias com pagamento do Bolsa Verde (MMA) no 4º tri, municípios da Amazônia Legal; 2025 = 3º tri"
I3.4.1,,MA,2022,0,script,2026-09-30,pesquisa-eixo3,"famílias com pagamento do Bolsa Verde (MMA) no 4º tri, municípios da Amazônia Legal; 2025 = 3º tri"
I3.4.1,,MA,2023,0,script,2026-09-30,pesquisa-eixo3,"famílias com pagamento do Bolsa Verde (MMA) no 4º tri, municípios da Amazônia Legal; 2025 = 3º tri"
I3.4.1,,MA,2024,744,script,2026-09-30,pesquisa-eixo3,"famílias com pagamento do Bolsa Verde (MMA) no 4º tri, municípios da Amazônia Legal; 2025 = 3º tri"
I3.4.1,,MA,2025,2036,script,2026-09-30,pesquisa-eixo3,"famílias com pagamento do Bolsa Verde (MMA) no 4º tri, municípios da Amazônia Legal; 2025 = 3º tri"
I3.4.1,,MT,,0,script,2026-09-30,pesquisa-eixo3,"famílias com pagamento do Bolsa Verde (MMA) no 4º tri, municípios da Amazônia Legal; 2025 = 3º tri (2025)"
I3.4.1,,MT,2011,0,script,2026-09-30,pesquisa-eixo3,"famílias com pagamento do Bolsa Verde (MMA) no 4º tri, municípios da Amazônia Legal; 2025 = 3º tri"
I3.4.1,,MT,2012,0,script,2026-09-30,pesquisa-eixo3,"famílias com pagamento do Bolsa Verde (MMA) no 4º tri, municípios da Amazônia Legal; 2025 = 3º tri"
I3.4.1,,MT,2013,2,script,2026-09-30,pesquisa-eixo3,"famílias com pagamento do Bolsa Verde (MMA) no 4º tri, municípios da Amazônia Legal; 2025 = 3º tri"
I3.4.1,,MT,2014,5,script,2026-09-30,pesquisa-eixo3,"famílias com pagamento do Bolsa Verde (MMA) no 4º tri, municípios da Amazônia Legal; 2025 = 3º tri"
I3.4.1,,MT,2015,9,script,2026-09-30,pesquisa-eixo3,"famílias com pagamento do Bolsa Verde (MMA) no 4º tri, municípios da Amazônia Legal; 2025 = 3º tri"
I3.4.1,,MT,2016,5,script,2026-09-30,pesquisa-eixo3,"famílias com pagamento do Bolsa Verde (MMA) no 4º tri, municípios da Amazônia Legal; 2025 = 3º tri"
I3.4.1,,MT,2017,3,script,2026-09-30,pesquisa-eixo3,"famílias com pagamento do Bolsa Verde (MMA) no 4º tri, municípios da Amazônia Legal; 2025 = 3º tri"
I3.4.1,,MT,2018,0,script,2026-09-30,pesquisa-eixo3,"famílias com pagamento do Bolsa Verde (MMA) no 4º tri, municípios da Amazônia Legal; 2025 = 3º tri"
I3.4.1,,MT,2019,0,script,2026-09-30,pesquisa-eixo3,"famílias com pagamento do Bolsa Verde (MMA) no 4º tri, municípios da Amazônia Legal; 2025 = 3º tri"
I3.4.1,,MT,2020,0,script,2026-09-30,pesquisa-eixo3,"famílias com pagamento do Bolsa Verde (MMA) no 4º tri, municípios da Amazônia Legal; 2025 = 3º tri"
I3.4.1,,MT,2021,0,script,2026-09-30,pesquisa-eixo3,"famílias com pagamento do Bolsa Verde (MMA) no 4º tri, municípios da Amazônia Legal; 2025 = 3º tri"
I3.4.1,,MT,2022,0,script,2026-09-30,pesquisa-eixo3,"famílias com pagamento do Bolsa Verde (MMA) no 4º tri, municípios da Amazônia Legal; 2025 = 3º tri"
I3.4.1,,MT,2023,0,script,2026-09-30,pesquisa-eixo3,"famílias com pagamento do Bolsa Verde (MMA) no 4º tri, municípios da Amazônia Legal; 2025 = 3º tri"
I3.4.1,,MT,2024,0,script,2026-09-30,pesquisa-eixo3,"famílias com pagamento do Bolsa Verde (MMA) no 4º tri, municípios da Amazônia Legal; 2025 = 3º tri"
I3.4.1,,MT,2025,0,script,2026-09-30,pesquisa-eixo3,"famílias com pagamento do Bolsa Verde (MMA) no 4º tri, municípios da Amazônia Legal; 2025 = 3º tri"
I3.4.1,,PA,,42801,script,2026-09-30,pesquisa-eixo3,"famílias com pagamento do Bolsa Verde (MMA) no 4º tri, municípios da Amazônia Legal; 2025 = 3º tri (2025)"
I3.4.1,,PA,2011,7888,script,2026-09-30,pesquisa-eixo3,"famílias com pagamento do Bolsa Verde (MMA) no 4º tri, municípios da Amazônia Legal; 2025 = 3º tri"
I3.4.1,,PA,2012,20422,script,2026-09-30,pesquisa-eixo3,"famílias com pagamento do Bolsa Verde (MMA) no 4º tri, municípios da Amazônia Legal; 2025 = 3º tri"
I3.4.1,,PA,2013,29152,script,2026-09-30,pesquisa-eixo3,"famílias com pagamento do Bolsa Verde (MMA) no 4º tri, municípios da Amazônia Legal; 2025 = 3º tri"
I3.4.1,,PA,2014,43604,script,2026-09-30,pesquisa-eixo3,"famílias com pagamento do Bolsa Verde (MMA) no 4º tri, municípios da Amazônia Legal; 2025 = 3º tri"
I3.4.1,,PA,2015,43918,script,2026-09-30,pesquisa-eixo3,"famílias com pagamento do Bolsa Verde (MMA) no 4º tri, municípios da Amazônia Legal; 2025 = 3º tri"
I3.4.1,,PA,2016,29385,script,2026-09-30,pesquisa-eixo3,"famílias com pagamento do Bolsa Verde (MMA) no 4º tri, municípios da Amazônia Legal; 2025 = 3º tri"
I3.4.1,,PA,2017,29596,script,2026-09-30,pesquisa-eixo3,"famílias com pagamento do Bolsa Verde (MMA) no 4º tri, municípios da Amazônia Legal; 2025 = 3º tri"
I3.4.1,,PA,2018,0,script,2026-09-30,pesquisa-eixo3,"famílias com pagamento do Bolsa Verde (MMA) no 4º tri, municípios da Amazônia Legal; 2025 = 3º tri"
I3.4.1,,PA,2019,0,script,2026-09-30,pesquisa-eixo3,"famílias com pagamento do Bolsa Verde (MMA) no 4º tri, municípios da Amazônia Legal; 2025 = 3º tri"
I3.4.1,,PA,2020,0,script,2026-09-30,pesquisa-eixo3,"famílias com pagamento do Bolsa Verde (MMA) no 4º tri, municípios da Amazônia Legal; 2025 = 3º tri"
I3.4.1,,PA,2021,0,script,2026-09-30,pesquisa-eixo3,"famílias com pagamento do Bolsa Verde (MMA) no 4º tri, municípios da Amazônia Legal; 2025 = 3º tri"
I3.4.1,,PA,2022,0,script,2026-09-30,pesquisa-eixo3,"famílias com pagamento do Bolsa Verde (MMA) no 4º tri, municípios da Amazônia Legal; 2025 = 3º tri"
I3.4.1,,PA,2023,18771,script,2026-09-30,pesquisa-eixo3,"famílias com pagamento do Bolsa Verde (MMA) no 4º tri, municípios da Amazônia Legal; 2025 = 3º tri"
I3.4.1,,PA,2024,37324,script,2026-09-30,pesquisa-eixo3,"famílias com pagamento do Bolsa Verde (MMA) no 4º tri, municípios da Amazônia Legal; 2025 = 3º tri"
I3.4.1,,PA,2025,42801,script,2026-09-30,pesquisa-eixo3,"famílias com pagamento do Bolsa Verde (MMA) no 4º tri, municípios da Amazônia Legal; 2025 = 3º tri"
I3.4.1,,RO,,217,script,2026-09-30,pesquisa-eixo3,"famílias com pagamento do Bolsa Verde (MMA) no 4º tri, municípios da Amazônia Legal; 2025 = 3º tri (2025)"
I3.4.1,,RO,2011,24,script,2026-09-30,pesquisa-eixo3,"famílias com pagamento do Bolsa Verde (MMA) no 4º tri, municípios da Amazônia Legal; 2025 = 3º tri"
I3.4.1,,RO,2012,85,script,2026-09-30,pesquisa-eixo3,"famílias com pagamento do Bolsa Verde (MMA) no 4º tri, municípios da Amazônia Legal; 2025 = 3º tri"
I3.4.1,,RO,2013,122,script,2026-09-30,pesquisa-eixo3,"famílias com pagamento do Bolsa Verde (MMA) no 4º tri, municípios da Amazônia Legal; 2025 = 3º tri"
I3.4.1,,RO,2014,147,script,2026-09-30,pesquisa-eixo3,"famílias com pagamento do Bolsa Verde (MMA) no 4º tri, municípios da Amazônia Legal; 2025 = 3º tri"
I3.4.1,,RO,2015,178,script,2026-09-30,pesquisa-eixo3,"famílias com pagamento do Bolsa Verde (MMA) no 4º tri, municípios da Amazônia Legal; 2025 = 3º tri"
I3.4.1,,RO,2016,109,script,2026-09-30,pesquisa-eixo3,"famílias com pagamento do Bolsa Verde (MMA) no 4º tri, municípios da Amazônia Legal; 2025 = 3º tri"
I3.4.1,,RO,2017,73,script,2026-09-30,pesquisa-eixo3,"famílias com pagamento do Bolsa Verde (MMA) no 4º tri, municípios da Amazônia Legal; 2025 = 3º tri"
I3.4.1,,RO,2018,0,script,2026-09-30,pesquisa-eixo3,"famílias com pagamento do Bolsa Verde (MMA) no 4º tri, municípios da Amazônia Legal; 2025 = 3º tri"
I3.4.1,,RO,2019,0,script,2026-09-30,pesquisa-eixo3,"famílias com pagamento do Bolsa Verde (MMA) no 4º tri, municípios da Amazônia Legal; 2025 = 3º tri"
I3.4.1,,RO,2020,0,script,2026-09-30,pesquisa-eixo3,"famílias com pagamento do Bolsa Verde (MMA) no 4º tri, municípios da Amazônia Legal; 2025 = 3º tri"
I3.4.1,,RO,2021,0,script,2026-09-30,pesquisa-eixo3,"famílias com pagamento do Bolsa Verde (MMA) no 4º tri, municípios da Amazônia Legal; 2025 = 3º tri"
I3.4.1,,RO,2022,0,script,2026-09-30,pesquisa-eixo3,"famílias com pagamento do Bolsa Verde (MMA) no 4º tri, municípios da Amazônia Legal; 2025 = 3º tri"
I3.4.1,,RO,2023,91,script,2026-09-30,pesquisa-eixo3,"famílias com pagamento do Bolsa Verde (MMA) no 4º tri, municípios da Amazônia Legal; 2025 = 3º tri"
I3.4.1,,RO,2024,186,script,2026-09-30,pesquisa-eixo3,"famílias com pagamento do Bolsa Verde (MMA) no 4º tri, municípios da Amazônia Legal; 2025 = 3º tri"
I3.4.1,,RO,2025,217,script,2026-09-30,pesquisa-eixo3,"famílias com pagamento do Bolsa Verde (MMA) no 4º tri, municípios da Amazônia Legal; 2025 = 3º tri"
I3.4.1,,RR,,0,script,2026-09-30,pesquisa-eixo3,"famílias com pagamento do Bolsa Verde (MMA) no 4º tri, municípios da Amazônia Legal; 2025 = 3º tri (2025)"
I3.4.1,,RR,2011,0,script,2026-09-30,pesquisa-eixo3,"famílias com pagamento do Bolsa Verde (MMA) no 4º tri, municípios da Amazônia Legal; 2025 = 3º tri"
I3.4.1,,RR,2012,2,script,2026-09-30,pesquisa-eixo3,"famílias com pagamento do Bolsa Verde (MMA) no 4º tri, municípios da Amazônia Legal; 2025 = 3º tri"
I3.4.1,,RR,2013,6,script,2026-09-30,pesquisa-eixo3,"famílias com pagamento do Bolsa Verde (MMA) no 4º tri, municípios da Amazônia Legal; 2025 = 3º tri"
I3.4.1,,RR,2014,8,script,2026-09-30,pesquisa-eixo3,"famílias com pagamento do Bolsa Verde (MMA) no 4º tri, municípios da Amazônia Legal; 2025 = 3º tri"
I3.4.1,,RR,2015,9,script,2026-09-30,pesquisa-eixo3,"famílias com pagamento do Bolsa Verde (MMA) no 4º tri, municípios da Amazônia Legal; 2025 = 3º tri"
I3.4.1,,RR,2016,4,script,2026-09-30,pesquisa-eixo3,"famílias com pagamento do Bolsa Verde (MMA) no 4º tri, municípios da Amazônia Legal; 2025 = 3º tri"
I3.4.1,,RR,2017,6,script,2026-09-30,pesquisa-eixo3,"famílias com pagamento do Bolsa Verde (MMA) no 4º tri, municípios da Amazônia Legal; 2025 = 3º tri"
I3.4.1,,RR,2018,0,script,2026-09-30,pesquisa-eixo3,"famílias com pagamento do Bolsa Verde (MMA) no 4º tri, municípios da Amazônia Legal; 2025 = 3º tri"
I3.4.1,,RR,2019,0,script,2026-09-30,pesquisa-eixo3,"famílias com pagamento do Bolsa Verde (MMA) no 4º tri, municípios da Amazônia Legal; 2025 = 3º tri"
I3.4.1,,RR,2020,0,script,2026-09-30,pesquisa-eixo3,"famílias com pagamento do Bolsa Verde (MMA) no 4º tri, municípios da Amazônia Legal; 2025 = 3º tri"
I3.4.1,,RR,2021,0,script,2026-09-30,pesquisa-eixo3,"famílias com pagamento do Bolsa Verde (MMA) no 4º tri, municípios da Amazônia Legal; 2025 = 3º tri"
I3.4.1,,RR,2022,0,script,2026-09-30,pesquisa-eixo3,"famílias com pagamento do Bolsa Verde (MMA) no 4º tri, municípios da Amazônia Legal; 2025 = 3º tri"
I3.4.1,,RR,2023,0,script,2026-09-30,pesquisa-eixo3,"famílias com pagamento do Bolsa Verde (MMA) no 4º tri, municípios da Amazônia Legal; 2025 = 3º tri"
I3.4.1,,RR,2024,0,script,2026-09-30,pesquisa-eixo3,"famílias com pagamento do Bolsa Verde (MMA) no 4º tri, municípios da Amazônia Legal; 2025 = 3º tri"
I3.4.1,,RR,2025,0,script,2026-09-30,pesquisa-eixo3,"famílias com pagamento do Bolsa Verde (MMA) no 4º tri, municípios da Amazônia Legal; 2025 = 3º tri"
I3.4.1,,TO,,0,script,2026-09-30,pesquisa-eixo3,"famílias com pagamento do Bolsa Verde (MMA) no 4º tri, municípios da Amazônia Legal; 2025 = 3º tri (2025)"
I3.4.1,,TO,2011,0,script,2026-09-30,pesquisa-eixo3,"famílias com pagamento do Bolsa Verde (MMA) no 4º tri, municípios da Amazônia Legal; 2025 = 3º tri"
I3.4.1,,TO,2012,972,script,2026-09-30,pesquisa-eixo3,"famílias com pagamento do Bolsa Verde (MMA) no 4º tri, municípios da Amazônia Legal; 2025 = 3º tri"
I3.4.1,,TO,2013,1638,script,2026-09-30,pesquisa-eixo3,"famílias com pagamento do Bolsa Verde (MMA) no 4º tri, municípios da Amazônia Legal; 2025 = 3º tri"
I3.4.1,,TO,2014,1832,script,2026-09-30,pesquisa-eixo3,"famílias com pagamento do Bolsa Verde (MMA) no 4º tri, municípios da Amazônia Legal; 2025 = 3º tri"
I3.4.1,,TO,2015,1925,script,2026-09-30,pesquisa-eixo3,"famílias com pagamento do Bolsa Verde (MMA) no 4º tri, municípios da Amazônia Legal; 2025 = 3º tri"
I3.4.1,,TO,2016,883,script,2026-09-30,pesquisa-eixo3,"famílias com pagamento do Bolsa Verde (MMA) no 4º tri, municípios da Amazônia Legal; 2025 = 3º tri"
I3.4.1,,TO,2017,542,script,2026-09-30,pesquisa-eixo3,"famílias com pagamento do Bolsa Verde (MMA) no 4º tri, municípios da Amazônia Legal; 2025 = 3º tri"
I3.4.1,,TO,2018,0,script,2026-09-30,pesquisa-eixo3,"famílias com pagamento do Bolsa Verde (MMA) no 4º tri, municípios da Amazônia Legal; 2025 = 3º tri"
I3.4.1,,TO,2019,0,script,2026-09-30,pesquisa-eixo3,"famílias com pagamento do Bolsa Verde (MMA) no 4º tri, municípios da Amazônia Legal; 2025 = 3º tri"
I3.4.1,,TO,2020,0,script,2026-09-30,pesquisa-eixo3,"famílias com pagamento do Bolsa Verde (MMA) no 4º tri, municípios da Amazônia Legal; 2025 = 3º tri"
I3.4.1,,TO,2021,0,script,2026-09-30,pesquisa-eixo3,"famílias com pagamento do Bolsa Verde (MMA) no 4º tri, municípios da Amazônia Legal; 2025 = 3º tri"
I3.4.1,,TO,2022,0,script,2026-09-30,pesquisa-eixo3,"famílias com pagamento do Bolsa Verde (MMA) no 4º tri, municípios da Amazônia Legal; 2025 = 3º tri"
I3.4.1,,TO,2023,0,script,2026-09-30,pesquisa-eixo3,"famílias com pagamento do Bolsa Verde (MMA) no 4º tri, municípios da Amazônia Legal; 2025 = 3º tri"
I3.4.1,,TO,2024,0,script,2026-09-30,pesquisa-eixo3,"famílias com pagamento do Bolsa Verde (MMA) no 4º tri, municípios da Amazônia Legal; 2025 = 3º tri"
I3.4.1,,TO,2025,0,script,2026-09-30,pesquisa-eixo3,"famílias com pagamento do Bolsa Verde (MMA) no 4º tri, municípios da Amazônia Legal; 2025 = 3º tri"
I3.4.2,,AC,,1148511,script,2026-09-30,pesquisa-eixo3,"tCO2e aposentados, carbono voluntário VCS/ACR (OffsetsDB) (2025)"
I3.4.2,,AC,2011,0,script,2026-09-30,pesquisa-eixo3,"tCO2e aposentados, carbono voluntário VCS/ACR (OffsetsDB)"
I3.4.2,,AC,2012,0,script,2026-09-30,pesquisa-eixo3,"tCO2e aposentados, carbono voluntário VCS/ACR (OffsetsDB)"
I3.4.2,,AC,2013,0,script,2026-09-30,pesquisa-eixo3,"tCO2e aposentados, carbono voluntário VCS/ACR (OffsetsDB)"
I3.4.2,,AC,2014,183361,script,2026-09-30,pesquisa-eixo3,"tCO2e aposentados, carbono voluntário VCS/ACR (OffsetsDB)"
I3.4.2,,AC,2015,144591,script,2026-09-30,pesquisa-eixo3,"tCO2e aposentados, carbono voluntário VCS/ACR (OffsetsDB)"
I3.4.2,,AC,2016,62646,script,2026-09-30,pesquisa-eixo3,"tCO2e aposentados, carbono voluntário VCS/ACR (OffsetsDB)"
I3.4.2,,AC,2017,1011294,script,2026-09-30,pesquisa-eixo3,"tCO2e aposentados, carbono voluntário VCS/ACR (OffsetsDB)"
I3.4.2,,AC,2018,324158,script,2026-09-30,pesquisa-eixo3,"tCO2e aposentados, carbono voluntário VCS/ACR (OffsetsDB)"
I3.4.2,,AC,2019,388723,script,2026-09-30,pesquisa-eixo3,"tCO2e aposentados, carbono voluntário VCS/ACR (OffsetsDB)"
I3.4.2,,AC,2020,840191,script,2026-09-30,pesquisa-eixo3,"tCO2e aposentados, carbono voluntário VCS/ACR (OffsetsDB)"
I3.4.2,,AC,2021,1532194,script,2026-09-30,pesquisa-eixo3,"tCO2e aposentados, carbono voluntário VCS/ACR (OffsetsDB)"
I3.4.2,,AC,2022,943767,script,2026-09-30,pesquisa-eixo3,"tCO2e aposentados, carbono voluntário VCS/ACR (OffsetsDB)"
I3.4.2,,AC,2023,2836913,script,2026-09-30,pesquisa-eixo3,"tCO2e aposentados, carbono voluntário VCS/ACR (OffsetsDB)"
I3.4.2,,AC,2024,2958974,script,2026-09-30,pesquisa-eixo3,"tCO2e aposentados, carbono voluntário VCS/ACR (OffsetsDB)"
I3.4.2,,AC,2025,1148511,script,2026-09-30,pesquisa-eixo3,"tCO2e aposentados, carbono voluntário VCS/ACR (OffsetsDB)"
I3.4.2,,AM,,158719,script,2026-09-30,pesquisa-eixo3,"tCO2e aposentados, carbono voluntário VCS/ACR (OffsetsDB) (2025)"
I3.4.2,,AM,2011,0,script,2026-09-30,pesquisa-eixo3,"tCO2e aposentados, carbono voluntário VCS/ACR (OffsetsDB)"
I3.4.2,,AM,2012,0,script,2026-09-30,pesquisa-eixo3,"tCO2e aposentados, carbono voluntário VCS/ACR (OffsetsDB)"
I3.4.2,,AM,2013,0,script,2026-09-30,pesquisa-eixo3,"tCO2e aposentados, carbono voluntário VCS/ACR (OffsetsDB)"
I3.4.2,,AM,2014,0,script,2026-09-30,pesquisa-eixo3,"tCO2e aposentados, carbono voluntário VCS/ACR (OffsetsDB)"
I3.4.2,,AM,2015,0,script,2026-09-30,pesquisa-eixo3,"tCO2e aposentados, carbono voluntário VCS/ACR (OffsetsDB)"
I3.4.2,,AM,2016,0,script,2026-09-30,pesquisa-eixo3,"tCO2e aposentados, carbono voluntário VCS/ACR (OffsetsDB)"
I3.4.2,,AM,2017,0,script,2026-09-30,pesquisa-eixo3,"tCO2e aposentados, carbono voluntário VCS/ACR (OffsetsDB)"
I3.4.2,,AM,2018,0,script,2026-09-30,pesquisa-eixo3,"tCO2e aposentados, carbono voluntário VCS/ACR (OffsetsDB)"
I3.4.2,,AM,2019,0,script,2026-09-30,pesquisa-eixo3,"tCO2e aposentados, carbono voluntário VCS/ACR (OffsetsDB)"
I3.4.2,,AM,2020,955570,script,2026-09-30,pesquisa-eixo3,"tCO2e aposentados, carbono voluntário VCS/ACR (OffsetsDB)"
I3.4.2,,AM,2021,313309,script,2026-09-30,pesquisa-eixo3,"tCO2e aposentados, carbono voluntário VCS/ACR (OffsetsDB)"
I3.4.2,,AM,2022,155995,script,2026-09-30,pesquisa-eixo3,"tCO2e aposentados, carbono voluntário VCS/ACR (OffsetsDB)"
I3.4.2,,AM,2023,592677,script,2026-09-30,pesquisa-eixo3,"tCO2e aposentados, carbono voluntário VCS/ACR (OffsetsDB)"
I3.4.2,,AM,2024,658543,script,2026-09-30,pesquisa-eixo3,"tCO2e aposentados, carbono voluntário VCS/ACR (OffsetsDB)"
I3.4.2,,AM,2025,158719,script,2026-09-30,pesquisa-eixo3,"tCO2e aposentados, carbono voluntário VCS/ACR (OffsetsDB)"
I3.4.2,,AP,,58015,script,2026-09-30,pesquisa-eixo3,"tCO2e aposentados, carbono voluntário VCS/ACR (OffsetsDB) (2025)"
I3.4.2,,AP,2011,0,script,2026-09-30,pesquisa-eixo3,"tCO2e aposentados, carbono voluntário VCS/ACR (OffsetsDB)"
I3.4.2,,AP,2012,0,script,2026-09-30,pesquisa-eixo3,"tCO2e aposentados, carbono voluntário VCS/ACR (OffsetsDB)"
I3.4.2,,AP,2013,22,script,2026-09-30,pesquisa-eixo3,"tCO2e aposentados, carbono voluntário VCS/ACR (OffsetsDB)"
I3.4.2,,AP,2014,16169,script,2026-09-30,pesquisa-eixo3,"tCO2e aposentados, carbono voluntário VCS/ACR (OffsetsDB)"
I3.4.2,,AP,2015,185659,script,2026-09-30,pesquisa-eixo3,"tCO2e aposentados, carbono voluntário VCS/ACR (OffsetsDB)"
I3.4.2,,AP,2016,0,script,2026-09-30,pesquisa-eixo3,"tCO2e aposentados, carbono voluntário VCS/ACR (OffsetsDB)"
I3.4.2,,AP,2017,8606,script,2026-09-30,pesquisa-eixo3,"tCO2e aposentados, carbono voluntário VCS/ACR (OffsetsDB)"
I3.4.2,,AP,2018,143023,script,2026-09-30,pesquisa-eixo3,"tCO2e aposentados, carbono voluntário VCS/ACR (OffsetsDB)"
I3.4.2,,AP,2019,99383,script,2026-09-30,pesquisa-eixo3,"tCO2e aposentados, carbono voluntário VCS/ACR (OffsetsDB)"
I3.4.2,,AP,2020,54374,script,2026-09-30,pesquisa-eixo3,"tCO2e aposentados, carbono voluntário VCS/ACR (OffsetsDB)"
I3.4.2,,AP,2021,233069,script,2026-09-30,pesquisa-eixo3,"tCO2e aposentados, carbono voluntário VCS/ACR (OffsetsDB)"
I3.4.2,,AP,2022,233994,script,2026-09-30,pesquisa-eixo3,"tCO2e aposentados, carbono voluntário VCS/ACR (OffsetsDB)"
I3.4.2,,AP,2023,393570,script,2026-09-30,pesquisa-eixo3,"tCO2e aposentados, carbono voluntário VCS/ACR (OffsetsDB)"
I3.4.2,,AP,2024,261348,script,2026-09-30,pesquisa-eixo3,"tCO2e aposentados, carbono voluntário VCS/ACR (OffsetsDB)"
I3.4.2,,AP,2025,58015,script,2026-09-30,pesquisa-eixo3,"tCO2e aposentados, carbono voluntário VCS/ACR (OffsetsDB)"
I3.4.2,,MA,,0,script,2026-09-30,pesquisa-eixo3,"tCO2e aposentados, carbono voluntário VCS/ACR (OffsetsDB) (2025)"
I3.4.2,,MA,2011,0,script,2026-09-30,pesquisa-eixo3,"tCO2e aposentados, carbono voluntário VCS/ACR (OffsetsDB)"
I3.4.2,,MA,2012,0,script,2026-09-30,pesquisa-eixo3,"tCO2e aposentados, carbono voluntário VCS/ACR (OffsetsDB)"
I3.4.2,,MA,2013,0,script,2026-09-30,pesquisa-eixo3,"tCO2e aposentados, carbono voluntário VCS/ACR (OffsetsDB)"
I3.4.2,,MA,2014,0,script,2026-09-30,pesquisa-eixo3,"tCO2e aposentados, carbono voluntário VCS/ACR (OffsetsDB)"
I3.4.2,,MA,2015,0,script,2026-09-30,pesquisa-eixo3,"tCO2e aposentados, carbono voluntário VCS/ACR (OffsetsDB)"
I3.4.2,,MA,2016,0,script,2026-09-30,pesquisa-eixo3,"tCO2e aposentados, carbono voluntário VCS/ACR (OffsetsDB)"
I3.4.2,,MA,2017,0,script,2026-09-30,pesquisa-eixo3,"tCO2e aposentados, carbono voluntário VCS/ACR (OffsetsDB)"
I3.4.2,,MA,2018,0,script,2026-09-30,pesquisa-eixo3,"tCO2e aposentados, carbono voluntário VCS/ACR (OffsetsDB)"
I3.4.2,,MA,2019,0,script,2026-09-30,pesquisa-eixo3,"tCO2e aposentados, carbono voluntário VCS/ACR (OffsetsDB)"
I3.4.2,,MA,2020,0,script,2026-09-30,pesquisa-eixo3,"tCO2e aposentados, carbono voluntário VCS/ACR (OffsetsDB)"
I3.4.2,,MA,2021,0,script,2026-09-30,pesquisa-eixo3,"tCO2e aposentados, carbono voluntário VCS/ACR (OffsetsDB)"
I3.4.2,,MA,2022,0,script,2026-09-30,pesquisa-eixo3,"tCO2e aposentados, carbono voluntário VCS/ACR (OffsetsDB)"
I3.4.2,,MA,2023,0,script,2026-09-30,pesquisa-eixo3,"tCO2e aposentados, carbono voluntário VCS/ACR (OffsetsDB)"
I3.4.2,,MA,2024,0,script,2026-09-30,pesquisa-eixo3,"tCO2e aposentados, carbono voluntário VCS/ACR (OffsetsDB)"
I3.4.2,,MA,2025,0,script,2026-09-30,pesquisa-eixo3,"tCO2e aposentados, carbono voluntário VCS/ACR (OffsetsDB)"
I3.4.2,,MT,,245170,script,2026-09-30,pesquisa-eixo3,"tCO2e aposentados, carbono voluntário VCS/ACR (OffsetsDB) (2025)"
I3.4.2,,MT,2011,69,script,2026-09-30,pesquisa-eixo3,"tCO2e aposentados, carbono voluntário VCS/ACR (OffsetsDB)"
I3.4.2,,MT,2012,954,script,2026-09-30,pesquisa-eixo3,"tCO2e aposentados, carbono voluntário VCS/ACR (OffsetsDB)"
I3.4.2,,MT,2013,68566,script,2026-09-30,pesquisa-eixo3,"tCO2e aposentados, carbono voluntário VCS/ACR (OffsetsDB)"
I3.4.2,,MT,2014,344075,script,2026-09-30,pesquisa-eixo3,"tCO2e aposentados, carbono voluntário VCS/ACR (OffsetsDB)"
I3.4.2,,MT,2015,168488,script,2026-09-30,pesquisa-eixo3,"tCO2e aposentados, carbono voluntário VCS/ACR (OffsetsDB)"
I3.4.2,,MT,2016,598030,script,2026-09-30,pesquisa-eixo3,"tCO2e aposentados, carbono voluntário VCS/ACR (OffsetsDB)"
I3.4.2,,MT,2017,685711,script,2026-09-30,pesquisa-eixo3,"tCO2e aposentados, carbono voluntário VCS/ACR (OffsetsDB)"
I3.4.2,,MT,2018,515190,script,2026-09-30,pesquisa-eixo3,"tCO2e aposentados, carbono voluntário VCS/ACR (OffsetsDB)"
I3.4.2,,MT,2019,65213,script,2026-09-30,pesquisa-eixo3,"tCO2e aposentados, carbono voluntário VCS/ACR (OffsetsDB)"
I3.4.2,,MT,2020,160829,script,2026-09-30,pesquisa-eixo3,"tCO2e aposentados, carbono voluntário VCS/ACR (OffsetsDB)"
I3.4.2,,MT,2021,1258664,script,2026-09-30,pesquisa-eixo3,"tCO2e aposentados, carbono voluntário VCS/ACR (OffsetsDB)"
I3.4.2,,MT,2022,490190,script,2026-09-30,pesquisa-eixo3,"tCO2e aposentados, carbono voluntário VCS/ACR (OffsetsDB)"
I3.4.2,,MT,2023,353264,script,2026-09-30,pesquisa-eixo3,"tCO2e aposentados, carbono voluntário VCS/ACR (OffsetsDB)"
I3.4.2,,MT,2024,236196,script,2026-09-30,pesquisa-eixo3,"tCO2e aposentados, carbono voluntário VCS/ACR (OffsetsDB)"
I3.4.2,,MT,2025,245170,script,2026-09-30,pesquisa-eixo3,"tCO2e aposentados, carbono voluntário VCS/ACR (OffsetsDB)"
I3.4.2,,PA,,1019967,script,2026-09-30,pesquisa-eixo3,"tCO2e aposentados, carbono voluntário VCS/ACR (OffsetsDB) (2025)"
I3.4.2,,PA,2011,0,script,2026-09-30,pesquisa-eixo3,"tCO2e aposentados, carbono voluntário VCS/ACR (OffsetsDB)"
I3.4.2,,PA,2012,0,script,2026-09-30,pesquisa-eixo3,"tCO2e aposentados, carbono voluntário VCS/ACR (OffsetsDB)"
I3.4.2,,PA,2013,405,script,2026-09-30,pesquisa-eixo3,"tCO2e aposentados, carbono voluntário VCS/ACR (OffsetsDB)"
I3.4.2,,PA,2014,3751,script,2026-09-30,pesquisa-eixo3,"tCO2e aposentados, carbono voluntário VCS/ACR (OffsetsDB)"
I3.4.2,,PA,2015,145962,script,2026-09-30,pesquisa-eixo3,"tCO2e aposentados, carbono voluntário VCS/ACR (OffsetsDB)"
I3.4.2,,PA,2016,358119,script,2026-09-30,pesquisa-eixo3,"tCO2e aposentados, carbono voluntário VCS/ACR (OffsetsDB)"
I3.4.2,,PA,2017,332350,script,2026-09-30,pesquisa-eixo3,"tCO2e aposentados, carbono voluntário VCS/ACR (OffsetsDB)"
I3.4.2,,PA,2018,524126,script,2026-09-30,pesquisa-eixo3,"tCO2e aposentados, carbono voluntário VCS/ACR (OffsetsDB)"
I3.4.2,,PA,2019,870659,script,2026-09-30,pesquisa-eixo3,"tCO2e aposentados, carbono voluntário VCS/ACR (OffsetsDB)"
I3.4.2,,PA,2020,3273705,script,2026-09-30,pesquisa-eixo3,"tCO2e aposentados, carbono voluntário VCS/ACR (OffsetsDB)"
I3.4.2,,PA,2021,4912633,script,2026-09-30,pesquisa-eixo3,"tCO2e aposentados, carbono voluntário VCS/ACR (OffsetsDB)"
I3.4.2,,PA,2022,2971441,script,2026-09-30,pesquisa-eixo3,"tCO2e aposentados, carbono voluntário VCS/ACR (OffsetsDB)"
I3.4.2,,PA,2023,3180361,script,2026-09-30,pesquisa-eixo3,"tCO2e aposentados, carbono voluntário VCS/ACR (OffsetsDB)"
I3.4.2,,PA,2024,2833268,script,2026-09-30,pesquisa-eixo3,"tCO2e aposentados, carbono voluntário VCS/ACR (OffsetsDB)"
I3.4.2,,PA,2025,1019967,script,2026-09-30,pesquisa-eixo3,"tCO2e aposentados, carbono voluntário VCS/ACR (OffsetsDB)"
I3.4.2,,RO,,712818,script,2026-09-30,pesquisa-eixo3,"tCO2e aposentados, carbono voluntário VCS/ACR (OffsetsDB) (2025)"
I3.4.2,,RO,2011,0,script,2026-09-30,pesquisa-eixo3,"tCO2e aposentados, carbono voluntário VCS/ACR (OffsetsDB)"
I3.4.2,,RO,2012,0,script,2026-09-30,pesquisa-eixo3,"tCO2e aposentados, carbono voluntário VCS/ACR (OffsetsDB)"
I3.4.2,,RO,2013,120000,script,2026-09-30,pesquisa-eixo3,"tCO2e aposentados, carbono voluntário VCS/ACR (OffsetsDB)"
I3.4.2,,RO,2014,130000,script,2026-09-30,pesquisa-eixo3,"tCO2e aposentados, carbono voluntário VCS/ACR (OffsetsDB)"
I3.4.2,,RO,2015,954,script,2026-09-30,pesquisa-eixo3,"tCO2e aposentados, carbono voluntário VCS/ACR (OffsetsDB)"
I3.4.2,,RO,2016,158254,script,2026-09-30,pesquisa-eixo3,"tCO2e aposentados, carbono voluntário VCS/ACR (OffsetsDB)"
I3.4.2,,RO,2017,127506,script,2026-09-30,pesquisa-eixo3,"tCO2e aposentados, carbono voluntário VCS/ACR (OffsetsDB)"
I3.4.2,,RO,2018,367795,script,2026-09-30,pesquisa-eixo3,"tCO2e aposentados, carbono voluntário VCS/ACR (OffsetsDB)"
I3.4.2,,RO,2019,524850,script,2026-09-30,pesquisa-eixo3,"tCO2e aposentados, carbono voluntário VCS/ACR (OffsetsDB)"
I3.4.2,,RO,2020,196332,script,2026-09-30,pesquisa-eixo3,"tCO2e aposentados, carbono voluntário VCS/ACR (OffsetsDB)"
I3.4.2,,RO,2021,138382,script,2026-09-30,pesquisa-eixo3,"tCO2e aposentados, carbono voluntário VCS/ACR (OffsetsDB)"
I3.4.2,,RO,2022,93206,script,2026-09-30,pesquisa-eixo3,"tCO2e aposentados, carbono voluntário VCS/ACR (OffsetsDB)"
I3.4.2,,RO,2023,360820,script,2026-09-30,pesquisa-eixo3,"tCO2e aposentados, carbono voluntário VCS/ACR (OffsetsDB)"
I3.4.2,,RO,2024,585908,script,2026-09-30,pesquisa-eixo3,"tCO2e aposentados, carbono voluntário VCS/ACR (OffsetsDB)"
I3.4.2,,RO,2025,712818,script,2026-09-30,pesquisa-eixo3,"tCO2e aposentados, carbono voluntário VCS/ACR (OffsetsDB)"
I3.4.2,,RR,,0,script,2026-09-30,pesquisa-eixo3,"tCO2e aposentados, carbono voluntário VCS/ACR (OffsetsDB) (2025)"
I3.4.2,,RR,2011,0,script,2026-09-30,pesquisa-eixo3,"tCO2e aposentados, carbono voluntário VCS/ACR (OffsetsDB)"
I3.4.2,,RR,2012,0,script,2026-09-30,pesquisa-eixo3,"tCO2e aposentados, carbono voluntário VCS/ACR (OffsetsDB)"
I3.4.2,,RR,2013,10,script,2026-09-30,pesquisa-eixo3,"tCO2e aposentados, carbono voluntário VCS/ACR (OffsetsDB)"
I3.4.2,,RR,2014,645,script,2026-09-30,pesquisa-eixo3,"tCO2e aposentados, carbono voluntário VCS/ACR (OffsetsDB)"
I3.4.2,,RR,2015,0,script,2026-09-30,pesquisa-eixo3,"tCO2e aposentados, carbono voluntário VCS/ACR (OffsetsDB)"
I3.4.2,,RR,2016,0,script,2026-09-30,pesquisa-eixo3,"tCO2e aposentados, carbono voluntário VCS/ACR (OffsetsDB)"
I3.4.2,,RR,2017,0,script,2026-09-30,pesquisa-eixo3,"tCO2e aposentados, carbono voluntário VCS/ACR (OffsetsDB)"
I3.4.2,,RR,2018,0,script,2026-09-30,pesquisa-eixo3,"tCO2e aposentados, carbono voluntário VCS/ACR (OffsetsDB)"
I3.4.2,,RR,2019,0,script,2026-09-30,pesquisa-eixo3,"tCO2e aposentados, carbono voluntário VCS/ACR (OffsetsDB)"
I3.4.2,,RR,2020,0,script,2026-09-30,pesquisa-eixo3,"tCO2e aposentados, carbono voluntário VCS/ACR (OffsetsDB)"
I3.4.2,,RR,2021,0,script,2026-09-30,pesquisa-eixo3,"tCO2e aposentados, carbono voluntário VCS/ACR (OffsetsDB)"
I3.4.2,,RR,2022,0,script,2026-09-30,pesquisa-eixo3,"tCO2e aposentados, carbono voluntário VCS/ACR (OffsetsDB)"
I3.4.2,,RR,2023,0,script,2026-09-30,pesquisa-eixo3,"tCO2e aposentados, carbono voluntário VCS/ACR (OffsetsDB)"
I3.4.2,,RR,2024,0,script,2026-09-30,pesquisa-eixo3,"tCO2e aposentados, carbono voluntário VCS/ACR (OffsetsDB)"
I3.4.2,,RR,2025,0,script,2026-09-30,pesquisa-eixo3,"tCO2e aposentados, carbono voluntário VCS/ACR (OffsetsDB)"
I3.4.2,,TO,,0,script,2026-09-30,pesquisa-eixo3,"tCO2e aposentados, carbono voluntário VCS/ACR (OffsetsDB) (2025)"
I3.4.2,,TO,2011,0,script,2026-09-30,pesquisa-eixo3,"tCO2e aposentados, carbono voluntário VCS/ACR (OffsetsDB)"
I3.4.2,,TO,2012,0,script,2026-09-30,pesquisa-eixo3,"tCO2e aposentados, carbono voluntário VCS/ACR (OffsetsDB)"
I3.4.2,,TO,2013,0,script,2026-09-30,pesquisa-eixo3,"tCO2e aposentados, carbono voluntário VCS/ACR (OffsetsDB)"
I3.4.2,,TO,2014,0,script,2026-09-30,pesquisa-eixo3,"tCO2e aposentados, carbono voluntário VCS/ACR (OffsetsDB)"
I3.4.2,,TO,2015,0,script,2026-09-30,pesquisa-eixo3,"tCO2e aposentados, carbono voluntário VCS/ACR (OffsetsDB)"
I3.4.2,,TO,2016,0,script,2026-09-30,pesquisa-eixo3,"tCO2e aposentados, carbono voluntário VCS/ACR (OffsetsDB)"
I3.4.2,,TO,2017,0,script,2026-09-30,pesquisa-eixo3,"tCO2e aposentados, carbono voluntário VCS/ACR (OffsetsDB)"
I3.4.2,,TO,2018,0,script,2026-09-30,pesquisa-eixo3,"tCO2e aposentados, carbono voluntário VCS/ACR (OffsetsDB)"
I3.4.2,,TO,2019,0,script,2026-09-30,pesquisa-eixo3,"tCO2e aposentados, carbono voluntário VCS/ACR (OffsetsDB)"
I3.4.2,,TO,2020,0,script,2026-09-30,pesquisa-eixo3,"tCO2e aposentados, carbono voluntário VCS/ACR (OffsetsDB)"
I3.4.2,,TO,2021,0,script,2026-09-30,pesquisa-eixo3,"tCO2e aposentados, carbono voluntário VCS/ACR (OffsetsDB)"
I3.4.2,,TO,2022,0,script,2026-09-30,pesquisa-eixo3,"tCO2e aposentados, carbono voluntário VCS/ACR (OffsetsDB)"
I3.4.2,,TO,2023,0,script,2026-09-30,pesquisa-eixo3,"tCO2e aposentados, carbono voluntário VCS/ACR (OffsetsDB)"
I3.4.2,,TO,2024,0,script,2026-09-30,pesquisa-eixo3,"tCO2e aposentados, carbono voluntário VCS/ACR (OffsetsDB)"
I3.4.2,,TO,2025,0,script,2026-09-30,pesquisa-eixo3,"tCO2e aposentados, carbono voluntário VCS/ACR (OffsetsDB)"
I3.5.1,,AM,,0,script,2026-09-30,pesquisa-eixo3,"1 = política formalizada, regulamentada, financiada e em execução; só estados mineradores (CFEM)"
I3.5.1,,AP,,0,script,2026-09-30,pesquisa-eixo3,"1 = política formalizada, regulamentada, financiada e em execução; só estados mineradores (CFEM)"
I3.5.1,,MA,,0,script,2026-09-30,pesquisa-eixo3,"1 = política formalizada, regulamentada, financiada e em execução; só estados mineradores (CFEM)"
I3.5.1,,MT,,0,script,2026-09-30,pesquisa-eixo3,"1 = política formalizada, regulamentada, financiada e em execução; só estados mineradores (CFEM)"
I3.5.1,,PA,,1,script,2026-09-30,pesquisa-eixo3,"1 = política formalizada, regulamentada, financiada e em execução; só estados mineradores (CFEM)"
I3.5.1,,RO,,0,script,2026-09-30,pesquisa-eixo3,"1 = política formalizada, regulamentada, financiada e em execução; só estados mineradores (CFEM)"
I3.5.1,,TO,,0,script,2026-09-30,pesquisa-eixo3,"1 = política formalizada, regulamentada, financiada e em execução; só estados mineradores (CFEM)"
I3.5.2,,AM,,0,script,2026-09-30,pesquisa-eixo3,% dos projetos habilitados no CTAPME que atendem os 7 critérios eliminatórios
I3.5.2,,AP,,0,script,2026-09-30,pesquisa-eixo3,% dos projetos habilitados no CTAPME que atendem os 7 critérios eliminatórios
I3.5.2,,PA,,11.1,script,2026-09-30,pesquisa-eixo3,% dos projetos habilitados no CTAPME que atendem os 7 critérios eliminatórios
I3.5.2,atendem,AM,,0,script,2026-09-30,pesquisa-eixo3,projetos que atendem os 7 critérios eliminatórios
I3.5.2,atendem,AP,,0,script,2026-09-30,pesquisa-eixo3,projetos que atendem os 7 critérios eliminatórios
I3.5.2,atendem,PA,,1,script,2026-09-30,pesquisa-eixo3,projetos que atendem os 7 critérios eliminatórios
I3.5.2,projetos,AM,,1,script,2026-09-30,pesquisa-eixo3,projetos habilitados no CTAPME
I3.5.2,projetos,AP,,1,script,2026-09-30,pesquisa-eixo3,projetos habilitados no CTAPME
I3.5.2,projetos,PA,,9,script,2026-09-30,pesquisa-eixo3,projetos habilitados no CTAPME
I4.1.1,,AC,,52.12,migracao,2026-09-13,migracao,
I4.1.1,,AC,2021,33.41,migracao,2026-09-13,migracao,
I4.1.1,,AC,2022,41.62,migracao,2026-09-13,migracao,
I4.1.1,,AC,2023,41.71,migracao,2026-09-13,migracao,
I4.1.1,,AC,2024,51.32,migracao,2026-09-13,migracao,
I4.1.1,,AC,2025,52.43,migracao,2026-09-13,migracao,
I4.1.1,,AM,,48.8,migracao,2026-09-13,migracao,
I4.1.1,,AM,2021,30.94,migracao,2026-09-13,migracao,
I4.1.1,,AM,2022,32.89,migracao,2026-09-13,migracao,
I4.1.1,,AM,2023,34.2,migracao,2026-09-13,migracao,
I4.1.1,,AM,2024,44.92,migracao,2026-09-13,migracao,
I4.1.1,,AM,2025,46.74,migracao,2026-09-13,migracao,
I4.1.1,,AP,,56.95,migracao,2026-09-13,migracao,
I4.1.1,,AP,2021,39.14,migracao,2026-09-13,migracao,
I4.1.1,,AP,2022,53.11,migracao,2026-09-13,migracao,
I4.1.1,,AP,2023,58.67,migracao,2026-09-13,migracao,
I4.1.1,,AP,2024,54.74,migracao,2026-09-13,migracao,
I4.1.1,,AP,2025,54.89,migracao,2026-09-13,migracao,
I4.1.1,,MA,,52.56,migracao,2026-09-13,migracao,
I4.1.1,,MA,2021,26.88,migracao,2026-09-13,migracao,
I4.1.1,,MA,2022,25.28,migracao,2026-09-13,migracao,
I4.1.1,,MA,2023,25.59,migracao,2026-09-13,migracao,
I4.1.1,,MA,2024,52.36,migracao,2026-09-13,migracao,
I4.1.1,,MA,2025,55.56,migracao,2026-09-13,migracao,
I4.1.1,,MT,,60.42,migracao,2026-09-13,migracao,
I4.1.1,,MT,2021,63.62,migracao,2026-09-13,migracao,
I4.1.1,,MT,2022,61.12,migracao,2026-09-13,migracao,
I4.1.1,,MT,2023,62.59,migracao,2026-09-13,migracao,
I4.1.1,,MT,2024,57.56,migracao,2026-09-13,migracao,
I4.1.1,,MT,2025,61.31,migracao,2026-09-13,migracao,
I4.1.1,,PA,,53.1,migracao,2026-09-13,migracao,
I4.1.1,,PA,2021,32.13,migracao,2026-09-13,migracao,
I4.1.1,,PA,2022,36.25,migracao,2026-09-13,migracao,
I4.1.1,,PA,2023,36.28,migracao,2026-09-13,migracao,
I4.1.1,,PA,2024,50.52,migracao,2026-09-13,migracao,
I4.1.1,,PA,2025,53.05,migracao,2026-09-13,migracao,
I4.1.1,,RO,,56.13,migracao,2026-09-13,migracao,
I4.1.1,,RO,2021,43.02,migracao,2026-09-13,migracao,
I4.1.1,,RO,2022,49.24,migracao,2026-09-13,migracao,
I4.1.1,,RO,2023,51.43,migracao,2026-09-13,migracao,
I4.1.1,,RO,2024,55.6,migracao,2026-09-13,migracao,
I4.1.1,,RO,2025,58.45,migracao,2026-09-13,migracao,
I4.1.1,,RR,,49.19,migracao,2026-09-13,migracao,
I4.1.1,,RR,2021,33.94,migracao,2026-09-13,migracao,
I4.1.1,,RR,2022,31.76,migracao,2026-09-13,migracao,
I4.1.1,,RR,2023,27.92,migracao,2026-09-13,migracao,
I4.1.1,,RR,2024,43.74,migracao,2026-09-13,migracao,
I4.1.1,,RR,2025,46.53,migracao,2026-09-13,migracao,
I4.1.1,,TO,,53.92,migracao,2026-09-13,migracao,
I4.1.1,,TO,2021,41.59,migracao,2026-09-13,migracao,
I4.1.1,,TO,2022,46.17,migracao,2026-09-13,migracao,
I4.1.1,,TO,2023,47.32,migracao,2026-09-13,migracao,
I4.1.1,,TO,2024,51.18,migracao,2026-09-13,migracao,
I4.1.1,,TO,2025,53.73,migracao,2026-09-13,migracao,
I4.1.1,ponderado2024,AC,,50.97,migracao,2026-09-13,migracao,
I4.1.1,ponderado2024,AM,,47.79,migracao,2026-09-13,migracao,
I4.1.1,ponderado2024,AP,,56.37,migracao,2026-09-13,migracao,
I4.1.1,ponderado2024,MA,,50.14,migracao,2026-09-13,migracao,
I4.1.1,ponderado2024,MT,,57.92,migracao,2026-09-13,migracao,
I4.1.1,ponderado2024,PA,,51.65,migracao,2026-09-13,migracao,
I4.1.1,ponderado2024,RO,,53.38,migracao,2026-09-13,migracao,
I4.1.1,ponderado2024,RR,,45.96,migracao,2026-09-13,migracao,
I4.1.1,ponderado2024,TO,,52.26,migracao,2026-09-13,migracao,
I4.2.1,,AC,,16.23,script,2026-09-25,estrategia_set2026,
I4.2.1,,AM,,38.58,script,2026-09-25,estrategia_set2026,
I4.2.1,,AP,,50,script,2026-09-25,estrategia_set2026,
I4.2.1,,MA,,43.88,script,2026-09-25,estrategia_set2026,
I4.2.1,,MT,,50,script,2026-09-25,estrategia_set2026,
I4.2.1,,PA,,47.86,script,2026-09-25,estrategia_set2026,
I4.2.1,,RO,,49.89,script,2026-09-25,estrategia_set2026,
I4.2.1,,RR,,50.59,script,2026-09-25,estrategia_set2026,
I4.2.1,,TO,,49.88,script,2026-09-25,estrategia_set2026,
I4.2.1,kmEfetivo,AC,,15.9,script,2026-09-25,estrategia_set2026,
I4.2.1,kmEfetivo,AM,,496.3,script,2026-09-25,estrategia_set2026,
I4.2.1,kmEfetivo,AP,,149.4,script,2026-09-25,estrategia_set2026,
I4.2.1,kmEfetivo,MA,,4518.2,script,2026-09-25,estrategia_set2026,
I4.2.1,kmEfetivo,MT,,523.3,script,2026-09-25,estrategia_set2026,
I4.2.1,kmEfetivo,PA,,3839.4,script,2026-09-25,estrategia_set2026,
I4.2.1,kmEfetivo,RO,,1937.2,script,2026-09-25,estrategia_set2026,
I4.2.1,kmEfetivo,RR,,777.0,script,2026-09-25,estrategia_set2026,
I4.2.1,kmEfetivo,TO,,516.9,script,2026-09-25,estrategia_set2026,
I4.2.1,kmFisico,AC,,98.1,script,2026-09-25,estrategia_set2026,
I4.2.1,kmFisico,AM,,1286.4,script,2026-09-25,estrategia_set2026,
I4.2.1,kmFisico,AP,,298.9,script,2026-09-25,estrategia_set2026,
I4.2.1,kmFisico,MA,,10296.6,script,2026-09-25,estrategia_set2026,
I4.2.1,kmFisico,MT,,1046.6,script,2026-09-25,estrategia_set2026,
I4.2.1,kmFisico,PA,,8022.9,script,2026-09-25,estrategia_set2026,
I4.2.1,kmFisico,RO,,3883.1,script,2026-09-25,estrategia_set2026,
I4.2.1,kmFisico,RR,,1535.8,script,2026-09-25,estrategia_set2026,
I4.2.1,kmFisico,TO,,1036.2,script,2026-09-25,estrategia_set2026,
I4.3.2,,AC,,1.6,migracao,2026-09-13,migracao,
I4.3.2,,AM,,11.8,migracao,2026-09-13,migracao,
I4.3.2,,AP,,97.3,migracao,2026-09-13,migracao,
I4.3.2,,MA,,40.7,migracao,2026-09-13,migracao,
I4.3.2,,MT,,86.5,migracao,2026-09-13,migracao,
I4.3.2,,PA,,98.6,migracao,2026-09-13,migracao,
I4.3.2,,RO,,95,migracao,2026-09-13,migracao,
I4.3.2,,RR,,17.9,migracao,2026-09-13,migracao,
I4.3.2,,TO,,99.1,migracao,2026-09-13,migracao,
I4.3.2,potenciaFiscalizadaMW,AC,,142.9,migracao,2026-09-13,migracao,
I4.3.2,potenciaFiscalizadaMW,AM,,2509.4,migracao,2026-09-13,migracao,
I4.3.2,potenciaFiscalizadaMW,AP,,973.7,migracao,2026-09-13,migracao,
I4.3.2,potenciaFiscalizadaMW,MA,,4481.4,migracao,2026-09-13,migracao,
I4.3.2,potenciaFiscalizadaMW,MT,,4256,migracao,2026-09-13,migracao,
I4.3.2,potenciaFiscalizadaMW,PA,,22849.6,migracao,2026-09-13,migracao,
I4.3.2,potenciaFiscalizadaMW,RO,,8213,migracao,2026-09-13,migracao,
I4.3.2,potenciaFiscalizadaMW,RR,,515.8,migracao,2026-09-13,migracao,
I4.3.2,potenciaFiscalizadaMW,TO,,1987.4,migracao,2026-09-13,migracao,
I4.3.2,potenciaRenovavelMW,AC,,2.2,migracao,2026-09-13,migracao,
I4.3.2,potenciaRenovavelMW,AM,,295.5,migracao,2026-09-13,migracao,
I4.3.2,potenciaRenovavelMW,AP,,947.7,migracao,2026-09-13,migracao,
I4.3.2,potenciaRenovavelMW,MA,,1825.3,migracao,2026-09-13,migracao,
I4.3.2,potenciaRenovavelMW,MT,,3682.6,migracao,2026-09-13,migracao,
I4.3.2,potenciaRenovavelMW,PA,,22523.8,migracao,2026-09-13,migracao,
I4.3.2,potenciaRenovavelMW,RO,,7801,migracao,2026-09-13,migracao,
I4.3.2,potenciaRenovavelMW,RR,,92.4,migracao,2026-09-13,migracao,
I4.3.2,potenciaRenovavelMW,TO,,1968.8,migracao,2026-09-13,migracao,
I4.4.1,,AC,,49.33,migracao,2026-09-13,migracao,
I4.4.1,,AM,,50.44,migracao,2026-09-13,migracao,
I4.4.1,,AP,,48.61,migracao,2026-09-13,migracao,
I4.4.1,,MA,,41.31,migracao,2026-09-13,migracao,
I4.4.1,,MT,,56.67,migracao,2026-09-13,migracao,
I4.4.1,,PA,,45.47,migracao,2026-09-13,migracao,
I4.4.1,,RO,,38.83,migracao,2026-09-13,migracao,
I4.4.1,,RR,,68.97,migracao,2026-09-13,migracao,
I4.4.1,,TO,,48.45,migracao,2026-09-13,migracao,
I4.4.1,domiciliosOcupados,AC,,261001,migracao,2026-09-13,migracao,
I4.4.1,domiciliosOcupados,AM,,1079880,migracao,2026-09-13,migracao,
I4.4.1,domiciliosOcupados,AP,,201021,migracao,2026-09-13,migracao,
I4.4.1,domiciliosOcupados,MA,,2091583,migracao,2026-09-13,migracao,
I4.4.1,domiciliosOcupados,MT,,1278142,migracao,2026-09-13,migracao,
I4.4.1,domiciliosOcupados,PA,,2444319,migracao,2026-09-13,migracao,
I4.4.1,domiciliosOcupados,RO,,555099,migracao,2026-09-13,migracao,
I4.4.1,domiciliosOcupados,RR,,177418,migracao,2026-09-13,migracao,
I4.4.1,domiciliosOcupados,TO,,513796,migracao,2026-09-13,migracao,
I4.4.1,pctAguaAdequada,AC,,71.9,migracao,2026-09-13,migracao,
I4.4.1,pctAguaAdequada,AM,,88.7,migracao,2026-09-13,migracao,
I4.4.1,pctAguaAdequada,AP,,76.2,migracao,2026-09-13,migracao,
I4.4.1,pctAguaAdequada,MA,,90,migracao,2026-09-13,migracao,
I4.4.1,pctAguaAdequada,MT,,94.8,migracao,2026-09-13,migracao,
I4.4.1,pctAguaAdequada,PA,,81.9,migracao,2026-09-13,migracao,
I4.4.1,pctAguaAdequada,RO,,71.1,migracao,2026-09-13,migracao,
I4.4.1,pctAguaAdequada,RR,,89.5,migracao,2026-09-13,migracao,
I4.4.1,pctAguaAdequada,TO,,91.5,migracao,2026-09-13,migracao,
I4.4.1,pctEsgotoAdequado,AC,,49.7,migracao,2026-09-13,migracao,
I4.4.1,pctEsgotoAdequado,AM,,51,migracao,2026-09-13,migracao,
I4.4.1,pctEsgotoAdequado,AP,,48.9,migracao,2026-09-13,migracao,
I4.4.1,pctEsgotoAdequado,MA,,42.8,migracao,2026-09-13,migracao,
I4.4.1,pctEsgotoAdequado,MT,,58,migracao,2026-09-13,migracao,
I4.4.1,pctEsgotoAdequado,PA,,47.1,migracao,2026-09-13,migracao,
I4.4.1,pctEsgotoAdequado,RO,,39.5,migracao,2026-09-13,migracao,
I4.4.1,pctEsgotoAdequado,RR,,72.7,migracao,2026-09-13,migracao,
I4.4.1,pctEsgotoAdequado,TO,,50.9,migracao,2026-09-13,migracao,
I4.4.2,,AC,,4.55,script,2026-09-25,estrategia_set2026,
I4.4.2,,AM,,1.61,script,2026-09-25,estrategia_set2026,
I4.4.2,,AP,,0.0,script,2026-09-25,estrategia_set2026,
I4.4.2,,MA,,1.1,script,2026-09-25,estrategia_set2026,
I4.4.2,,MT,,6.34,script,2026-09-25,estrategia_set2026,
I4.4.2,,PA,,1.39,script,2026-09-25,estrategia_set2026,
I4.4.2,,RO,,1.92,script,2026-09-25,estrategia_set2026,
I4.4.2,,RR,,0.0,script,2026-09-25,estrategia_set2026,
I4.4.2,,TO,,2.16,script,2026-09-25,estrategia_set2026,
I4.4.2,acima05,AC,,1,script,2026-09-25,estrategia_set2026,
I4.4.2,acima05,AM,,1,script,2026-09-25,estrategia_set2026,
I4.4.2,acima05,AP,,0,script,2026-09-25,estrategia_set2026,
I4.4.2,acima05,MA,,2,script,2026-09-25,estrategia_set2026,
I4.4.2,acima05,MT,,9,script,2026-09-25,estrategia_set2026,
I4.4.2,acima05,PA,,2,script,2026-09-25,estrategia_set2026,
I4.4.2,acima05,RO,,1,script,2026-09-25,estrategia_set2026,
I4.4.2,acima05,RR,,0,script,2026-09-25,estrategia_set2026,
I4.4.2,acima05,TO,,3,script,2026-09-25,estrategia_set2026,
I4.4.2,comDados,AC,,22,script,2026-09-25,estrategia_set2026,
I4.4.2,comDados,AM,,62,script,2026-09-25,estrategia_set2026,
I4.4.2,comDados,AP,,16,script,2026-09-25,estrategia_set2026,
I4.4.2,comDados,MA,,147,script,2026-09-25,estrategia_set2026,
I4.4.2,comDados,MT,,141,script,2026-09-25,estrategia_set2026,
I4.4.2,comDados,PA,,144,script,2026-09-25,estrategia_set2026,
I4.4.2,comDados,RO,,52,script,2026-09-25,estrategia_set2026,
I4.4.2,comDados,RR,,15,script,2026-09-25,estrategia_set2026,
I4.4.2,comDados,TO,,139,script,2026-09-25,estrategia_set2026,
I4.4.2,total,AC,,22,script,2026-09-25,estrategia_set2026,
I4.4.2,total,AM,,62,script,2026-09-25,estrategia_set2026,
I4.4.2,total,AP,,16,script,2026-09-25,estrategia_set2026,
I4.4.2,total,MA,,181,script,2026-09-25,estrategia_set2026,
I4.4.2,total,MT,,142,script,2026-09-25,estrategia_set2026,
I4.4.2,total,PA,,144,script,2026-09-25,estrategia_set2026,
I4.4.2,total,RO,,52,script,2026-09-25,estrategia_set2026,
I4.4.2,total,RR,,15,script,2026-09-25,estrategia_set2026,
I4.4.2,total,TO,,139,script,2026-09-25,estrategia_set2026,
I5.1.1,,AC,,47113.86,script,2026-09-25,eixo5_financiamento_climatico,2025: Fundo Amazônia (projetos estaduais) + REM Acre; componentes datados disponíveis
I5.1.1,,AC,2011,31557354.63,script,2026-09-25,eixo5_financiamento_climatico,
I5.1.1,,AC,2012,10967582.68,script,2026-09-25,eixo5_financiamento_climatico,
I5.1.1,,AC,2013,64887758.76,script,2026-09-25,eixo5_financiamento_climatico,
I5.1.1,,AC,2014,21785934.72,script,2026-09-25,eixo5_financiamento_climatico,
I5.1.1,,AC,2015,13310774.33,script,2026-09-25,eixo5_financiamento_climatico,
I5.1.1,,AC,2016,10691916.7,script,2026-09-25,eixo5_financiamento_climatico,
I5.1.1,,AC,2017,27430983.95,script,2026-09-25,eixo5_financiamento_climatico,
I5.1.1,,AC,2018,47178685.31,script,2026-09-25,eixo5_financiamento_climatico,
I5.1.1,,AC,2019,-224937.09,script,2026-09-25,eixo5_financiamento_climatico,
I5.1.1,,AC,2020,5076000.0,script,2026-09-25,eixo5_financiamento_climatico,
I5.1.1,,AC,2021,24757898.95,script,2026-09-25,eixo5_financiamento_climatico,
I5.1.1,,AC,2022,0,script,2026-09-25,eixo5_financiamento_climatico,
I5.1.1,,AC,2023,0,script,2026-09-25,eixo5_financiamento_climatico,
I5.1.1,,AC,2024,60490200.71,script,2026-09-25,eixo5_financiamento_climatico,
I5.1.1,,AC,2025,47113.86,script,2026-09-25,eixo5_financiamento_climatico,
I5.1.1,,AM,,21500000.0,script,2026-09-25,eixo5_financiamento_climatico,2025: Fundo Amazônia (projetos estaduais) + REM Acre; componentes datados disponíveis
I5.1.1,,AM,2011,1129355.42,script,2026-09-25,eixo5_financiamento_climatico,
I5.1.1,,AM,2012,14138005.98,script,2026-09-25,eixo5_financiamento_climatico,
I5.1.1,,AM,2013,2249386.02,script,2026-09-25,eixo5_financiamento_climatico,
I5.1.1,,AM,2014,0,script,2026-09-25,eixo5_financiamento_climatico,
I5.1.1,,AM,2015,0,script,2026-09-25,eixo5_financiamento_climatico,
I5.1.1,,AM,2016,1948538.77,script,2026-09-25,eixo5_financiamento_climatico,
I5.1.1,,AM,2017,-1890000.0,script,2026-09-25,eixo5_financiamento_climatico,
I5.1.1,,AM,2018,0,script,2026-09-25,eixo5_financiamento_climatico,
I5.1.1,,AM,2019,0,script,2026-09-25,eixo5_financiamento_climatico,
I5.1.1,,AM,2020,3067018.92,script,2026-09-25,eixo5_financiamento_climatico,
I5.1.1,,AM,2021,0,script,2026-09-25,eixo5_financiamento_climatico,
I5.1.1,,AM,2022,0,script,2026-09-25,eixo5_financiamento_climatico,
I5.1.1,,AM,2023,1585030.8,script,2026-09-25,eixo5_financiamento_climatico,
I5.1.1,,AM,2024,7496022.29,script,2026-09-25,eixo5_financiamento_climatico,
I5.1.1,,AM,2025,21500000.0,script,2026-09-25,eixo5_financiamento_climatico,
I5.1.1,,AP,,22498840.0,script,2026-09-25,eixo5_financiamento_climatico,2025: Fundo Amazônia (projetos estaduais) + REM Acre; componentes datados disponíveis
I5.1.1,,AP,2011,0,script,2026-09-25,eixo5_financiamento_climatico,
I5.1.1,,AP,2012,0,script,2026-09-25,eixo5_financiamento_climatico,
I5.1.1,,AP,2013,0,script,2026-09-25,eixo5_financiamento_climatico,
I5.1.1,,AP,2014,0,script,2026-09-25,eixo5_financiamento_climatico,
I5.1.1,,AP,2015,0,script,2026-09-25,eixo5_financiamento_climatico,
I5.1.1,,AP,2016,0,script,2026-09-25,eixo5_financiamento_climatico,
I5.1.1,,AP,2017,0,script,2026-09-25,eixo5_financiamento_climatico,
I5.1.1,,AP,2018,0,script,2026-09-25,eixo5_financiamento_climatico,
I5.1.1,,AP,2019,0,script,2026-09-25,eixo5_financiamento_climatico,
I5.1.1,,AP,2020,0,script,2026-09-25,eixo5_financiamento_climatico,
I5.1.1,,AP,2021,0,script,2026-09-25,eixo5_financiamento_climatico,
I5.1.1,,AP,2022,0,script,2026-09-25,eixo5_financiamento_climatico,
I5.1.1,,AP,2023,0,script,2026-09-25,eixo5_financiamento_climatico,
I5.1.1,,AP,2024,0,script,2026-09-25,eixo5_financiamento_climatico,
I5.1.1,,AP,2025,22498840.0,script,2026-09-25,eixo5_financiamento_climatico,
I5.1.1,,MA,,22156350.0,script,2026-09-25,eixo5_financiamento_climatico,2025: Fundo Amazônia (projetos estaduais) + REM Acre; componentes datados disponíveis
I5.1.1,,MA,2011,0,script,2026-09-25,eixo5_financiamento_climatico,
I5.1.1,,MA,2012,0,script,2026-09-25,eixo5_financiamento_climatico,
I5.1.1,,MA,2013,0,script,2026-09-25,eixo5_financiamento_climatico,
I5.1.1,,MA,2014,0,script,2026-09-25,eixo5_financiamento_climatico,
I5.1.1,,MA,2015,0,script,2026-09-25,eixo5_financiamento_climatico,
I5.1.1,,MA,2016,0,script,2026-09-25,eixo5_financiamento_climatico,
I5.1.1,,MA,2017,0,script,2026-09-25,eixo5_financiamento_climatico,
I5.1.1,,MA,2018,95665.0,script,2026-09-25,eixo5_financiamento_climatico,
I5.1.1,,MA,2019,2766263.98,script,2026-09-25,eixo5_financiamento_climatico,
I5.1.1,,MA,2020,3717744.2,script,2026-09-25,eixo5_financiamento_climatico,
I5.1.1,,MA,2021,6843313.48,script,2026-09-25,eixo5_financiamento_climatico,
I5.1.1,,MA,2022,0,script,2026-09-25,eixo5_financiamento_climatico,
I5.1.1,,MA,2023,0,script,2026-09-25,eixo5_financiamento_climatico,
I5.1.1,,MA,2024,0,script,2026-09-25,eixo5_financiamento_climatico,
I5.1.1,,MA,2025,22156350.0,script,2026-09-25,eixo5_financiamento_climatico,
I5.1.1,,MT,,0,script,2026-09-25,eixo5_financiamento_climatico,2025: Fundo Amazônia (projetos estaduais) + REM Acre; componentes datados disponíveis
I5.1.1,,MT,2011,0,script,2026-09-25,eixo5_financiamento_climatico,
I5.1.1,,MT,2012,579120.0,script,2026-09-25,eixo5_financiamento_climatico,
I5.1.1,,MT,2013,7689600.0,script,2026-09-25,eixo5_financiamento_climatico,
I5.1.1,,MT,2014,5267360.96,script,2026-09-25,eixo5_financiamento_climatico,
I5.1.1,,MT,2015,1341979.6,script,2026-09-25,eixo5_financiamento_climatico,
I5.1.1,,MT,2016,5687369.12,script,2026-09-25,eixo5_financiamento_climatico,
I5.1.1,,MT,2017,4226343.47,script,2026-09-25,eixo5_financiamento_climatico,
I5.1.1,,MT,2018,7775693.24,script,2026-09-25,eixo5_financiamento_climatico,
I5.1.1,,MT,2019,730581.96,script,2026-09-25,eixo5_financiamento_climatico,
I5.1.1,,MT,2020,6438301.17,script,2026-09-25,eixo5_financiamento_climatico,
I5.1.1,,MT,2021,4491596.2,script,2026-09-25,eixo5_financiamento_climatico,
I5.1.1,,MT,2022,10539181.68,script,2026-09-25,eixo5_financiamento_climatico,
I5.1.1,,MT,2023,4144259.15,script,2026-09-25,eixo5_financiamento_climatico,
I5.1.1,,MT,2024,0,script,2026-09-25,eixo5_financiamento_climatico,
I5.1.1,,MT,2025,0,script,2026-09-25,eixo5_financiamento_climatico,
I5.1.1,,PA,,22471098.1,script,2026-09-25,eixo5_financiamento_climatico,2025: Fundo Amazônia (projetos estaduais) + REM Acre; componentes datados disponíveis
I5.1.1,,PA,2011,3216379.62,script,2026-09-25,eixo5_financiamento_climatico,
I5.1.1,,PA,2012,6408021.68,script,2026-09-25,eixo5_financiamento_climatico,
I5.1.1,,PA,2013,18987487.64,script,2026-09-25,eixo5_financiamento_climatico,
I5.1.1,,PA,2014,24914363.49,script,2026-09-25,eixo5_financiamento_climatico,
I5.1.1,,PA,2015,1901571.0,script,2026-09-25,eixo5_financiamento_climatico,
I5.1.1,,PA,2016,18516028.57,script,2026-09-25,eixo5_financiamento_climatico,
I5.1.1,,PA,2017,0,script,2026-09-25,eixo5_financiamento_climatico,
I5.1.1,,PA,2018,0,script,2026-09-25,eixo5_financiamento_climatico,
I5.1.1,,PA,2019,0,script,2026-09-25,eixo5_financiamento_climatico,
I5.1.1,,PA,2020,0,script,2026-09-25,eixo5_financiamento_climatico,
I5.1.1,,PA,2021,0,script,2026-09-25,eixo5_financiamento_climatico,
I5.1.1,,PA,2022,4401305.24,script,2026-09-25,eixo5_financiamento_climatico,
I5.1.1,,PA,2023,0,script,2026-09-25,eixo5_financiamento_climatico,
I5.1.1,,PA,2024,0,script,2026-09-25,eixo5_financiamento_climatico,
I5.1.1,,PA,2025,22471098.1,script,2026-09-25,eixo5_financiamento_climatico,
I5.1.1,,RO,,16955000.0,script,2026-09-25,eixo5_financiamento_climatico,2025: Fundo Amazônia (projetos estaduais) + REM Acre; componentes datados disponíveis
I5.1.1,,RO,2011,0,script,2026-09-25,eixo5_financiamento_climatico,
I5.1.1,,RO,2012,0,script,2026-09-25,eixo5_financiamento_climatico,
I5.1.1,,RO,2013,4324000.0,script,2026-09-25,eixo5_financiamento_climatico,
I5.1.1,,RO,2014,16948751.9,script,2026-09-25,eixo5_financiamento_climatico,
I5.1.1,,RO,2015,0,script,2026-09-25,eixo5_financiamento_climatico,
I5.1.1,,RO,2016,0,script,2026-09-25,eixo5_financiamento_climatico,
I5.1.1,,RO,2017,0,script,2026-09-25,eixo5_financiamento_climatico,
I5.1.1,,RO,2018,4409748.1,script,2026-09-25,eixo5_financiamento_climatico,
I5.1.1,,RO,2019,0,script,2026-09-25,eixo5_financiamento_climatico,
I5.1.1,,RO,2020,5255194.29,script,2026-09-25,eixo5_financiamento_climatico,
I5.1.1,,RO,2021,0,script,2026-09-25,eixo5_financiamento_climatico,
I5.1.1,,RO,2022,10817562.43,script,2026-09-25,eixo5_financiamento_climatico,
I5.1.1,,RO,2023,0,script,2026-09-25,eixo5_financiamento_climatico,
I5.1.1,,RO,2024,1513251.43,script,2026-09-25,eixo5_financiamento_climatico,
I5.1.1,,RO,2025,16955000.0,script,2026-09-25,eixo5_financiamento_climatico,
I5.1.1,,RR,,21952597.0,script,2026-09-25,eixo5_financiamento_climatico,2025: Fundo Amazônia (projetos estaduais) + REM Acre; componentes datados disponíveis
I5.1.1,,RR,2011,0,script,2026-09-25,eixo5_financiamento_climatico,
I5.1.1,,RR,2012,0,script,2026-09-25,eixo5_financiamento_climatico,
I5.1.1,,RR,2013,0,script,2026-09-25,eixo5_financiamento_climatico,
I5.1.1,,RR,2014,0,script,2026-09-25,eixo5_financiamento_climatico,
I5.1.1,,RR,2015,0,script,2026-09-25,eixo5_financiamento_climatico,
I5.1.1,,RR,2016,0,script,2026-09-25,eixo5_financiamento_climatico,
I5.1.1,,RR,2017,3075205.25,script,2026-09-25,eixo5_financiamento_climatico,
I5.1.1,,RR,2018,0,script,2026-09-25,eixo5_financiamento_climatico,
I5.1.1,,RR,2019,0,script,2026-09-25,eixo5_financiamento_climatico,
I5.1.1,,RR,2020,0,script,2026-09-25,eixo5_financiamento_climatico,
I5.1.1,,RR,2021,0,script,2026-09-25,eixo5_financiamento_climatico,
I5.1.1,,RR,2022,-1660896.88,script,2026-09-25,eixo5_financiamento_climatico,
I5.1.1,,RR,2023,0,script,2026-09-25,eixo5_financiamento_climatico,
I5.1.1,,RR,2024,0,script,2026-09-25,eixo5_financiamento_climatico,
I5.1.1,,RR,2025,21952597.0,script,2026-09-25,eixo5_financiamento_climatico,
I5.1.1,,TO,,15742787.48,script,2026-09-25,eixo5_financiamento_climatico,2025: Fundo Amazônia (projetos estaduais) + REM Acre; componentes datados disponíveis
I5.1.1,,TO,2011,0,script,2026-09-25,eixo5_financiamento_climatico,
I5.1.1,,TO,2012,1700000.0,script,2026-09-25,eixo5_financiamento_climatico,
I5.1.1,,TO,2013,1227910.0,script,2026-09-25,eixo5_financiamento_climatico,
I5.1.1,,TO,2014,21334370.0,script,2026-09-25,eixo5_financiamento_climatico,
I5.1.1,,TO,2015,0,script,2026-09-25,eixo5_financiamento_climatico,
I5.1.1,,TO,2016,336000.0,script,2026-09-25,eixo5_financiamento_climatico,
I5.1.1,,TO,2017,0,script,2026-09-25,eixo5_financiamento_climatico,
I5.1.1,,TO,2018,5148914.0,script,2026-09-25,eixo5_financiamento_climatico,
I5.1.1,,TO,2019,0,script,2026-09-25,eixo5_financiamento_climatico,
I5.1.1,,TO,2020,0,script,2026-09-25,eixo5_financiamento_climatico,
I5.1.1,,TO,2021,0,script,2026-09-25,eixo5_financiamento_climatico,
I5.1.1,,TO,2022,0,script,2026-09-25,eixo5_financiamento_climatico,
I5.1.1,,TO,2023,0,script,2026-09-25,eixo5_financiamento_climatico,
I5.1.1,,TO,2024,-388065.0,script,2026-09-25,eixo5_financiamento_climatico,
I5.1.1,,TO,2025,15742787.48,script,2026-09-25,eixo5_financiamento_climatico,
I5.1.1,parcial2026,AC,,32100000.0,script,2026-09-25,eixo5_financiamento_climatico,
I5.1.1,parcial2026,AM,,13200000.0,script,2026-09-25,eixo5_financiamento_climatico,
I5.1.1,parcial2026,AP,,13145230.0,script,2026-09-25,eixo5_financiamento_climatico,
I5.1.1,parcial2026,MA,,11275880.55,script,2026-09-25,eixo5_financiamento_climatico,
I5.1.1,parcial2026,MT,,23075553.1,script,2026-09-25,eixo5_financiamento_climatico,
I5.1.1,parcial2026,PA,,37400114.68,script,2026-09-25,eixo5_financiamento_climatico,
I5.1.1,parcial2026,RO,,8222186.0,script,2026-09-25,eixo5_financiamento_climatico,
I5.1.1,parcial2026,RR,,0,script,2026-09-25,eixo5_financiamento_climatico,
I5.1.1,parcial2026,TO,,0,script,2026-09-25,eixo5_financiamento_climatico,
I5.1.1,remMtFase1Acumulado,MT,,267700000,script,2026-09-25,eixo5_financiamento_climatico,"REM Mato Grosso fase I, total recebido (Funbio), sem divisão por ano: https://rem.sema.mt.gov.br/wp-content/uploads/2026/03/RELATORIO-EXECUTIVO-EDICAO-2025-1.pdf (p. 8)"
I5.2.2,,AC,,512309.44,script,2026-09-25,eixo5_cal,"Contrato de rateio 2026 (valor contratado, vigência em andamento)"
I5.2.2,,AC,2019,125000,script,2026-09-25,eixo5_cal,Contratos de rateio com o CAL; parte do ordinário pela Res. 01/2019
I5.2.2,,AC,2020,500000,script,2026-09-25,eixo5_cal,Contratos de rateio com o CAL; parte do ordinário pela Res. 02/2019
I5.2.2,,AC,2021,500000,script,2026-09-25,eixo5_cal,Contratos de rateio com o CAL; parte do ordinário pela Res. 01/2020
I5.2.2,,AC,2022,500000,script,2026-09-25,eixo5_cal,Contratos de rateio com o CAL; parte do ordinário pela Res. 01/2021
I5.2.2,,AC,2023,500000,script,2026-09-25,eixo5_cal,Contratos de rateio com o CAL; parte do ordinário pela Res. 04/2022
I5.2.2,,AC,2024,1125000.0,script,2026-09-25,eixo5_cal,Contratos de rateio com o CAL; parte do ordinário pela Res. 01/2024
I5.2.2,,AC,2025,680000,script,2026-09-25,eixo5_cal,Contratos de rateio com o CAL; parte do ordinário pela Res. 05/2024
I5.2.2,,AC,2026,512309.44,script,2026-09-25,eixo5_cal,Contratos de rateio com o CAL; parte do ordinário pela Res. 001/2026
I5.2.2,,AM,,742201.76,script,2026-09-25,eixo5_cal,"Contrato de rateio 2026 (valor contratado, vigência em andamento)"
I5.2.2,,AM,2019,125000,script,2026-09-25,eixo5_cal,Contratos de rateio com o CAL; parte do ordinário pela Res. 01/2019
I5.2.2,,AM,2020,500000,script,2026-09-25,eixo5_cal,Contratos de rateio com o CAL; parte do ordinário pela Res. 02/2019
I5.2.2,,AM,2021,500000,script,2026-09-25,eixo5_cal,Contratos de rateio com o CAL; parte do ordinário pela Res. 01/2020
I5.2.2,,AM,2022,500000,script,2026-09-25,eixo5_cal,Contratos de rateio com o CAL; parte do ordinário pela Res. 01/2021
I5.2.2,,AM,2023,500000,script,2026-09-25,eixo5_cal,Contratos de rateio com o CAL; parte do ordinário pela Res. 04/2022
I5.2.2,,AM,2024,680000,script,2026-09-25,eixo5_cal,Contratos de rateio com o CAL; parte do ordinário pela Res. 01/2024
I5.2.2,,AM,2025,680000,script,2026-09-25,eixo5_cal,Contratos de rateio com o CAL; parte do ordinário pela Res. 05/2024
I5.2.2,,AM,2026,742201.76,script,2026-09-25,eixo5_cal,Contratos de rateio com o CAL; parte do ordinário pela Res. 001/2026
I5.2.2,,AP,,491807.88,script,2026-09-25,eixo5_cal,"Contrato de rateio 2026 (valor contratado, vigência em andamento)"
I5.2.2,,AP,2019,125000,script,2026-09-25,eixo5_cal,Contratos de rateio com o CAL; parte do ordinário pela Res. 01/2019
I5.2.2,,AP,2020,500000,script,2026-09-25,eixo5_cal,Contratos de rateio com o CAL; parte do ordinário pela Res. 02/2019
I5.2.2,,AP,2021,500000,script,2026-09-25,eixo5_cal,Contratos de rateio com o CAL; parte do ordinário pela Res. 01/2020
I5.2.2,,AP,2022,500000,script,2026-09-25,eixo5_cal,Contratos de rateio com o CAL; parte do ordinário pela Res. 01/2021
I5.2.2,,AP,2023,500000,script,2026-09-25,eixo5_cal,Contratos de rateio com o CAL; parte do ordinário pela Res. 04/2022
I5.2.2,,AP,2024,680000,script,2026-09-25,eixo5_cal,Contratos de rateio com o CAL; parte do ordinário pela Res. 01/2024
I5.2.2,,AP,2025,680000,script,2026-09-25,eixo5_cal,Contratos de rateio com o CAL; parte do ordinário pela Res. 05/2024
I5.2.2,,AP,2026,491807.88,script,2026-09-25,eixo5_cal,Contratos de rateio com o CAL; parte do ordinário pela Res. 001/2026
I5.2.2,,MA,,827062.72,script,2026-09-25,eixo5_cal,"Contrato de rateio 2026 (valor contratado, vigência em andamento)"
I5.2.2,,MA,2019,125000,script,2026-09-25,eixo5_cal,Contratos de rateio com o CAL; parte do ordinário pela Res. 01/2019
I5.2.2,,MA,2020,500000,script,2026-09-25,eixo5_cal,Contratos de rateio com o CAL; parte do ordinário pela Res. 02/2019
I5.2.2,,MA,2021,500000,script,2026-09-25,eixo5_cal,Contratos de rateio com o CAL; parte do ordinário pela Res. 01/2020
I5.2.2,,MA,2022,500000,script,2026-09-25,eixo5_cal,Contratos de rateio com o CAL; parte do ordinário pela Res. 01/2021
I5.2.2,,MA,2023,500000,script,2026-09-25,eixo5_cal,Contratos de rateio com o CAL; parte do ordinário pela Res. 04/2022
I5.2.2,,MA,2024,1125000.0,script,2026-09-25,eixo5_cal,Contratos de rateio com o CAL; parte do ordinário pela Res. 01/2024
I5.2.2,,MA,2025,680000,script,2026-09-25,eixo5_cal,Contratos de rateio com o CAL; parte do ordinário pela Res. 05/2024
I5.2.2,,MA,2026,827062.72,script,2026-09-25,eixo5_cal,Contratos de rateio com o CAL; parte do ordinário pela Res. 001/2026
I5.2.2,,MT,,885994.56,script,2026-09-25,eixo5_cal,"Contrato de rateio 2026 (valor contratado, vigência em andamento)"
I5.2.2,,MT,2019,125000,script,2026-09-25,eixo5_cal,Contratos de rateio com o CAL; parte do ordinário pela Res. 01/2019
I5.2.2,,MT,2020,500000,script,2026-09-25,eixo5_cal,Contratos de rateio com o CAL; parte do ordinário pela Res. 02/2019
I5.2.2,,MT,2021,500000,script,2026-09-25,eixo5_cal,Contratos de rateio com o CAL; parte do ordinário pela Res. 01/2020
I5.2.2,,MT,2022,500000,script,2026-09-25,eixo5_cal,Contratos de rateio com o CAL; parte do ordinário pela Res. 01/2021
I5.2.2,,MT,2023,500000,script,2026-09-25,eixo5_cal,Contratos de rateio com o CAL; parte do ordinário pela Res. 04/2022
I5.2.2,,MT,2024,1125000.0,script,2026-09-25,eixo5_cal,Contratos de rateio com o CAL; parte do ordinário pela Res. 01/2024
I5.2.2,,MT,2025,680000,script,2026-09-25,eixo5_cal,Contratos de rateio com o CAL; parte do ordinário pela Res. 05/2024
I5.2.2,,MT,2026,885994.56,script,2026-09-25,eixo5_cal,Contratos de rateio com o CAL; parte do ordinário pela Res. 001/2026
I5.2.2,,PA,,1040165.44,script,2026-09-25,eixo5_cal,"Contrato de rateio 2026 (valor contratado, vigência em andamento)"
I5.2.2,,PA,2019,125000,script,2026-09-25,eixo5_cal,Contratos de rateio com o CAL; parte do ordinário pela Res. 01/2019
I5.2.2,,PA,2020,500000,script,2026-09-25,eixo5_cal,Contratos de rateio com o CAL; parte do ordinário pela Res. 02/2019
I5.2.2,,PA,2021,500000,script,2026-09-25,eixo5_cal,Contratos de rateio com o CAL; parte do ordinário pela Res. 01/2020
I5.2.2,,PA,2022,500000,script,2026-09-25,eixo5_cal,Contratos de rateio com o CAL; parte do ordinário pela Res. 01/2021
I5.2.2,,PA,2023,500000,script,2026-09-25,eixo5_cal,Contratos de rateio com o CAL; parte do ordinário pela Res. 04/2022
I5.2.2,,PA,2024,680000,script,2026-09-25,eixo5_cal,Contratos de rateio com o CAL; parte do ordinário pela Res. 01/2024
I5.2.2,,PA,2025,680000,script,2026-09-25,eixo5_cal,Contratos de rateio com o CAL; parte do ordinário pela Res. 05/2024
I5.2.2,,PA,2026,1040165.44,script,2026-09-25,eixo5_cal,Contratos de rateio com o CAL; parte do ordinário pela Res. 001/2026
I5.2.2,,RO,,579934.08,script,2026-09-25,eixo5_cal,"Contrato de rateio 2026 (valor contratado, vigência em andamento)"
I5.2.2,,RO,2019,125000,script,2026-09-25,eixo5_cal,Contratos de rateio com o CAL; parte do ordinário pela Res. 01/2019
I5.2.2,,RO,2020,500000,script,2026-09-25,eixo5_cal,Contratos de rateio com o CAL; parte do ordinário pela Res. 02/2019
I5.2.2,,RO,2021,500000,script,2026-09-25,eixo5_cal,Contratos de rateio com o CAL; parte do ordinário pela Res. 01/2020
I5.2.2,,RO,2022,500000,script,2026-09-25,eixo5_cal,Contratos de rateio com o CAL; parte do ordinário pela Res. 01/2021
I5.2.2,,RO,2023,500000,script,2026-09-25,eixo5_cal,Contratos de rateio com o CAL; parte do ordinário pela Res. 04/2022
I5.2.2,,RO,2024,1125000.0,script,2026-09-25,eixo5_cal,Contratos de rateio com o CAL; parte do ordinário pela Res. 01/2024
I5.2.2,,RO,2025,680000,script,2026-09-25,eixo5_cal,Contratos de rateio com o CAL; parte do ordinário pela Res. 05/2024
I5.2.2,,RO,2026,579934.08,script,2026-09-25,eixo5_cal,Contratos de rateio com o CAL; parte do ordinário pela Res. 001/2026
I5.2.2,,RR,,451156.98,script,2026-09-25,eixo5_cal,"Contrato de rateio 2026 (valor contratado, vigência em andamento)"
I5.2.2,,RR,2019,125000,script,2026-09-25,eixo5_cal,Contratos de rateio com o CAL; parte do ordinário pela Res. 01/2019
I5.2.2,,RR,2020,500000,script,2026-09-25,eixo5_cal,Contratos de rateio com o CAL; parte do ordinário pela Res. 02/2019
I5.2.2,,RR,2021,500000,script,2026-09-25,eixo5_cal,Contratos de rateio com o CAL; parte do ordinário pela Res. 01/2020
I5.2.2,,RR,2022,500000,script,2026-09-25,eixo5_cal,Contratos de rateio com o CAL; parte do ordinário pela Res. 01/2021
I5.2.2,,RR,2023,500000,script,2026-09-25,eixo5_cal,Contratos de rateio com o CAL; parte do ordinário pela Res. 04/2022
I5.2.2,,RR,2024,680000,script,2026-09-25,eixo5_cal,Contratos de rateio com o CAL; parte do ordinário pela Res. 01/2024
I5.2.2,,RR,2025,1125000.0,script,2026-09-25,eixo5_cal,Contratos de rateio com o CAL; parte do ordinário pela Res. 05/2024
I5.2.2,,RR,2026,451156.98,script,2026-09-25,eixo5_cal,Contratos de rateio com o CAL; parte do ordinário pela Res. 001/2026
I5.2.2,,TO,,589367.13,script,2026-09-25,eixo5_cal,"Contrato de rateio 2026 (valor contratado, vigência em andamento)"
I5.2.2,,TO,2019,125000,script,2026-09-25,eixo5_cal,Contratos de rateio com o CAL; parte do ordinário pela Res. 01/2019
I5.2.2,,TO,2020,500000,script,2026-09-25,eixo5_cal,Contratos de rateio com o CAL; parte do ordinário pela Res. 02/2019
I5.2.2,,TO,2021,500000,script,2026-09-25,eixo5_cal,Contratos de rateio com o CAL; parte do ordinário pela Res. 01/2020
I5.2.2,,TO,2022,500000,script,2026-09-25,eixo5_cal,Contratos de rateio com o CAL; parte do ordinário pela Res. 01/2021
I5.2.2,,TO,2023,500000,script,2026-09-25,eixo5_cal,Contratos de rateio com o CAL; parte do ordinário pela Res. 04/2022
I5.2.2,,TO,2024,1125000.0,script,2026-09-25,eixo5_cal,Contratos de rateio com o CAL; parte do ordinário pela Res. 01/2024
I5.2.2,,TO,2025,680000,script,2026-09-25,eixo5_cal,Contratos de rateio com o CAL; parte do ordinário pela Res. 05/2024
I5.2.2,,TO,2026,589367.13,script,2026-09-25,eixo5_cal,Contratos de rateio com o CAL; parte do ordinário pela Res. 001/2026
I5.4.1,,AC,,5.64,migracao,2026-09-13,migracao,
I5.4.1,,AC,2000,,migracao,2026-09-13,migracao,
I5.4.1,,AC,2001,,migracao,2026-09-13,migracao,
I5.4.1,,AC,2002,0.7,migracao,2026-09-13,migracao,
I5.4.1,,AC,2003,0.7,migracao,2026-09-13,migracao,
I5.4.1,,AC,2004,1,migracao,2026-09-13,migracao,
I5.4.1,,AC,2005,2.8,migracao,2026-09-13,migracao,
I5.4.1,,AC,2006,3.4,migracao,2026-09-13,migracao,
I5.4.1,,AC,2007,2.3,migracao,2026-09-13,migracao,
I5.4.1,,AC,2008,2.8,migracao,2026-09-13,migracao,
I5.4.1,,AC,2009,3.6,migracao,2026-09-13,migracao,
I5.4.1,,AC,2010,3.6,migracao,2026-09-13,migracao,
I5.4.1,,AC,2011,3.2,migracao,2026-09-13,migracao,
I5.4.1,,AC,2012,1.8,migracao,2026-09-13,migracao,
I5.4.1,,AC,2013,4.3,migracao,2026-09-13,migracao,
I5.4.1,,AC,2014,2.8,migracao,2026-09-13,migracao,
I5.4.1,,AC,2015,2,migracao,2026-09-13,migracao,
I5.4.1,,AC,2016,1.5,migracao,2026-09-13,migracao,
I5.4.1,,AC,2017,1.5,migracao,2026-09-13,migracao,
I5.4.1,,AC,2018,0.7,migracao,2026-09-13,migracao,
I5.4.1,,AC,2019,0.4,migracao,2026-09-13,migracao,
I5.4.1,,AC,2020,0,migracao,2026-09-13,migracao,
I5.4.1,,AC,2021,,migracao,2026-09-13,migracao,
I5.4.1,,AC,2022,13.2,migracao,2026-09-13,migracao,
I5.4.1,,AC,2023,,migracao,2026-09-13,migracao,
I5.4.1,,AC,2024,5.64,migracao,2026-09-13,migracao,
I5.4.1,,AM,,260.33,migracao,2026-09-13,migracao,
I5.4.1,,AM,2000,,migracao,2026-09-13,migracao,
I5.4.1,,AM,2001,,migracao,2026-09-13,migracao,
I5.4.1,,AM,2002,0.3,migracao,2026-09-13,migracao,
I5.4.1,,AM,2003,4.7,migracao,2026-09-13,migracao,
I5.4.1,,AM,2004,5.7,migracao,2026-09-13,migracao,
I5.4.1,,AM,2005,29.3,migracao,2026-09-13,migracao,
I5.4.1,,AM,2006,50,migracao,2026-09-13,migracao,
I5.4.1,,AM,2007,39.7,migracao,2026-09-13,migracao,
I5.4.1,,AM,2008,51.1,migracao,2026-09-13,migracao,
I5.4.1,,AM,2009,41.2,migracao,2026-09-13,migracao,
I5.4.1,,AM,2010,45.5,migracao,2026-09-13,migracao,
I5.4.1,,AM,2011,52.2,migracao,2026-09-13,migracao,
I5.4.1,,AM,2012,61.9,migracao,2026-09-13,migracao,
I5.4.1,,AM,2013,71.9,migracao,2026-09-13,migracao,
I5.4.1,,AM,2014,93.5,migracao,2026-09-13,migracao,
I5.4.1,,AM,2015,101.7,migracao,2026-09-13,migracao,
I5.4.1,,AM,2016,98,migracao,2026-09-13,migracao,
I5.4.1,,AM,2017,77.1,migracao,2026-09-13,migracao,
I5.4.1,,AM,2018,123.6,migracao,2026-09-13,migracao,
I5.4.1,,AM,2019,116.4,migracao,2026-09-13,migracao,
I5.4.1,,AM,2020,121.3,migracao,2026-09-13,migracao,
I5.4.1,,AM,2021,150.5,migracao,2026-09-13,migracao,
I5.4.1,,AM,2022,201.9,migracao,2026-09-13,migracao,
I5.4.1,,AM,2023,215.07,migracao,2026-09-13,migracao,
I5.4.1,,AM,2024,260.33,migracao,2026-09-13,migracao,
I5.4.1,,AP,,9.1,migracao,2026-09-13,migracao,
I5.4.1,,AP,2000,4.5,migracao,2026-09-13,migracao,
I5.4.1,,AP,2001,6.2,migracao,2026-09-13,migracao,
I5.4.1,,AP,2002,5.3,migracao,2026-09-13,migracao,
I5.4.1,,AP,2003,1.8,migracao,2026-09-13,migracao,
I5.4.1,,AP,2004,1.2,migracao,2026-09-13,migracao,
I5.4.1,,AP,2005,1.5,migracao,2026-09-13,migracao,
I5.4.1,,AP,2006,2.1,migracao,2026-09-13,migracao,
I5.4.1,,AP,2007,1.8,migracao,2026-09-13,migracao,
I5.4.1,,AP,2008,4.3,migracao,2026-09-13,migracao,
I5.4.1,,AP,2009,4.4,migracao,2026-09-13,migracao,
I5.4.1,,AP,2010,4.4,migracao,2026-09-13,migracao,
I5.4.1,,AP,2011,1.8,migracao,2026-09-13,migracao,
I5.4.1,,AP,2012,1.4,migracao,2026-09-13,migracao,
I5.4.1,,AP,2013,2.1,migracao,2026-09-13,migracao,
I5.4.1,,AP,2014,0.7,migracao,2026-09-13,migracao,
I5.4.1,,AP,2015,3,migracao,2026-09-13,migracao,
I5.4.1,,AP,2016,3.3,migracao,2026-09-13,migracao,
I5.4.1,,AP,2017,2.6,migracao,2026-09-13,migracao,
I5.4.1,,AP,2018,4.1,migracao,2026-09-13,migracao,
I5.4.1,,AP,2019,3.9,migracao,2026-09-13,migracao,
I5.4.1,,AP,2020,3.3,migracao,2026-09-13,migracao,
I5.4.1,,AP,2021,6.5,migracao,2026-09-13,migracao,
I5.4.1,,AP,2022,14.2,migracao,2026-09-13,migracao,
I5.4.1,,AP,2023,5.59,migracao,2026-09-13,migracao,
I5.4.1,,AP,2024,9.1,migracao,2026-09-13,migracao,
I5.4.1,,MA,,150.24,migracao,2026-09-13,migracao,
I5.4.1,,MA,2000,0.5,migracao,2026-09-13,migracao,
I5.4.1,,MA,2001,23.7,migracao,2026-09-13,migracao,
I5.4.1,,MA,2002,7.4,migracao,2026-09-13,migracao,
I5.4.1,,MA,2003,18.6,migracao,2026-09-13,migracao,
I5.4.1,,MA,2004,0.2,migracao,2026-09-13,migracao,
I5.4.1,,MA,2005,6,migracao,2026-09-13,migracao,
I5.4.1,,MA,2006,6.9,migracao,2026-09-13,migracao,
I5.4.1,,MA,2007,7.7,migracao,2026-09-13,migracao,
I5.4.1,,MA,2008,12.7,migracao,2026-09-13,migracao,
I5.4.1,,MA,2009,13.6,migracao,2026-09-13,migracao,
I5.4.1,,MA,2010,16.5,migracao,2026-09-13,migracao,
I5.4.1,,MA,2011,16.3,migracao,2026-09-13,migracao,
I5.4.1,,MA,2012,25.5,migracao,2026-09-13,migracao,
I5.4.1,,MA,2013,39.3,migracao,2026-09-13,migracao,
I5.4.1,,MA,2014,56.3,migracao,2026-09-13,migracao,
I5.4.1,,MA,2015,47.5,migracao,2026-09-13,migracao,
I5.4.1,,MA,2016,72,migracao,2026-09-13,migracao,
I5.4.1,,MA,2017,61.2,migracao,2026-09-13,migracao,
I5.4.1,,MA,2018,78.3,migracao,2026-09-13,migracao,
I5.4.1,,MA,2019,65.7,migracao,2026-09-13,migracao,
I5.4.1,,MA,2020,83.3,migracao,2026-09-13,migracao,
I5.4.1,,MA,2021,74.4,migracao,2026-09-13,migracao,
I5.4.1,,MA,2022,111.1,migracao,2026-09-13,migracao,
I5.4.1,,MA,2023,136.62,migracao,2026-09-13,migracao,
I5.4.1,,MA,2024,150.24,migracao,2026-09-13,migracao,
I5.4.1,,MT,,161.55,migracao,2026-09-13,migracao,
I5.4.1,,MT,2000,1,migracao,2026-09-13,migracao,
I5.4.1,,MT,2001,1,migracao,2026-09-13,migracao,
I5.4.1,,MT,2002,0,migracao,2026-09-13,migracao,
I5.4.1,,MT,2003,1.4,migracao,2026-09-13,migracao,
I5.4.1,,MT,2004,10.5,migracao,2026-09-13,migracao,
I5.4.1,,MT,2005,11,migracao,2026-09-13,migracao,
I5.4.1,,MT,2006,12.7,migracao,2026-09-13,migracao,
I5.4.1,,MT,2007,10.8,migracao,2026-09-13,migracao,
I5.4.1,,MT,2008,15.2,migracao,2026-09-13,migracao,
I5.4.1,,MT,2009,22.1,migracao,2026-09-13,migracao,
I5.4.1,,MT,2010,33.8,migracao,2026-09-13,migracao,
I5.4.1,,MT,2011,31.8,migracao,2026-09-13,migracao,
I5.4.1,,MT,2012,21.8,migracao,2026-09-13,migracao,
I5.4.1,,MT,2013,31.7,migracao,2026-09-13,migracao,
I5.4.1,,MT,2014,28.8,migracao,2026-09-13,migracao,
I5.4.1,,MT,2015,54.9,migracao,2026-09-13,migracao,
I5.4.1,,MT,2016,70.8,migracao,2026-09-13,migracao,
I5.4.1,,MT,2017,85.7,migracao,2026-09-13,migracao,
I5.4.1,,MT,2018,81.8,migracao,2026-09-13,migracao,
I5.4.1,,MT,2019,85.9,migracao,2026-09-13,migracao,
I5.4.1,,MT,2020,68.2,migracao,2026-09-13,migracao,
I5.4.1,,MT,2021,112.8,migracao,2026-09-13,migracao,
I5.4.1,,MT,2022,137.6,migracao,2026-09-13,migracao,
I5.4.1,,MT,2023,120.66,migracao,2026-09-13,migracao,
I5.4.1,,MT,2024,161.55,migracao,2026-09-13,migracao,
I5.4.1,,PA,,168.08,migracao,2026-09-13,migracao,
I5.4.1,,PA,2000,2.3,migracao,2026-09-13,migracao,
I5.4.1,,PA,2001,1.2,migracao,2026-09-13,migracao,
I5.4.1,,PA,2002,3,migracao,2026-09-13,migracao,
I5.4.1,,PA,2003,4.2,migracao,2026-09-13,migracao,
I5.4.1,,PA,2004,0.1,migracao,2026-09-13,migracao,
I5.4.1,,PA,2005,0.1,migracao,2026-09-13,migracao,
I5.4.1,,PA,2006,1.8,migracao,2026-09-13,migracao,
I5.4.1,,PA,2007,7.6,migracao,2026-09-13,migracao,
I5.4.1,,PA,2008,27.1,migracao,2026-09-13,migracao,
I5.4.1,,PA,2009,15.3,migracao,2026-09-13,migracao,
I5.4.1,,PA,2010,21.3,migracao,2026-09-13,migracao,
I5.4.1,,PA,2011,18.4,migracao,2026-09-13,migracao,
I5.4.1,,PA,2012,67.9,migracao,2026-09-13,migracao,
I5.4.1,,PA,2013,38,migracao,2026-09-13,migracao,
I5.4.1,,PA,2014,55.8,migracao,2026-09-13,migracao,
I5.4.1,,PA,2015,36.2,migracao,2026-09-13,migracao,
I5.4.1,,PA,2016,49.8,migracao,2026-09-13,migracao,
I5.4.1,,PA,2017,52.8,migracao,2026-09-13,migracao,
I5.4.1,,PA,2018,45.7,migracao,2026-09-13,migracao,
I5.4.1,,PA,2019,62.8,migracao,2026-09-13,migracao,
I5.4.1,,PA,2020,66.2,migracao,2026-09-13,migracao,
I5.4.1,,PA,2021,120.2,migracao,2026-09-13,migracao,
I5.4.1,,PA,2022,158.5,migracao,2026-09-13,migracao,
I5.4.1,,PA,2023,168.89,migracao,2026-09-13,migracao,
I5.4.1,,PA,2024,168.08,migracao,2026-09-13,migracao,
I5.4.1,,RO,,8.91,migracao,2026-09-13,migracao,
I5.4.1,,RO,2000,,migracao,2026-09-13,migracao,
I5.4.1,,RO,2001,,migracao,2026-09-13,migracao,
I5.4.1,,RO,2002,,migracao,2026-09-13,migracao,
I5.4.1,,RO,2003,,migracao,2026-09-13,migracao,
I5.4.1,,RO,2004,,migracao,2026-09-13,migracao,
I5.4.1,,RO,2005,,migracao,2026-09-13,migracao,
I5.4.1,,RO,2006,,migracao,2026-09-13,migracao,
I5.4.1,,RO,2007,,migracao,2026-09-13,migracao,
I5.4.1,,RO,2008,0.6,migracao,2026-09-13,migracao,
I5.4.1,,RO,2009,0.1,migracao,2026-09-13,migracao,
I5.4.1,,RO,2010,0.3,migracao,2026-09-13,migracao,
I5.4.1,,RO,2011,0.8,migracao,2026-09-13,migracao,
I5.4.1,,RO,2012,0.4,migracao,2026-09-13,migracao,
I5.4.1,,RO,2013,0,migracao,2026-09-13,migracao,
I5.4.1,,RO,2014,0.4,migracao,2026-09-13,migracao,
I5.4.1,,RO,2015,0.8,migracao,2026-09-13,migracao,
I5.4.1,,RO,2016,2.4,migracao,2026-09-13,migracao,
I5.4.1,,RO,2017,2.2,migracao,2026-09-13,migracao,
I5.4.1,,RO,2018,3.6,migracao,2026-09-13,migracao,
I5.4.1,,RO,2019,1.7,migracao,2026-09-13,migracao,
I5.4.1,,RO,2020,1.6,migracao,2026-09-13,migracao,
I5.4.1,,RO,2021,4.9,migracao,2026-09-13,migracao,
I5.4.1,,RO,2022,6.7,migracao,2026-09-13,migracao,
I5.4.1,,RO,2023,9.88,migracao,2026-09-13,migracao,
I5.4.1,,RO,2024,8.91,migracao,2026-09-13,migracao,
I5.4.1,,RR,,31.97,migracao,2026-09-13,migracao,
I5.4.1,,RR,2000,0.3,migracao,2026-09-13,migracao,
I5.4.1,,RR,2001,0.1,migracao,2026-09-13,migracao,
I5.4.1,,RR,2002,0.1,migracao,2026-09-13,migracao,
I5.4.1,,RR,2003,0.1,migracao,2026-09-13,migracao,
I5.4.1,,RR,2004,0.1,migracao,2026-09-13,migracao,
I5.4.1,,RR,2005,0.4,migracao,2026-09-13,migracao,
I5.4.1,,RR,2006,0.5,migracao,2026-09-13,migracao,
I5.4.1,,RR,2007,2.5,migracao,2026-09-13,migracao,
I5.4.1,,RR,2008,0.9,migracao,2026-09-13,migracao,
I5.4.1,,RR,2009,5.2,migracao,2026-09-13,migracao,
I5.4.1,,RR,2010,1.8,migracao,2026-09-13,migracao,
I5.4.1,,RR,2011,0.3,migracao,2026-09-13,migracao,
I5.4.1,,RR,2012,1.6,migracao,2026-09-13,migracao,
I5.4.1,,RR,2013,2.8,migracao,2026-09-13,migracao,
I5.4.1,,RR,2014,10.7,migracao,2026-09-13,migracao,
I5.4.1,,RR,2015,8.4,migracao,2026-09-13,migracao,
I5.4.1,,RR,2016,11.8,migracao,2026-09-13,migracao,
I5.4.1,,RR,2017,16.8,migracao,2026-09-13,migracao,
I5.4.1,,RR,2018,15.9,migracao,2026-09-13,migracao,
I5.4.1,,RR,2019,13.8,migracao,2026-09-13,migracao,
I5.4.1,,RR,2020,10.7,migracao,2026-09-13,migracao,
I5.4.1,,RR,2021,13.8,migracao,2026-09-13,migracao,
I5.4.1,,RR,2022,21.3,migracao,2026-09-13,migracao,
I5.4.1,,RR,2023,30.06,migracao,2026-09-13,migracao,
I5.4.1,,RR,2024,31.97,migracao,2026-09-13,migracao,
I5.4.1,,TO,,18.27,migracao,2026-09-13,migracao,
I5.4.1,,TO,2000,,migracao,2026-09-13,migracao,
I5.4.1,,TO,2001,,migracao,2026-09-13,migracao,
I5.4.1,,TO,2002,0,migracao,2026-09-13,migracao,
I5.4.1,,TO,2003,0,migracao,2026-09-13,migracao,
I5.4.1,,TO,2004,,migracao,2026-09-13,migracao,
I5.4.1,,TO,2005,1.5,migracao,2026-09-13,migracao,
I5.4.1,,TO,2006,2.1,migracao,2026-09-13,migracao,
I5.4.1,,TO,2007,3.2,migracao,2026-09-13,migracao,
I5.4.1,,TO,2008,2.8,migracao,2026-09-13,migracao,
I5.4.1,,TO,2009,0.9,migracao,2026-09-13,migracao,
I5.4.1,,TO,2010,2.6,migracao,2026-09-13,migracao,
I5.4.1,,TO,2011,4.6,migracao,2026-09-13,migracao,
I5.4.1,,TO,2012,2.6,migracao,2026-09-13,migracao,
I5.4.1,,TO,2013,5.7,migracao,2026-09-13,migracao,
I5.4.1,,TO,2014,2.9,migracao,2026-09-13,migracao,
I5.4.1,,TO,2015,1.3,migracao,2026-09-13,migracao,
I5.4.1,,TO,2016,1.6,migracao,2026-09-13,migracao,
I5.4.1,,TO,2017,1.8,migracao,2026-09-13,migracao,
I5.4.1,,TO,2018,0.4,migracao,2026-09-13,migracao,
I5.4.1,,TO,2019,1.9,migracao,2026-09-13,migracao,
I5.4.1,,TO,2020,1.2,migracao,2026-09-13,migracao,
I5.4.1,,TO,2021,1.4,migracao,2026-09-13,migracao,
I5.4.1,,TO,2022,5.7,migracao,2026-09-13,migracao,
I5.4.1,,TO,2023,14.77,migracao,2026-09-13,migracao,
I5.4.1,,TO,2024,18.27,migracao,2026-09-13,migracao,
I5.4.1,pctPib2023,AC,,,migracao,2026-09-13,migracao,
I5.4.1,pctPib2023,AM,,0.1329,migracao,2026-09-13,migracao,
I5.4.1,pctPib2023,AP,,0.0199,migracao,2026-09-13,migracao,
I5.4.1,pctPib2023,MA,,0.0916,migracao,2026-09-13,migracao,
I5.4.1,pctPib2023,MT,,0.0442,migracao,2026-09-13,migracao,
I5.4.1,pctPib2023,PA,,0.0663,migracao,2026-09-13,migracao,
I5.4.1,pctPib2023,RO,,0.0129,migracao,2026-09-13,migracao,
I5.4.1,pctPib2023,RR,,0.1196,migracao,2026-09-13,migracao,
I5.4.1,pctPib2023,TO,,0.023,migracao,2026-09-13,migracao,
I5.5.1,,AC,,C,migracao,2026-09-13,migracao,
I5.5.1,,AC,2018,B,migracao,2026-09-13,migracao,
I5.5.1,,AC,2019,B,migracao,2026-09-13,migracao,
I5.5.1,,AC,2020,B,migracao,2026-09-13,migracao,
I5.5.1,,AC,2021,B,migracao,2026-09-13,migracao,
I5.5.1,,AC,2022,B,migracao,2026-09-13,migracao,
I5.5.1,,AC,2023,B,migracao,2026-09-13,migracao,
I5.5.1,,AC,2024,C,migracao,2026-09-13,migracao,
I5.5.1,,AC,2025,C,migracao,2026-09-13,migracao,
I5.5.1,,AM,,B+,migracao,2026-09-13,migracao,
I5.5.1,,AM,2018,B,migracao,2026-09-13,migracao,
I5.5.1,,AM,2019,B,migracao,2026-09-13,migracao,
I5.5.1,,AM,2020,B,migracao,2026-09-13,migracao,
I5.5.1,,AM,2021,B,migracao,2026-09-13,migracao,
I5.5.1,,AM,2022,B,migracao,2026-09-13,migracao,
I5.5.1,,AM,2023,B,migracao,2026-09-13,migracao,
I5.5.1,,AM,2024,B+,migracao,2026-09-13,migracao,
I5.5.1,,AM,2025,B+,migracao,2026-09-13,migracao,
I5.5.1,,AP,,A,migracao,2026-09-13,migracao,
I5.5.1,,AP,2018,B,migracao,2026-09-13,migracao,
I5.5.1,,AP,2019,C*,migracao,2026-09-13,migracao,
I5.5.1,,AP,2020,Suspensa,migracao,2026-09-13,migracao,
I5.5.1,,AP,2021,C,migracao,2026-09-13,migracao,
I5.5.1,,AP,2022,C,migracao,2026-09-13,migracao,
I5.5.1,,AP,2023,C,migracao,2026-09-13,migracao,
I5.5.1,,AP,2024,B,migracao,2026-09-13,migracao,
I5.5.1,,AP,2025,A,migracao,2026-09-13,migracao,
I5.5.1,,MA,,A,migracao,2026-09-13,migracao,
I5.5.1,,MA,2018,C,migracao,2026-09-13,migracao,
I5.5.1,,MA,2019,C,migracao,2026-09-13,migracao,
I5.5.1,,MA,2020,C,migracao,2026-09-13,migracao,
I5.5.1,,MA,2021,B,migracao,2026-09-13,migracao,
I5.5.1,,MA,2022,C,migracao,2026-09-13,migracao,
I5.5.1,,MA,2023,C,migracao,2026-09-13,migracao,
I5.5.1,,MA,2024,B,migracao,2026-09-13,migracao,
I5.5.1,,MA,2025,A,migracao,2026-09-13,migracao,
I5.5.1,,MT,,A+,migracao,2026-09-13,migracao,
I5.5.1,,MT,2018,C,migracao,2026-09-13,migracao,
I5.5.1,,MT,2019,C,migracao,2026-09-13,migracao,
I5.5.1,,MT,2020,C,migracao,2026-09-13,migracao,
I5.5.1,,MT,2021,A,migracao,2026-09-13,migracao,
I5.5.1,,MT,2022,A,migracao,2026-09-13,migracao,
I5.5.1,,MT,2023,A,migracao,2026-09-13,migracao,
I5.5.1,,MT,2024,A+,migracao,2026-09-13,migracao,
I5.5.1,,MT,2025,A+,migracao,2026-09-13,migracao,
I5.5.1,,PA,,B+,migracao,2026-09-13,migracao,
I5.5.1,,PA,2018,B,migracao,2026-09-13,migracao,
I5.5.1,,PA,2019,B,migracao,2026-09-13,migracao,
I5.5.1,,PA,2020,B,migracao,2026-09-13,migracao,
I5.5.1,,PA,2021,B,migracao,2026-09-13,migracao,
I5.5.1,,PA,2022,A,migracao,2026-09-13,migracao,
I5.5.1,,PA,2023,B,migracao,2026-09-13,migracao,
I5.5.1,,PA,2024,B,migracao,2026-09-13,migracao,
I5.5.1,,PA,2025,B+,migracao,2026-09-13,migracao,
I5.5.1,,RO,,A+,migracao,2026-09-13,migracao,
I5.5.1,,RO,2018,B,migracao,2026-09-13,migracao,
I5.5.1,,RO,2019,B,migracao,2026-09-13,migracao,
I5.5.1,,RO,2020,A,migracao,2026-09-13,migracao,
I5.5.1,,RO,2021,A,migracao,2026-09-13,migracao,
I5.5.1,,RO,2022,A,migracao,2026-09-13,migracao,
I5.5.1,,RO,2023,A,migracao,2026-09-13,migracao,
I5.5.1,,RO,2024,A+,migracao,2026-09-13,migracao,
I5.5.1,,RO,2025,A+,migracao,2026-09-13,migracao,
I5.5.1,,RR,,A,migracao,2026-09-13,migracao,
I5.5.1,,RR,2018,B,migracao,2026-09-13,migracao,
I5.5.1,,RR,2019,C,migracao,2026-09-13,migracao,
I5.5.1,,RR,2020,C,migracao,2026-09-13,migracao,
I5.5.1,,RR,2021,A,migracao,2026-09-13,migracao,
I5.5.1,,RR,2022,A,migracao,2026-09-13,migracao,
I5.5.1,,RR,2023,B,migracao,2026-09-13,migracao,
I5.5.1,,RR,2024,A,migracao,2026-09-13,migracao,
I5.5.1,,RR,2025,A,migracao,2026-09-13,migracao,
I5.5.1,,TO,,B+,migracao,2026-09-13,migracao,
I5.5.1,,TO,2018,C,migracao,2026-09-13,migracao,
I5.5.1,,TO,2019,C,migracao,2026-09-13,migracao,
I5.5.1,,TO,2020,C,migracao,2026-09-13,migracao,
I5.5.1,,TO,2021,C,migracao,2026-09-13,migracao,
I5.5.1,,TO,2022,B,migracao,2026-09-13,migracao,
I5.5.1,,TO,2023,B,migracao,2026-09-13,migracao,
I5.5.1,,TO,2024,B+,migracao,2026-09-13,migracao,
I5.5.1,,TO,2025,B+,migracao,2026-09-13,migracao,
I5.5.1,endividamento2025,AC,,34.95,script,2026-09-25,eixo5_capag_componentes,
I5.5.1,endividamento2025,AM,,42.8,script,2026-09-25,eixo5_capag_componentes,
I5.5.1,endividamento2025,AP,,55.87,script,2026-09-25,eixo5_capag_componentes,
I5.5.1,endividamento2025,MA,,23.32,script,2026-09-25,eixo5_capag_componentes,
I5.5.1,endividamento2025,MT,,15.55,script,2026-09-25,eixo5_capag_componentes,
I5.5.1,endividamento2025,PA,,21.16,script,2026-09-25,eixo5_capag_componentes,
I5.5.1,endividamento2025,RO,,33.36,script,2026-09-25,eixo5_capag_componentes,
I5.5.1,endividamento2025,RR,,30.58,script,2026-09-25,eixo5_capag_componentes,
I5.5.1,endividamento2025,TO,,27.45,script,2026-09-25,eixo5_capag_componentes,
I5.5.1,icf2025,AC,,Bicf,script,2026-09-25,eixo5_capag_componentes,
I5.5.1,icf2025,AM,,Aicf,script,2026-09-25,eixo5_capag_componentes,
I5.5.1,icf2025,AP,,Cicf,script,2026-09-25,eixo5_capag_componentes,
I5.5.1,icf2025,MA,,Bicf,script,2026-09-25,eixo5_capag_componentes,
I5.5.1,icf2025,MT,,Aicf,script,2026-09-25,eixo5_capag_componentes,
I5.5.1,icf2025,PA,,Aicf,script,2026-09-25,eixo5_capag_componentes,
I5.5.1,icf2025,RO,,Aicf,script,2026-09-25,eixo5_capag_componentes,
I5.5.1,icf2025,RR,,Bicf,script,2026-09-25,eixo5_capag_componentes,
I5.5.1,icf2025,TO,,Aicf,script,2026-09-25,eixo5_capag_componentes,
I5.5.1,indicadoresAB2025,AC,,2,migracao,2026-09-13,migracao,
I5.5.1,indicadoresAB2025,AM,,3,migracao,2026-09-13,migracao,
I5.5.1,indicadoresAB2025,AP,,3,migracao,2026-09-13,migracao,
I5.5.1,indicadoresAB2025,MA,,3,migracao,2026-09-13,migracao,
I5.5.1,indicadoresAB2025,MT,,3,migracao,2026-09-13,migracao,
I5.5.1,indicadoresAB2025,PA,,3,migracao,2026-09-13,migracao,
I5.5.1,indicadoresAB2025,RO,,3,migracao,2026-09-13,migracao,
I5.5.1,indicadoresAB2025,RR,,3,migracao,2026-09-13,migracao,
I5.5.1,indicadoresAB2025,TO,,3,migracao,2026-09-13,migracao,
I5.5.1,liquidez2025,AC,,-1.03,script,2026-09-25,eixo5_capag_componentes,
I5.5.1,liquidez2025,AM,,1.07,script,2026-09-25,eixo5_capag_componentes,
I5.5.1,liquidez2025,AP,,0.87,script,2026-09-25,eixo5_capag_componentes,
I5.5.1,liquidez2025,MA,,4.31,script,2026-09-25,eixo5_capag_componentes,
I5.5.1,liquidez2025,MT,,9.63,script,2026-09-25,eixo5_capag_componentes,
I5.5.1,liquidez2025,PA,,3.18,script,2026-09-25,eixo5_capag_componentes,
I5.5.1,liquidez2025,RO,,9.88,script,2026-09-25,eixo5_capag_componentes,
I5.5.1,liquidez2025,RR,,5.56,script,2026-09-25,eixo5_capag_componentes,
I5.5.1,liquidez2025,TO,,2.18,script,2026-09-25,eixo5_capag_componentes,
I5.5.1,notaEndividamento2025,AC,,A,script,2026-09-25,eixo5_capag_componentes,
I5.5.1,notaEndividamento2025,AM,,A,script,2026-09-25,eixo5_capag_componentes,
I5.5.1,notaEndividamento2025,AP,,A,script,2026-09-25,eixo5_capag_componentes,
I5.5.1,notaEndividamento2025,MA,,A,script,2026-09-25,eixo5_capag_componentes,
I5.5.1,notaEndividamento2025,MT,,A,script,2026-09-25,eixo5_capag_componentes,
I5.5.1,notaEndividamento2025,PA,,A,script,2026-09-25,eixo5_capag_componentes,
I5.5.1,notaEndividamento2025,RO,,A,script,2026-09-25,eixo5_capag_componentes,
I5.5.1,notaEndividamento2025,RR,,A,script,2026-09-25,eixo5_capag_componentes,
I5.5.1,notaEndividamento2025,TO,,A,script,2026-09-25,eixo5_capag_componentes,
I5.5.1,notaLiquidez2025,AC,,C,script,2026-09-25,eixo5_capag_componentes,
I5.5.1,notaLiquidez2025,AM,,B,script,2026-09-25,eixo5_capag_componentes,
I5.5.1,notaLiquidez2025,AP,,B,script,2026-09-25,eixo5_capag_componentes,
I5.5.1,notaLiquidez2025,MA,,B,script,2026-09-25,eixo5_capag_componentes,
I5.5.1,notaLiquidez2025,MT,,A,script,2026-09-25,eixo5_capag_componentes,
I5.5.1,notaLiquidez2025,PA,,B,script,2026-09-25,eixo5_capag_componentes,
I5.5.1,notaLiquidez2025,RO,,A,script,2026-09-25,eixo5_capag_componentes,
I5.5.1,notaLiquidez2025,RR,,A,script,2026-09-25,eixo5_capag_componentes,
I5.5.1,notaLiquidez2025,TO,,B,script,2026-09-25,eixo5_capag_componentes,
I5.5.1,notaPoupanca2025,AC,,B,script,2026-09-25,eixo5_capag_componentes,
I5.5.1,notaPoupanca2025,AM,,B,script,2026-09-25,eixo5_capag_componentes,
I5.5.1,notaPoupanca2025,AP,,A,script,2026-09-25,eixo5_capag_componentes,
I5.5.1,notaPoupanca2025,MA,,A,script,2026-09-25,eixo5_capag_componentes,
I5.5.1,notaPoupanca2025,MT,,A,script,2026-09-25,eixo5_capag_componentes,
I5.5.1,notaPoupanca2025,PA,,B,script,2026-09-25,eixo5_capag_componentes,
I5.5.1,notaPoupanca2025,RO,,B,script,2026-09-25,eixo5_capag_componentes,
I5.5.1,notaPoupanca2025,RR,,B,script,2026-09-25,eixo5_capag_componentes,
I5.5.1,notaPoupanca2025,TO,,B,script,2026-09-25,eixo5_capag_componentes,
I5.5.1,poupancaCorrente2025,AC,,92.29,script,2026-09-25,eixo5_capag_componentes,
I5.5.1,poupancaCorrente2025,AM,,93.33,script,2026-09-25,eixo5_capag_componentes,
I5.5.1,poupancaCorrente2025,AP,,82.46,script,2026-09-25,eixo5_capag_componentes,
I5.5.1,poupancaCorrente2025,MA,,83.9,script,2026-09-25,eixo5_capag_componentes,
I5.5.1,poupancaCorrente2025,MT,,82.38,script,2026-09-25,eixo5_capag_componentes,
I5.5.1,poupancaCorrente2025,PA,,90.05,script,2026-09-25,eixo5_capag_componentes,
I5.5.1,poupancaCorrente2025,RO,,86.91,script,2026-09-25,eixo5_capag_componentes,
I5.5.1,poupancaCorrente2025,RR,,93.0,script,2026-09-25,eixo5_capag_componentes,
I5.5.1,poupancaCorrente2025,TO,,92.16,script,2026-09-25,eixo5_capag_componentes,
I5.5.2,,AC,,6.53,script,2026-09-25,eixo5_transparencia,"EBT 360, 2ª avaliação (2020), a última publicada pela CGU"
I5.5.2,,AC,2018,6.67,script,2026-09-25,eixo5_transparencia,"EBT 360, 1ª avaliação (2018)"
I5.5.2,,AC,2020,6.53,script,2026-09-25,eixo5_transparencia,"EBT 360, 2ª avaliação (2020)"
I5.5.2,,AM,,8.67,script,2026-09-25,eixo5_transparencia,"EBT 360, 2ª avaliação (2020), a última publicada pela CGU"
I5.5.2,,AM,2018,7.25,script,2026-09-25,eixo5_transparencia,"EBT 360, 1ª avaliação (2018)"
I5.5.2,,AM,2020,8.67,script,2026-09-25,eixo5_transparencia,"EBT 360, 2ª avaliação (2020)"
I5.5.2,,AP,,9.83,script,2026-09-25,eixo5_transparencia,"EBT 360, 2ª avaliação (2020), a última publicada pela CGU"
I5.5.2,,AP,2018,5.99,script,2026-09-25,eixo5_transparencia,"EBT 360, 1ª avaliação (2018)"
I5.5.2,,AP,2020,9.83,script,2026-09-25,eixo5_transparencia,"EBT 360, 2ª avaliação (2020)"
I5.5.2,,MA,,8.96,script,2026-09-25,eixo5_transparencia,"EBT 360, 2ª avaliação (2020), a última publicada pela CGU"
I5.5.2,,MA,2018,7.74,script,2026-09-25,eixo5_transparencia,"EBT 360, 1ª avaliação (2018)"
I5.5.2,,MA,2020,8.96,script,2026-09-25,eixo5_transparencia,"EBT 360, 2ª avaliação (2020)"
I5.5.2,,MT,,9.74,script,2026-09-25,eixo5_transparencia,"EBT 360, 2ª avaliação (2020), a última publicada pela CGU"
I5.5.2,,MT,2018,8.87,script,2026-09-25,eixo5_transparencia,"EBT 360, 1ª avaliação (2018)"
I5.5.2,,MT,2020,9.74,script,2026-09-25,eixo5_transparencia,"EBT 360, 2ª avaliação (2020)"
I5.5.2,,PA,,5.92,script,2026-09-25,eixo5_transparencia,"EBT 360, 2ª avaliação (2020), a última publicada pela CGU"
I5.5.2,,PA,2018,7.47,script,2026-09-25,eixo5_transparencia,"EBT 360, 1ª avaliação (2018)"
I5.5.2,,PA,2020,5.92,script,2026-09-25,eixo5_transparencia,"EBT 360, 2ª avaliação (2020)"
I5.5.2,,RO,,9.6,script,2026-09-25,eixo5_transparencia,"EBT 360, 2ª avaliação (2020), a última publicada pela CGU"
I5.5.2,,RO,2018,8.8,script,2026-09-25,eixo5_transparencia,"EBT 360, 1ª avaliação (2018)"
I5.5.2,,RO,2020,9.6,script,2026-09-25,eixo5_transparencia,"EBT 360, 2ª avaliação (2020)"
I5.5.2,,RR,,4.91,script,2026-09-25,eixo5_transparencia,"EBT 360, 2ª avaliação (2020), a última publicada pela CGU"
I5.5.2,,RR,2018,6.55,script,2026-09-25,eixo5_transparencia,"EBT 360, 1ª avaliação (2018)"
I5.5.2,,RR,2020,4.91,script,2026-09-25,eixo5_transparencia,"EBT 360, 2ª avaliação (2020)"
I5.5.2,,TO,,6.96,script,2026-09-25,eixo5_transparencia,"EBT 360, 2ª avaliação (2020), a última publicada pela CGU"
I5.5.2,,TO,2018,8.54,script,2026-09-25,eixo5_transparencia,"EBT 360, 1ª avaliação (2018)"
I5.5.2,,TO,2020,6.96,script,2026-09-25,eixo5_transparencia,"EBT 360, 2ª avaliação (2020)"
I5.5.2,itgp2025,AC,,50.3,script,2026-09-25,eixo5_transparencia,
I5.5.2,itgp2025,AM,,76.5,script,2026-09-25,eixo5_transparencia,
I5.5.2,itgp2025,AP,,46.9,script,2026-09-25,eixo5_transparencia,
I5.5.2,itgp2025,MA,,76.9,script,2026-09-25,eixo5_transparencia,
I5.5.2,itgp2025,MT,,75.3,script,2026-09-25,eixo5_transparencia,
I5.5.2,itgp2025,PA,,60.8,script,2026-09-25,eixo5_transparencia,
I5.5.2,itgp2025,RO,,70.1,script,2026-09-25,eixo5_transparencia,
I5.5.2,itgp2025,RR,,48.2,script,2026-09-25,eixo5_transparencia,
I5.5.2,itgp2025,TO,,57.5,script,2026-09-25,eixo5_transparencia,
I5.5.2,pntpEssenciais2025,AC,,100,script,2026-09-25,eixo5_transparencia,
I5.5.2,pntpEssenciais2025,AM,,100,script,2026-09-25,eixo5_transparencia,
I5.5.2,pntpEssenciais2025,AP,,100,script,2026-09-25,eixo5_transparencia,
I5.5.2,pntpEssenciais2025,MA,,100,script,2026-09-25,eixo5_transparencia,
I5.5.2,pntpEssenciais2025,MT,,100,script,2026-09-25,eixo5_transparencia,
I5.5.2,pntpEssenciais2025,PA,,100,script,2026-09-25,eixo5_transparencia,
I5.5.2,pntpEssenciais2025,RO,,100,script,2026-09-25,eixo5_transparencia,
I5.5.2,pntpEssenciais2025,RR,,100,script,2026-09-25,eixo5_transparencia,
I5.5.2,pntpEssenciais2025,TO,,100,script,2026-09-25,eixo5_transparencia,
I5.5.2,pntpIndice2025,AC,,68.55,script,2026-09-25,eixo5_transparencia,
I5.5.2,pntpIndice2025,AM,,100,script,2026-09-25,eixo5_transparencia,
I5.5.2,pntpIndice2025,AP,,95.51,script,2026-09-25,eixo5_transparencia,
I5.5.2,pntpIndice2025,MA,,97.62,script,2026-09-25,eixo5_transparencia,
I5.5.2,pntpIndice2025,MT,,95.28,script,2026-09-25,eixo5_transparencia,
I5.5.2,pntpIndice2025,PA,,75.06,script,2026-09-25,eixo5_transparencia,
I5.5.2,pntpIndice2025,RO,,97.96,script,2026-09-25,eixo5_transparencia,
I5.5.2,pntpIndice2025,RR,,73.89,script,2026-09-25,eixo5_transparencia,
I5.5.2,pntpIndice2025,TO,,99.18,script,2026-09-25,eixo5_transparencia,
I5.5.2,pntpNivel2025,AC,,Intermediário,script,2026-09-25,eixo5_transparencia,
I5.5.2,pntpNivel2025,AM,,Diamante,script,2026-09-25,eixo5_transparencia,
I5.5.2,pntpNivel2025,AP,,Diamante,script,2026-09-25,eixo5_transparencia,
I5.5.2,pntpNivel2025,MA,,Diamante,script,2026-09-25,eixo5_transparencia,
I5.5.2,pntpNivel2025,MT,,Diamante,script,2026-09-25,eixo5_transparencia,
I5.5.2,pntpNivel2025,PA,,Prata,script,2026-09-25,eixo5_transparencia,
I5.5.2,pntpNivel2025,RO,,Diamante,script,2026-09-25,eixo5_transparencia,
I5.5.2,pntpNivel2025,RR,,Intermediário,script,2026-09-25,eixo5_transparencia,
I5.5.2,pntpNivel2025,TO,,Diamante,script,2026-09-25,eixo5_transparencia,
POP,,AC,2025,884372,migracao,2026-09-13,migracao,
POP,,AM,2025,4321616,migracao,2026-09-13,migracao,
POP,,AP,2025,806517,migracao,2026-09-13,migracao,
POP,,MA,2025,7018211,migracao,2026-09-13,migracao,
POP,,MT,2025,3893659,migracao,2026-09-13,migracao,
POP,,PA,2025,8711196,migracao,2026-09-13,migracao,
POP,,RO,2025,1751950,migracao,2026-09-13,migracao,
POP,,RR,2025,738772,migracao,2026-09-13,migracao,
POP,,TO,2025,1586859,migracao,2026-09-13,migracao,
apsCobertura,,AC,2007,72.67,migracao,2026-09-13,migracao,
apsCobertura,,AC,2008,79.08,migracao,2026-09-13,migracao,
apsCobertura,,AC,2009,73.99,migracao,2026-09-13,migracao,
apsCobertura,,AC,2010,75.55,migracao,2026-09-13,migracao,
apsCobertura,,AC,2011,72.79,migracao,2026-09-13,migracao,
apsCobertura,,AC,2012,84.89,migracao,2026-09-13,migracao,
apsCobertura,,AC,2013,89.03,migracao,2026-09-13,migracao,
apsCobertura,,AC,2014,92.48,migracao,2026-09-13,migracao,
apsCobertura,,AC,2015,92.47,migracao,2026-09-13,migracao,
apsCobertura,,AC,2016,86.8,migracao,2026-09-13,migracao,
apsCobertura,,AC,2017,88.85,migracao,2026-09-13,migracao,
apsCobertura,,AC,2018,85.51,migracao,2026-09-13,migracao,
apsCobertura,,AC,2019,78.85,migracao,2026-09-13,migracao,
apsCobertura,,AC,2020,87.23,migracao,2026-09-13,migracao,
apsCobertura,,AC,2021,103.55,migracao,2026-09-13,migracao,
apsCobertura,,AC,2022,100.6,migracao,2026-09-13,migracao,
apsCobertura,,AC,2023,117.27,migracao,2026-09-13,migracao,
apsCobertura,,AC,2024,120.84,migracao,2026-09-13,migracao,
apsCobertura,,AC,2025,115.29,migracao,2026-09-13,migracao,
apsCobertura,,AC,2026,109.62,migracao,2026-09-13,migracao,
apsCobertura,,AM,2007,63.07,migracao,2026-09-13,migracao,
apsCobertura,,AM,2008,67.98,migracao,2026-09-13,migracao,
apsCobertura,,AM,2009,65.82,migracao,2026-09-13,migracao,
apsCobertura,,AM,2010,65.21,migracao,2026-09-13,migracao,
apsCobertura,,AM,2011,63.88,migracao,2026-09-13,migracao,
apsCobertura,,AM,2012,62.44,migracao,2026-09-13,migracao,
apsCobertura,,AM,2013,67.02,migracao,2026-09-13,migracao,
apsCobertura,,AM,2014,68.7,migracao,2026-09-13,migracao,
apsCobertura,,AM,2015,67.43,migracao,2026-09-13,migracao,
apsCobertura,,AM,2016,64.31,migracao,2026-09-13,migracao,
apsCobertura,,AM,2017,63.48,migracao,2026-09-13,migracao,
apsCobertura,,AM,2018,66.14,migracao,2026-09-13,migracao,
apsCobertura,,AM,2019,70.4,migracao,2026-09-13,migracao,
apsCobertura,,AM,2020,77.1,migracao,2026-09-13,migracao,
apsCobertura,,AM,2021,86.14,migracao,2026-09-13,migracao,
apsCobertura,,AM,2022,83.4,migracao,2026-09-13,migracao,
apsCobertura,,AM,2023,94.57,migracao,2026-09-13,migracao,
apsCobertura,,AM,2024,98.74,migracao,2026-09-13,migracao,
apsCobertura,,AM,2025,93.46,migracao,2026-09-13,migracao,
apsCobertura,,AM,2026,86.13,migracao,2026-09-13,migracao,
apsCobertura,,AP,2007,77.08,migracao,2026-09-13,migracao,
apsCobertura,,AP,2008,87.14,migracao,2026-09-13,migracao,
apsCobertura,,AP,2009,92.93,migracao,2026-09-13,migracao,
apsCobertura,,AP,2010,90.04,migracao,2026-09-13,migracao,
apsCobertura,,AP,2011,86.98,migracao,2026-09-13,migracao,
apsCobertura,,AP,2012,84.03,migracao,2026-09-13,migracao,
apsCobertura,,AP,2013,87.36,migracao,2026-09-13,migracao,
apsCobertura,,AP,2014,98.78,migracao,2026-09-13,migracao,
apsCobertura,,AP,2015,89.61,migracao,2026-09-13,migracao,
apsCobertura,,AP,2016,90.41,migracao,2026-09-13,migracao,
apsCobertura,,AP,2017,62.24,migracao,2026-09-13,migracao,
apsCobertura,,AP,2018,88.93,migracao,2026-09-13,migracao,
apsCobertura,,AP,2019,70.82,migracao,2026-09-13,migracao,
apsCobertura,,AP,2020,84.86,migracao,2026-09-13,migracao,
apsCobertura,,AP,2021,76.51,migracao,2026-09-13,migracao,
apsCobertura,,AP,2022,79.17,migracao,2026-09-13,migracao,
apsCobertura,,AP,2023,104.94,migracao,2026-09-13,migracao,
apsCobertura,,AP,2024,127.34,migracao,2026-09-13,migracao,
apsCobertura,,AP,2025,123.32,migracao,2026-09-13,migracao,
apsCobertura,,AP,2026,121.51,migracao,2026-09-13,migracao,
apsCobertura,,MA,2007,79.62,migracao,2026-09-13,migracao,
apsCobertura,,MA,2008,81.91,migracao,2026-09-13,migracao,
apsCobertura,,MA,2009,82.38,migracao,2026-09-13,migracao,
apsCobertura,,MA,2010,83.78,migracao,2026-09-13,migracao,
apsCobertura,,MA,2011,80.98,migracao,2026-09-13,migracao,
apsCobertura,,MA,2012,78.95,migracao,2026-09-13,migracao,
apsCobertura,,MA,2013,85.06,migracao,2026-09-13,migracao,
apsCobertura,,MA,2014,86.79,migracao,2026-09-13,migracao,
apsCobertura,,MA,2015,85.79,migracao,2026-09-13,migracao,
apsCobertura,,MA,2016,85.46,migracao,2026-09-13,migracao,
apsCobertura,,MA,2017,86.82,migracao,2026-09-13,migracao,
apsCobertura,,MA,2018,86.57,migracao,2026-09-13,migracao,
apsCobertura,,MA,2019,87.37,migracao,2026-09-13,migracao,
apsCobertura,,MA,2020,87.75,migracao,2026-09-13,migracao,
apsCobertura,,MA,2021,123.06,migracao,2026-09-13,migracao,
apsCobertura,,MA,2022,123.33,migracao,2026-09-13,migracao,
apsCobertura,,MA,2023,135.02,migracao,2026-09-13,migracao,
apsCobertura,,MA,2024,139.45,migracao,2026-09-13,migracao,
apsCobertura,,MA,2025,136.89,migracao,2026-09-13,migracao,
apsCobertura,,MA,2026,136.42,migracao,2026-09-13,migracao,
apsCobertura,,MT,2007,63.05,migracao,2026-09-13,migracao,
apsCobertura,,MT,2008,67.58,migracao,2026-09-13,migracao,
apsCobertura,,MT,2009,70.39,migracao,2026-09-13,migracao,
apsCobertura,,MT,2010,70.5,migracao,2026-09-13,migracao,
apsCobertura,,MT,2011,69.98,migracao,2026-09-13,migracao,
apsCobertura,,MT,2012,69.74,migracao,2026-09-13,migracao,
apsCobertura,,MT,2013,70.58,migracao,2026-09-13,migracao,
apsCobertura,,MT,2014,71.53,migracao,2026-09-13,migracao,
apsCobertura,,MT,2015,72.47,migracao,2026-09-13,migracao,
apsCobertura,,MT,2016,74.53,migracao,2026-09-13,migracao,
apsCobertura,,MT,2017,76.39,migracao,2026-09-13,migracao,
apsCobertura,,MT,2018,75.97,migracao,2026-09-13,migracao,
apsCobertura,,MT,2019,76.3,migracao,2026-09-13,migracao,
apsCobertura,,MT,2020,79.47,migracao,2026-09-13,migracao,
apsCobertura,,MT,2021,89.62,migracao,2026-09-13,migracao,
apsCobertura,,MT,2022,90.47,migracao,2026-09-13,migracao,
apsCobertura,,MT,2023,98.99,migracao,2026-09-13,migracao,
apsCobertura,,MT,2024,99.01,migracao,2026-09-13,migracao,
apsCobertura,,MT,2025,96.56,migracao,2026-09-13,migracao,
apsCobertura,,MT,2026,95.55,migracao,2026-09-13,migracao,
apsCobertura,,PA,2007,44.08,migracao,2026-09-13,migracao,
apsCobertura,,PA,2008,49.54,migracao,2026-09-13,migracao,
apsCobertura,,PA,2009,48.6,migracao,2026-09-13,migracao,
apsCobertura,,PA,2010,50.6,migracao,2026-09-13,migracao,
apsCobertura,,PA,2011,52.13,migracao,2026-09-13,migracao,
apsCobertura,,PA,2012,52.81,migracao,2026-09-13,migracao,
apsCobertura,,PA,2013,55.43,migracao,2026-09-13,migracao,
apsCobertura,,PA,2014,59.92,migracao,2026-09-13,migracao,
apsCobertura,,PA,2015,62.83,migracao,2026-09-13,migracao,
apsCobertura,,PA,2016,63.96,migracao,2026-09-13,migracao,
apsCobertura,,PA,2017,66.1,migracao,2026-09-13,migracao,
apsCobertura,,PA,2018,65.58,migracao,2026-09-13,migracao,
apsCobertura,,PA,2019,65.72,migracao,2026-09-13,migracao,
apsCobertura,,PA,2020,64.49,migracao,2026-09-13,migracao,
apsCobertura,,PA,2021,84.63,migracao,2026-09-13,migracao,
apsCobertura,,PA,2022,81.22,migracao,2026-09-13,migracao,
apsCobertura,,PA,2023,100.47,migracao,2026-09-13,migracao,
apsCobertura,,PA,2024,102.31,migracao,2026-09-13,migracao,
apsCobertura,,PA,2025,101.8,migracao,2026-09-13,migracao,
apsCobertura,,PA,2026,95.85,migracao,2026-09-13,migracao,
apsCobertura,,RO,2007,53.54,migracao,2026-09-13,migracao,
apsCobertura,,RO,2008,61.82,migracao,2026-09-13,migracao,
apsCobertura,,RO,2009,63.86,migracao,2026-09-13,migracao,
apsCobertura,,RO,2010,66.86,migracao,2026-09-13,migracao,
apsCobertura,,RO,2011,65.29,migracao,2026-09-13,migracao,
apsCobertura,,RO,2012,66.21,migracao,2026-09-13,migracao,
apsCobertura,,RO,2013,67.93,migracao,2026-09-13,migracao,
apsCobertura,,RO,2014,76.36,migracao,2026-09-13,migracao,
apsCobertura,,RO,2015,77.52,migracao,2026-09-13,migracao,
apsCobertura,,RO,2016,76.48,migracao,2026-09-13,migracao,
apsCobertura,,RO,2017,72.52,migracao,2026-09-13,migracao,
apsCobertura,,RO,2018,72.95,migracao,2026-09-13,migracao,
apsCobertura,,RO,2019,75.28,migracao,2026-09-13,migracao,
apsCobertura,,RO,2020,75.23,migracao,2026-09-13,migracao,
apsCobertura,,RO,2021,86.24,migracao,2026-09-13,migracao,
apsCobertura,,RO,2022,85.11,migracao,2026-09-13,migracao,
apsCobertura,,RO,2023,100.81,migracao,2026-09-13,migracao,
apsCobertura,,RO,2024,105.83,migracao,2026-09-13,migracao,
apsCobertura,,RO,2025,98.95,migracao,2026-09-13,migracao,
apsCobertura,,RO,2026,99.03,migracao,2026-09-13,migracao,
apsCobertura,,RR,2007,85.38,migracao,2026-09-13,migracao,
apsCobertura,,RR,2008,85.78,migracao,2026-09-13,migracao,
apsCobertura,,RR,2009,79.56,migracao,2026-09-13,migracao,
apsCobertura,,RR,2010,83.04,migracao,2026-09-13,migracao,
apsCobertura,,RR,2011,83.22,migracao,2026-09-13,migracao,
apsCobertura,,RR,2012,77.32,migracao,2026-09-13,migracao,
apsCobertura,,RR,2013,77.75,migracao,2026-09-13,migracao,
apsCobertura,,RR,2014,78.52,migracao,2026-09-13,migracao,
apsCobertura,,RR,2015,84.38,migracao,2026-09-13,migracao,
apsCobertura,,RR,2016,80.16,migracao,2026-09-13,migracao,
apsCobertura,,RR,2017,75.33,migracao,2026-09-13,migracao,
apsCobertura,,RR,2018,83.13,migracao,2026-09-13,migracao,
apsCobertura,,RR,2019,71.74,migracao,2026-09-13,migracao,
apsCobertura,,RR,2020,84.56,migracao,2026-09-13,migracao,
apsCobertura,,RR,2021,83.19,migracao,2026-09-13,migracao,
apsCobertura,,RR,2022,79.03,migracao,2026-09-13,migracao,
apsCobertura,,RR,2023,128.57,migracao,2026-09-13,migracao,
apsCobertura,,RR,2024,137.22,migracao,2026-09-13,migracao,
apsCobertura,,RR,2025,124.17,migracao,2026-09-13,migracao,
apsCobertura,,RR,2026,119.03,migracao,2026-09-13,migracao,
apsCobertura,,TO,2007,79.61,migracao,2026-09-13,migracao,
apsCobertura,,TO,2008,86.4,migracao,2026-09-13,migracao,
apsCobertura,,TO,2009,92.84,migracao,2026-09-13,migracao,
apsCobertura,,TO,2010,93.84,migracao,2026-09-13,migracao,
apsCobertura,,TO,2011,90.29,migracao,2026-09-13,migracao,
apsCobertura,,TO,2012,91.34,migracao,2026-09-13,migracao,
apsCobertura,,TO,2013,93.29,migracao,2026-09-13,migracao,
apsCobertura,,TO,2014,96,migracao,2026-09-13,migracao,
apsCobertura,,TO,2015,95.23,migracao,2026-09-13,migracao,
apsCobertura,,TO,2016,96.29,migracao,2026-09-13,migracao,
apsCobertura,,TO,2017,95.65,migracao,2026-09-13,migracao,
apsCobertura,,TO,2018,94.62,migracao,2026-09-13,migracao,
apsCobertura,,TO,2019,94.28,migracao,2026-09-13,migracao,
apsCobertura,,TO,2020,94.62,migracao,2026-09-13,migracao,
apsCobertura,,TO,2021,129.09,migracao,2026-09-13,migracao,
apsCobertura,,TO,2022,128.54,migracao,2026-09-13,migracao,
apsCobertura,,TO,2023,142.58,migracao,2026-09-13,migracao,
apsCobertura,,TO,2024,146.52,migracao,2026-09-13,migracao,
apsCobertura,,TO,2025,141.05,migracao,2026-09-13,migracao,
apsCobertura,,TO,2026,140.16,migracao,2026-09-13,migracao,
apsEquipes,,AC,2026,285,migracao,2026-09-13,migracao,
apsEquipes,,AM,2026,1117,migracao,2026-09-13,migracao,
apsEquipes,,AP,2026,283,migracao,2026-09-13,migracao,
apsEquipes,,MA,2026,2748,migracao,2026-09-13,migracao,
apsEquipes,,MT,2026,1080,migracao,2026-09-13,migracao,
apsEquipes,,PA,2026,2417,migracao,2026-09-13,migracao,
apsEquipes,,RO,2026,501,migracao,2026-09-13,migracao,
apsEquipes,,RR,2026,252,migracao,2026-09-13,migracao,
apsEquipes,,TO,2026,641,migracao,2026-09-13,migracao,
conservationManaged,,AC,,71.42857142857143,migracao,2026-09-13,migracao,
conservationManaged,,AM,,42.592592592592595,migracao,2026-09-13,migracao,
conservationManaged,,AP,,45,migracao,2026-09-13,migracao,
conservationManaged,,MA,,17.391304347826086,migracao,2026-09-13,migracao,
conservationManaged,,MT,,10,migracao,2026-09-13,migracao,
conservationManaged,,PA,,46.601941747572816,migracao,2026-09-13,migracao,
conservationManaged,,RO,,22.35294117647059,migracao,2026-09-13,migracao,
conservationManaged,,RR,,41.17647058823529,migracao,2026-09-13,migracao,
conservationManaged,,TO,,17.647058823529413,migracao,2026-09-13,migracao,
conservationUnits,,AC,,21,migracao,2026-09-13,migracao,
conservationUnits,,AM,,108,migracao,2026-09-13,migracao,
conservationUnits,,AP,,20,migracao,2026-09-13,migracao,
conservationUnits,,MA,,46,migracao,2026-09-13,migracao,
conservationUnits,,MT,,110,migracao,2026-09-13,migracao,
conservationUnits,,PA,,103,migracao,2026-09-13,migracao,
conservationUnits,,RO,,85,migracao,2026-09-13,migracao,
conservationUnits,,RR,,17,migracao,2026-09-13,migracao,
conservationUnits,,TO,,34,migracao,2026-09-13,migracao,
cvli,,AC,2025,171,migracao,2026-09-13,migracao,
cvli,,AM,2025,739,migracao,2026-09-13,migracao,
cvli,,AP,2025,195,migracao,2026-09-13,migracao,
cvli,,MA,2025,1890,migracao,2026-09-13,migracao,
cvli,,MT,2025,696,migracao,2026-09-13,migracao,
cvli,,PA,2025,1757,migracao,2026-09-13,migracao,
cvli,,RO,2025,420,migracao,2026-09-13,migracao,
cvli,,RR,2025,139,migracao,2026-09-13,migracao,
cvli,,TO,2025,259,migracao,2026-09-13,migracao,
cvliRate,,AC,2020,32.65185137155144,migracao,2026-09-13,migracao,
cvliRate,,AC,2021,19.80777247779111,migracao,2026-09-13,migracao,
cvliRate,,AC,2022,23.95234286002434,migracao,2026-09-13,migracao,
cvliRate,,AC,2023,20.990620386911893,migracao,2026-09-13,migracao,
cvliRate,,AC,2024,18.2823452728782,migracao,2026-09-13,migracao,
cvliRate,,AC,2025,19.335754637188874,migracao,2026-09-13,migracao,
cvliRate,,AC,2026,9.34901565002692,migracao,2026-09-13,migracao,
cvliRate,,AM,2020,24.48300578517169,migracao,2026-09-13,migracao,
cvliRate,,AM,2021,37.21142217584416,migracao,2026-09-13,migracao,
cvliRate,,AM,2022,33.64453135882238,migracao,2026-09-13,migracao,
cvliRate,,AM,2023,31.22221040515534,migracao,2026-09-13,migracao,
cvliRate,,AM,2024,25.71703460401022,migracao,2026-09-13,migracao,
cvliRate,,AM,2025,17.100084783099657,migracao,2026-09-13,migracao,
cvliRate,,AM,2026,9.034778393396264,migracao,2026-09-13,migracao,
cvliRate,,AP,2020,33.22584792745817,migracao,2026-09-13,migracao,
cvliRate,,AP,2021,39.70306156124071,migracao,2026-09-13,migracao,
cvliRate,,AP,2022,27.908485310959612,migracao,2026-09-13,migracao,
cvliRate,,AP,2023,41.4203552890415,migracao,2026-09-13,migracao,
cvliRate,,AP,2024,27.901055880583485,migracao,2026-09-13,migracao,
cvliRate,,AP,2025,24.17803964454562,migracao,2026-09-13,migracao,
cvliRate,,AP,2026,13.334107040778909,migracao,2026-09-13,migracao,
cvliRate,,MA,2020,27.026298137365895,migracao,2026-09-13,migracao,
cvliRate,,MA,2021,26.902669861024815,migracao,2026-09-13,migracao,
cvliRate,,MA,2022,24.806779338410628,migracao,2026-09-13,migracao,
cvliRate,,MA,2023,25.531061792309096,migracao,2026-09-13,migracao,
cvliRate,,MA,2024,28.270022935518103,migracao,2026-09-13,migracao,
cvliRate,,MA,2025,26.92993983794446,migracao,2026-09-13,migracao,
cvliRate,,MA,2026,14.677082127741295,migracao,2026-09-13,migracao,
cvliRate,,MT,2020,22.231530733637747,migracao,2026-09-13,migracao,
cvliRate,,MT,2021,20.427259728107444,migracao,2026-09-13,migracao,
cvliRate,,MT,2022,24.61725675073173,migracao,2026-09-13,migracao,
cvliRate,,MT,2023,23.63441138538144,migracao,2026-09-13,migracao,
cvliRate,,MT,2024,22.964243291690984,migracao,2026-09-13,migracao,
cvliRate,,MT,2025,17.875217115828583,migracao,2026-09-13,migracao,
cvliRate,,MT,2026,8.834704948700487,migracao,2026-09-13,migracao,
cvliRate,,PA,2020,27.90249766337255,migracao,2026-09-13,migracao,
cvliRate,,PA,2021,28.145034484709374,migracao,2026-09-13,migracao,
cvliRate,,PA,2022,28.07453169732481,migracao,2026-09-13,migracao,
cvliRate,,PA,2023,24.953227206677717,migracao,2026-09-13,migracao,
cvliRate,,PA,2024,22.032924506590604,migracao,2026-09-13,migracao,
cvliRate,,PA,2025,20.169446307946693,migracao,2026-09-13,migracao,
cvliRate,,PA,2026,10.917823506759229,migracao,2026-09-13,migracao,
cvliRate,,RO,2020,22.638184347959342,migracao,2026-09-13,migracao,
cvliRate,,RO,2021,25.554716579691977,migracao,2026-09-13,migracao,
cvliRate,,RO,2022,28.132508727995535,migracao,2026-09-13,migracao,
cvliRate,,RO,2023,24.421708312862197,migracao,2026-09-13,migracao,
cvliRate,,RO,2024,24.853584327810758,migracao,2026-09-13,migracao,
cvliRate,,RO,2025,23.97328690887297,migracao,2026-09-13,migracao,
cvliRate,,RO,2026,9.95824366172017,migracao,2026-09-13,migracao,
cvliRate,,RR,2020,29.486329420024184,migracao,2026-09-13,migracao,
cvliRate,,RR,2021,33.43654385225628,migracao,2026-09-13,migracao,
cvliRate,,RR,2022,27.620863552934047,migracao,2026-09-13,migracao,
cvliRate,,RR,2023,22.724984538380774,migracao,2026-09-13,migracao,
cvliRate,,RR,2024,16.880745208170282,migracao,2026-09-13,migracao,
cvliRate,,RR,2025,18.81500652434039,migracao,2026-09-13,migracao,
cvliRate,,RR,2026,9.461086027552785,migracao,2026-09-13,migracao,
cvliRate,,TO,2020,28.805776240891717,migracao,2026-09-13,migracao,
cvliRate,,TO,2021,23.248094624911367,migracao,2026-09-13,migracao,
cvliRate,,TO,2022,27.029109259235483,migracao,2026-09-13,migracao,
cvliRate,,TO,2023,23.67292818807663,migracao,2026-09-13,migracao,
cvliRate,,TO,2024,15.786050203443514,migracao,2026-09-13,migracao,
cvliRate,,TO,2025,16.321550938048055,migracao,2026-09-13,migracao,
cvliRate,,TO,2026,9.461188450583148,migracao,2026-09-13,migracao,
focos,,AC,2003,10523,script,2026-09-30,pesquisa-eixo1,
focos,,AC,2004,7271,script,2026-09-30,pesquisa-eixo1,
focos,,AC,2005,15993,script,2026-09-30,pesquisa-eixo1,
focos,,AC,2006,6198,script,2026-09-30,pesquisa-eixo1,
focos,,AC,2007,8549,script,2026-09-30,pesquisa-eixo1,
focos,,AC,2008,5699,script,2026-09-30,pesquisa-eixo1,
focos,,AC,2009,3511,script,2026-09-30,pesquisa-eixo1,
focos,,AC,2010,8661,script,2026-09-30,pesquisa-eixo1,
focos,,AC,2011,3191,script,2026-09-30,pesquisa-eixo1,
focos,,AC,2012,4720,script,2026-09-30,pesquisa-eixo1,
focos,,AC,2013,4980,script,2026-09-30,pesquisa-eixo1,
focos,,AC,2014,4398,script,2026-09-30,pesquisa-eixo1,
focos,,AC,2015,5779,script,2026-09-30,pesquisa-eixo1,
focos,,AC,2016,7684,script,2026-09-30,pesquisa-eixo1,
focos,,AC,2017,6295,script,2026-09-30,pesquisa-eixo1,
focos,,AC,2018,6626,script,2026-09-30,pesquisa-eixo1,
focos,,AC,2019,6802,script,2026-09-30,pesquisa-eixo1,
focos,,AC,2020,9193,script,2026-09-30,pesquisa-eixo1,
focos,,AC,2021,8828,script,2026-09-30,pesquisa-eixo1,
focos,,AC,2022,11840,script,2026-09-30,pesquisa-eixo1,
focos,,AC,2023,6562,script,2026-09-30,pesquisa-eixo1,
focos,,AC,2024,8658,script,2026-09-30,pesquisa-eixo1,
focos,,AC,2025,2184,script,2026-09-30,pesquisa-eixo1,
focos,,AM,2003,10191,script,2026-09-30,pesquisa-eixo1,
focos,,AM,2004,8083,script,2026-09-30,pesquisa-eixo1,
focos,,AM,2005,15644,script,2026-09-30,pesquisa-eixo1,
focos,,AM,2006,11697,script,2026-09-30,pesquisa-eixo1,
focos,,AM,2007,11293,script,2026-09-30,pesquisa-eixo1,
focos,,AM,2008,6701,script,2026-09-30,pesquisa-eixo1,
focos,,AM,2009,9280,script,2026-09-30,pesquisa-eixo1,
focos,,AM,2010,12139,script,2026-09-30,pesquisa-eixo1,
focos,,AM,2011,5028,script,2026-09-30,pesquisa-eixo1,
focos,,AM,2012,9114,script,2026-09-30,pesquisa-eixo1,
focos,,AM,2013,6512,script,2026-09-30,pesquisa-eixo1,
focos,,AM,2014,9007,script,2026-09-30,pesquisa-eixo1,
focos,,AM,2015,13419,script,2026-09-30,pesquisa-eixo1,
focos,,AM,2016,11173,script,2026-09-30,pesquisa-eixo1,
focos,,AM,2017,11685,script,2026-09-30,pesquisa-eixo1,
focos,,AM,2018,11446,script,2026-09-30,pesquisa-eixo1,
focos,,AM,2019,12676,script,2026-09-30,pesquisa-eixo1,
focos,,AM,2020,16729,script,2026-09-30,pesquisa-eixo1,
focos,,AM,2021,14848,script,2026-09-30,pesquisa-eixo1,
focos,,AM,2022,21217,script,2026-09-30,pesquisa-eixo1,
focos,,AM,2023,19601,script,2026-09-30,pesquisa-eixo1,
focos,,AM,2024,25499,script,2026-09-30,pesquisa-eixo1,
focos,,AM,2025,4545,script,2026-09-30,pesquisa-eixo1,
focos,,AP,2003,2516,script,2026-09-30,pesquisa-eixo1,
focos,,AP,2004,3413,script,2026-09-30,pesquisa-eixo1,
focos,,AP,2005,2020,script,2026-09-30,pesquisa-eixo1,
focos,,AP,2006,1665,script,2026-09-30,pesquisa-eixo1,
focos,,AP,2007,1484,script,2026-09-30,pesquisa-eixo1,
focos,,AP,2008,2153,script,2026-09-30,pesquisa-eixo1,
focos,,AP,2009,2456,script,2026-09-30,pesquisa-eixo1,
focos,,AP,2010,1000,script,2026-09-30,pesquisa-eixo1,
focos,,AP,2011,1396,script,2026-09-30,pesquisa-eixo1,
focos,,AP,2012,2518,script,2026-09-30,pesquisa-eixo1,
focos,,AP,2013,1529,script,2026-09-30,pesquisa-eixo1,
focos,,AP,2014,1848,script,2026-09-30,pesquisa-eixo1,
focos,,AP,2015,2936,script,2026-09-30,pesquisa-eixo1,
focos,,AP,2016,2595,script,2026-09-30,pesquisa-eixo1,
focos,,AP,2017,1946,script,2026-09-30,pesquisa-eixo1,
focos,,AP,2018,1206,script,2026-09-30,pesquisa-eixo1,
focos,,AP,2019,1277,script,2026-09-30,pesquisa-eixo1,
focos,,AP,2020,750,script,2026-09-30,pesquisa-eixo1,
focos,,AP,2021,676,script,2026-09-30,pesquisa-eixo1,
focos,,AP,2022,990,script,2026-09-30,pesquisa-eixo1,
focos,,AP,2023,2552,script,2026-09-30,pesquisa-eixo1,
focos,,AP,2024,2014,script,2026-09-30,pesquisa-eixo1,
focos,,AP,2025,948,script,2026-09-30,pesquisa-eixo1,
focos,,MA,2003,34548,script,2026-09-30,pesquisa-eixo1,
focos,,MA,2004,33585,script,2026-09-30,pesquisa-eixo1,
focos,,MA,2005,33691,script,2026-09-30,pesquisa-eixo1,
focos,,MA,2006,23302,script,2026-09-30,pesquisa-eixo1,
focos,,MA,2007,44765,script,2026-09-30,pesquisa-eixo1,
focos,,MA,2008,22122,script,2026-09-30,pesquisa-eixo1,
focos,,MA,2009,19132,script,2026-09-30,pesquisa-eixo1,
focos,,MA,2010,36277,script,2026-09-30,pesquisa-eixo1,
focos,,MA,2011,19315,script,2026-09-30,pesquisa-eixo1,
focos,,MA,2012,34299,script,2026-09-30,pesquisa-eixo1,
focos,,MA,2013,17455,script,2026-09-30,pesquisa-eixo1,
focos,,MA,2014,24675,script,2026-09-30,pesquisa-eixo1,
focos,,MA,2015,28436,script,2026-09-30,pesquisa-eixo1,
focos,,MA,2016,21789,script,2026-09-30,pesquisa-eixo1,
focos,,MA,2017,25576,script,2026-09-30,pesquisa-eixo1,
focos,,MA,2018,13892,script,2026-09-30,pesquisa-eixo1,
focos,,MA,2019,18521,script,2026-09-30,pesquisa-eixo1,
focos,,MA,2020,16817,script,2026-09-30,pesquisa-eixo1,
focos,,MA,2021,16077,script,2026-09-30,pesquisa-eixo1,
focos,,MA,2022,20224,script,2026-09-30,pesquisa-eixo1,
focos,,MA,2023,21113,script,2026-09-30,pesquisa-eixo1,
focos,,MA,2024,22879,script,2026-09-30,pesquisa-eixo1,
focos,,MA,2025,24300,script,2026-09-30,pesquisa-eixo1,
focos,,MT,2003,70560,script,2026-09-30,pesquisa-eixo1,
focos,,MT,2004,97012,script,2026-09-30,pesquisa-eixo1,
focos,,MT,2005,72104,script,2026-09-30,pesquisa-eixo1,
focos,,MT,2006,43479,script,2026-09-30,pesquisa-eixo1,
focos,,MT,2007,79968,script,2026-09-30,pesquisa-eixo1,
focos,,MT,2008,29448,script,2026-09-30,pesquisa-eixo1,
focos,,MT,2009,15059,script,2026-09-30,pesquisa-eixo1,
focos,,MT,2010,59013,script,2026-09-30,pesquisa-eixo1,
focos,,MT,2011,17371,script,2026-09-30,pesquisa-eixo1,
focos,,MT,2012,27953,script,2026-09-30,pesquisa-eixo1,
focos,,MT,2013,18554,script,2026-09-30,pesquisa-eixo1,
focos,,MT,2014,24955,script,2026-09-30,pesquisa-eixo1,
focos,,MT,2015,27741,script,2026-09-30,pesquisa-eixo1,
focos,,MT,2016,27305,script,2026-09-30,pesquisa-eixo1,
focos,,MT,2017,30911,script,2026-09-30,pesquisa-eixo1,
focos,,MT,2018,18032,script,2026-09-30,pesquisa-eixo1,
focos,,MT,2019,31169,script,2026-09-30,pesquisa-eixo1,
focos,,MT,2020,47708,script,2026-09-30,pesquisa-eixo1,
focos,,MT,2021,22520,script,2026-09-30,pesquisa-eixo1,
focos,,MT,2022,29039,script,2026-09-30,pesquisa-eixo1,
focos,,MT,2023,21723,script,2026-09-30,pesquisa-eixo1,
focos,,MT,2024,50551,script,2026-09-30,pesquisa-eixo1,
focos,,MT,2025,11061,script,2026-09-30,pesquisa-eixo1,
focos,,PA,2003,53040,script,2026-09-30,pesquisa-eixo1,
focos,,PA,2004,74214,script,2026-09-30,pesquisa-eixo1,
focos,,PA,2005,71477,script,2026-09-30,pesquisa-eixo1,
focos,,PA,2006,55840,script,2026-09-30,pesquisa-eixo1,
focos,,PA,2007,68491,script,2026-09-30,pesquisa-eixo1,
focos,,PA,2008,48449,script,2026-09-30,pesquisa-eixo1,
focos,,PA,2009,41664,script,2026-09-30,pesquisa-eixo1,
focos,,PA,2010,57196,script,2026-09-30,pesquisa-eixo1,
focos,,PA,2011,26563,script,2026-09-30,pesquisa-eixo1,
focos,,PA,2012,37221,script,2026-09-30,pesquisa-eixo1,
focos,,PA,2013,24046,script,2026-09-30,pesquisa-eixo1,
focos,,PA,2014,35526,script,2026-09-30,pesquisa-eixo1,
focos,,PA,2015,43164,script,2026-09-30,pesquisa-eixo1,
focos,,PA,2016,29724,script,2026-09-30,pesquisa-eixo1,
focos,,PA,2017,49770,script,2026-09-30,pesquisa-eixo1,
focos,,PA,2018,22080,script,2026-09-30,pesquisa-eixo1,
focos,,PA,2019,30165,script,2026-09-30,pesquisa-eixo1,
focos,,PA,2020,38603,script,2026-09-30,pesquisa-eixo1,
focos,,PA,2021,22876,script,2026-09-30,pesquisa-eixo1,
focos,,PA,2022,41421,script,2026-09-30,pesquisa-eixo1,
focos,,PA,2023,41715,script,2026-09-30,pesquisa-eixo1,
focos,,PA,2024,56070,script,2026-09-30,pesquisa-eixo1,
focos,,PA,2025,18367,script,2026-09-30,pesquisa-eixo1,
focos,,RO,2003,30557,script,2026-09-30,pesquisa-eixo1,
focos,,RO,2004,40881,script,2026-09-30,pesquisa-eixo1,
focos,,RO,2005,41649,script,2026-09-30,pesquisa-eixo1,
focos,,RO,2006,25702,script,2026-09-30,pesquisa-eixo1,
focos,,RO,2007,27500,script,2026-09-30,pesquisa-eixo1,
focos,,RO,2008,11560,script,2026-09-30,pesquisa-eixo1,
focos,,RO,2009,5401,script,2026-09-30,pesquisa-eixo1,
focos,,RO,2010,16970,script,2026-09-30,pesquisa-eixo1,
focos,,RO,2011,6080,script,2026-09-30,pesquisa-eixo1,
focos,,RO,2012,8312,script,2026-09-30,pesquisa-eixo1,
focos,,RO,2013,4613,script,2026-09-30,pesquisa-eixo1,
focos,,RO,2014,7334,script,2026-09-30,pesquisa-eixo1,
focos,,RO,2015,13113,script,2026-09-30,pesquisa-eixo1,
focos,,RO,2016,11474,script,2026-09-30,pesquisa-eixo1,
focos,,RO,2017,11313,script,2026-09-30,pesquisa-eixo1,
focos,,RO,2018,10255,script,2026-09-30,pesquisa-eixo1,
focos,,RO,2019,11230,script,2026-09-30,pesquisa-eixo1,
focos,,RO,2020,11145,script,2026-09-30,pesquisa-eixo1,
focos,,RO,2021,10030,script,2026-09-30,pesquisa-eixo1,
focos,,RO,2022,12460,script,2026-09-30,pesquisa-eixo1,
focos,,RO,2023,7417,script,2026-09-30,pesquisa-eixo1,
focos,,RO,2024,10692,script,2026-09-30,pesquisa-eixo1,
focos,,RO,2025,1879,script,2026-09-30,pesquisa-eixo1,
focos,,RR,2003,3987,script,2026-09-30,pesquisa-eixo1,
focos,,RR,2004,2221,script,2026-09-30,pesquisa-eixo1,
focos,,RR,2005,1461,script,2026-09-30,pesquisa-eixo1,
focos,,RR,2006,2189,script,2026-09-30,pesquisa-eixo1,
focos,,RR,2007,3244,script,2026-09-30,pesquisa-eixo1,
focos,,RR,2008,1950,script,2026-09-30,pesquisa-eixo1,
focos,,RR,2009,2359,script,2026-09-30,pesquisa-eixo1,
focos,,RR,2010,1918,script,2026-09-30,pesquisa-eixo1,
focos,,RR,2011,1475,script,2026-09-30,pesquisa-eixo1,
focos,,RR,2012,1376,script,2026-09-30,pesquisa-eixo1,
focos,,RR,2013,1395,script,2026-09-30,pesquisa-eixo1,
focos,,RR,2014,2519,script,2026-09-30,pesquisa-eixo1,
focos,,RR,2015,2452,script,2026-09-30,pesquisa-eixo1,
focos,,RR,2016,3870,script,2026-09-30,pesquisa-eixo1,
focos,,RR,2017,1565,script,2026-09-30,pesquisa-eixo1,
focos,,RR,2018,2383,script,2026-09-30,pesquisa-eixo1,
focos,,RR,2019,4784,script,2026-09-30,pesquisa-eixo1,
focos,,RR,2020,1930,script,2026-09-30,pesquisa-eixo1,
focos,,RR,2021,989,script,2026-09-30,pesquisa-eixo1,
focos,,RR,2022,1223,script,2026-09-30,pesquisa-eixo1,
focos,,RR,2023,2659,script,2026-09-30,pesquisa-eixo1,
focos,,RR,2024,5358,script,2026-09-30,pesquisa-eixo1,
focos,,RR,2025,1539,script,2026-09-30,pesquisa-eixo1,
focos,,TO,2003,12124,script,2026-09-30,pesquisa-eixo1,
focos,,TO,2004,15147,script,2026-09-30,pesquisa-eixo1,
focos,,TO,2005,16214,script,2026-09-30,pesquisa-eixo1,
focos,,TO,2006,10299,script,2026-09-30,pesquisa-eixo1,
focos,,TO,2007,25389,script,2026-09-30,pesquisa-eixo1,
focos,,TO,2008,10753,script,2026-09-30,pesquisa-eixo1,
focos,,TO,2009,6428,script,2026-09-30,pesquisa-eixo1,
focos,,TO,2010,29100,script,2026-09-30,pesquisa-eixo1,
focos,,TO,2011,10637,script,2026-09-30,pesquisa-eixo1,
focos,,TO,2012,19044,script,2026-09-30,pesquisa-eixo1,
focos,,TO,2013,9935,script,2026-09-30,pesquisa-eixo1,
focos,,TO,2014,14075,script,2026-09-30,pesquisa-eixo1,
focos,,TO,2015,15705,script,2026-09-30,pesquisa-eixo1,
focos,,TO,2016,14494,script,2026-09-30,pesquisa-eixo1,
focos,,TO,2017,15673,script,2026-09-30,pesquisa-eixo1,
focos,,TO,2018,8033,script,2026-09-30,pesquisa-eixo1,
focos,,TO,2019,13625,script,2026-09-30,pesquisa-eixo1,
focos,,TO,2020,12093,script,2026-09-30,pesquisa-eixo1,
focos,,TO,2021,10007,script,2026-09-30,pesquisa-eixo1,
focos,,TO,2022,12145,script,2026-09-30,pesquisa-eixo1,
focos,,TO,2023,9641,script,2026-09-30,pesquisa-eixo1,
focos,,TO,2024,17251,script,2026-09-30,pesquisa-eixo1,
focos,,TO,2025,11548,script,2026-09-30,pesquisa-eixo1,
ibc,,AC,2021,54.89,migracao,2026-09-13,migracao,
ibc,,AC,2022,58.28,migracao,2026-09-13,migracao,
ibc,,AC,2023,58.1,migracao,2026-09-13,migracao,
ibc,,AC,2024,50.97,migracao,2026-09-13,migracao,
ibc,,AC,2025,52.12,migracao,2026-09-13,migracao,
ibc,,AM,2021,54.01,migracao,2026-09-13,migracao,
ibc,,AM,2022,53.87,migracao,2026-09-13,migracao,
ibc,,AM,2023,53.66,migracao,2026-09-13,migracao,
ibc,,AM,2024,47.79,migracao,2026-09-13,migracao,
ibc,,AM,2025,48.8,migracao,2026-09-13,migracao,
ibc,,AP,2021,57.51,migracao,2026-09-13,migracao,
ibc,,AP,2022,62.68,migracao,2026-09-13,migracao,
ibc,,AP,2023,63.18,migracao,2026-09-13,migracao,
ibc,,AP,2024,56.37,migracao,2026-09-13,migracao,
ibc,,AP,2025,56.95,migracao,2026-09-13,migracao,
ibc,,MA,2021,51.73,migracao,2026-09-13,migracao,
ibc,,MA,2022,52.43,migracao,2026-09-13,migracao,
ibc,,MA,2023,53.06,migracao,2026-09-13,migracao,
ibc,,MA,2024,50.14,migracao,2026-09-13,migracao,
ibc,,MA,2025,52.56,migracao,2026-09-13,migracao,
ibc,,MT,2021,60.66,migracao,2026-09-13,migracao,
ibc,,MT,2022,62.09,migracao,2026-09-13,migracao,
ibc,,MT,2023,62.23,migracao,2026-09-13,migracao,
ibc,,MT,2024,57.92,migracao,2026-09-13,migracao,
ibc,,MT,2025,60.42,migracao,2026-09-13,migracao,
ibc,,PA,2021,52.73,migracao,2026-09-13,migracao,
ibc,,PA,2022,54.29,migracao,2026-09-13,migracao,
ibc,,PA,2023,54.99,migracao,2026-09-13,migracao,
ibc,,PA,2024,51.65,migracao,2026-09-13,migracao,
ibc,,PA,2025,53.1,migracao,2026-09-13,migracao,
ibc,,RO,2021,57.03,migracao,2026-09-13,migracao,
ibc,,RO,2022,60.37,migracao,2026-09-13,migracao,
ibc,,RO,2023,60.26,migracao,2026-09-13,migracao,
ibc,,RO,2024,53.38,migracao,2026-09-13,migracao,
ibc,,RO,2025,56.13,migracao,2026-09-13,migracao,
ibc,,RR,2021,55.19,migracao,2026-09-13,migracao,
ibc,,RR,2022,55.15,migracao,2026-09-13,migracao,
ibc,,RR,2023,53.65,migracao,2026-09-13,migracao,
ibc,,RR,2024,45.96,migracao,2026-09-13,migracao,
ibc,,RR,2025,49.19,migracao,2026-09-13,migracao,
ibc,,TO,2021,53.89,migracao,2026-09-13,migracao,
ibc,,TO,2022,55.78,migracao,2026-09-13,migracao,
ibc,,TO,2023,56.02,migracao,2026-09-13,migracao,
ibc,,TO,2024,52.26,migracao,2026-09-13,migracao,
ibc,,TO,2025,53.92,migracao,2026-09-13,migracao,
idebAnosFinais,,AC,2005,3.5,migracao,2026-09-13,migracao,
idebAnosFinais,,AC,2007,3.8,migracao,2026-09-13,migracao,
idebAnosFinais,,AC,2009,4.1,migracao,2026-09-13,migracao,
idebAnosFinais,,AC,2011,4.2,migracao,2026-09-13,migracao,
idebAnosFinais,,AC,2013,4.4,migracao,2026-09-13,migracao,
idebAnosFinais,,AC,2015,4.5,migracao,2026-09-13,migracao,
idebAnosFinais,,AC,2017,4.7,migracao,2026-09-13,migracao,
idebAnosFinais,,AC,2019,4.9,migracao,2026-09-13,migracao,
idebAnosFinais,,AC,2021,4.8,migracao,2026-09-13,migracao,
idebAnosFinais,,AC,2023,4.8,migracao,2026-09-13,migracao,
idebAnosFinais,,AC,2025,4.9,migracao,2026-09-13,migracao,
idebAnosFinais,,AM,2005,2.7,migracao,2026-09-13,migracao,
idebAnosFinais,,AM,2007,3.3,migracao,2026-09-13,migracao,
idebAnosFinais,,AM,2009,3.5,migracao,2026-09-13,migracao,
idebAnosFinais,,AM,2011,3.8,migracao,2026-09-13,migracao,
idebAnosFinais,,AM,2013,3.9,migracao,2026-09-13,migracao,
idebAnosFinais,,AM,2015,4.4,migracao,2026-09-13,migracao,
idebAnosFinais,,AM,2017,4.5,migracao,2026-09-13,migracao,
idebAnosFinais,,AM,2019,4.6,migracao,2026-09-13,migracao,
idebAnosFinais,,AM,2021,4.7,migracao,2026-09-13,migracao,
idebAnosFinais,,AM,2023,4.8,migracao,2026-09-13,migracao,
idebAnosFinais,,AM,2025,4.9,migracao,2026-09-13,migracao,
idebAnosFinais,,AP,2005,3.5,migracao,2026-09-13,migracao,
idebAnosFinais,,AP,2007,3.5,migracao,2026-09-13,migracao,
idebAnosFinais,,AP,2009,3.6,migracao,2026-09-13,migracao,
idebAnosFinais,,AP,2011,3.7,migracao,2026-09-13,migracao,
idebAnosFinais,,AP,2013,3.6,migracao,2026-09-13,migracao,
idebAnosFinais,,AP,2015,3.7,migracao,2026-09-13,migracao,
idebAnosFinais,,AP,2017,3.8,migracao,2026-09-13,migracao,
idebAnosFinais,,AP,2019,4,migracao,2026-09-13,migracao,
idebAnosFinais,,AP,2021,4.1,migracao,2026-09-13,migracao,
idebAnosFinais,,AP,2023,4.3,migracao,2026-09-13,migracao,
idebAnosFinais,,AP,2025,4.6,migracao,2026-09-13,migracao,
idebAnosFinais,,MA,2005,3,migracao,2026-09-13,migracao,
idebAnosFinais,,MA,2007,3.3,migracao,2026-09-13,migracao,
idebAnosFinais,,MA,2009,3.6,migracao,2026-09-13,migracao,
idebAnosFinais,,MA,2011,3.6,migracao,2026-09-13,migracao,
idebAnosFinais,,MA,2013,3.6,migracao,2026-09-13,migracao,
idebAnosFinais,,MA,2015,3.8,migracao,2026-09-13,migracao,
idebAnosFinais,,MA,2017,3.9,migracao,2026-09-13,migracao,
idebAnosFinais,,MA,2019,4.2,migracao,2026-09-13,migracao,
idebAnosFinais,,MA,2021,4.3,migracao,2026-09-13,migracao,
idebAnosFinais,,MA,2023,4.5,migracao,2026-09-13,migracao,
idebAnosFinais,,MA,2025,4.7,migracao,2026-09-13,migracao,
idebAnosFinais,,MT,2005,3.1,migracao,2026-09-13,migracao,
idebAnosFinais,,MT,2007,3.8,migracao,2026-09-13,migracao,
idebAnosFinais,,MT,2009,4.3,migracao,2026-09-13,migracao,
idebAnosFinais,,MT,2011,4.5,migracao,2026-09-13,migracao,
idebAnosFinais,,MT,2013,4.4,migracao,2026-09-13,migracao,
idebAnosFinais,,MT,2015,4.6,migracao,2026-09-13,migracao,
idebAnosFinais,,MT,2017,4.9,migracao,2026-09-13,migracao,
idebAnosFinais,,MT,2019,4.8,migracao,2026-09-13,migracao,
idebAnosFinais,,MT,2021,4.9,migracao,2026-09-13,migracao,
idebAnosFinais,,MT,2023,4.9,migracao,2026-09-13,migracao,
idebAnosFinais,,MT,2025,5.1,migracao,2026-09-13,migracao,
idebAnosFinais,,PA,2005,3.3,migracao,2026-09-13,migracao,
idebAnosFinais,,PA,2007,3.3,migracao,2026-09-13,migracao,
idebAnosFinais,,PA,2009,3.4,migracao,2026-09-13,migracao,
idebAnosFinais,,PA,2011,3.7,migracao,2026-09-13,migracao,
idebAnosFinais,,PA,2013,3.6,migracao,2026-09-13,migracao,
idebAnosFinais,,PA,2015,3.8,migracao,2026-09-13,migracao,
idebAnosFinais,,PA,2017,3.8,migracao,2026-09-13,migracao,
idebAnosFinais,,PA,2019,4.1,migracao,2026-09-13,migracao,
idebAnosFinais,,PA,2021,4.4,migracao,2026-09-13,migracao,
idebAnosFinais,,PA,2023,4.4,migracao,2026-09-13,migracao,
idebAnosFinais,,PA,2025,4.8,migracao,2026-09-13,migracao,
idebAnosFinais,,RO,2005,3.4,migracao,2026-09-13,migracao,
idebAnosFinais,,RO,2007,3.4,migracao,2026-09-13,migracao,
idebAnosFinais,,RO,2009,3.5,migracao,2026-09-13,migracao,
idebAnosFinais,,RO,2011,3.7,migracao,2026-09-13,migracao,
idebAnosFinais,,RO,2013,3.9,migracao,2026-09-13,migracao,
idebAnosFinais,,RO,2015,4.2,migracao,2026-09-13,migracao,
idebAnosFinais,,RO,2017,4.9,migracao,2026-09-13,migracao,
idebAnosFinais,,RO,2019,4.9,migracao,2026-09-13,migracao,
idebAnosFinais,,RO,2021,4.9,migracao,2026-09-13,migracao,
idebAnosFinais,,RO,2023,4.8,migracao,2026-09-13,migracao,
idebAnosFinais,,RO,2025,4.8,migracao,2026-09-13,migracao,
idebAnosFinais,,RR,2005,3.4,migracao,2026-09-13,migracao,
idebAnosFinais,,RR,2007,3.7,migracao,2026-09-13,migracao,
idebAnosFinais,,RR,2009,3.7,migracao,2026-09-13,migracao,
idebAnosFinais,,RR,2011,3.7,migracao,2026-09-13,migracao,
idebAnosFinais,,RR,2013,3.7,migracao,2026-09-13,migracao,
idebAnosFinais,,RR,2015,3.8,migracao,2026-09-13,migracao,
idebAnosFinais,,RR,2017,4.1,migracao,2026-09-13,migracao,
idebAnosFinais,,RR,2019,4.3,migracao,2026-09-13,migracao,
idebAnosFinais,,RR,2021,4.7,migracao,2026-09-13,migracao,
idebAnosFinais,,RR,2023,4.3,migracao,2026-09-13,migracao,
idebAnosFinais,,RR,2025,4.4,migracao,2026-09-13,migracao,
idebAnosFinais,,TO,2005,3.4,migracao,2026-09-13,migracao,
idebAnosFinais,,TO,2007,3.7,migracao,2026-09-13,migracao,
idebAnosFinais,,TO,2009,3.9,migracao,2026-09-13,migracao,
idebAnosFinais,,TO,2011,4.1,migracao,2026-09-13,migracao,
idebAnosFinais,,TO,2013,3.9,migracao,2026-09-13,migracao,
idebAnosFinais,,TO,2015,4.1,migracao,2026-09-13,migracao,
idebAnosFinais,,TO,2017,4.6,migracao,2026-09-13,migracao,
idebAnosFinais,,TO,2019,4.7,migracao,2026-09-13,migracao,
idebAnosFinais,,TO,2021,4.9,migracao,2026-09-13,migracao,
idebAnosFinais,,TO,2023,4.9,migracao,2026-09-13,migracao,
idebAnosFinais,,TO,2025,4.9,migracao,2026-09-13,migracao,
idebAnosIniciais,,AC,2005,3.4,migracao,2026-09-13,migracao,
idebAnosIniciais,,AC,2007,3.8,migracao,2026-09-13,migracao,
idebAnosIniciais,,AC,2009,4.3,migracao,2026-09-13,migracao,
idebAnosIniciais,,AC,2011,4.6,migracao,2026-09-13,migracao,
idebAnosIniciais,,AC,2013,5.1,migracao,2026-09-13,migracao,
idebAnosIniciais,,AC,2015,5.4,migracao,2026-09-13,migracao,
idebAnosIniciais,,AC,2017,5.8,migracao,2026-09-13,migracao,
idebAnosIniciais,,AC,2019,5.9,migracao,2026-09-13,migracao,
idebAnosIniciais,,AC,2021,5.5,migracao,2026-09-13,migracao,
idebAnosIniciais,,AC,2023,5.8,migracao,2026-09-13,migracao,
idebAnosIniciais,,AC,2025,6.3,migracao,2026-09-13,migracao,
idebAnosIniciais,,AM,2005,3.1,migracao,2026-09-13,migracao,
idebAnosIniciais,,AM,2007,3.6,migracao,2026-09-13,migracao,
idebAnosIniciais,,AM,2009,3.9,migracao,2026-09-13,migracao,
idebAnosIniciais,,AM,2011,4.3,migracao,2026-09-13,migracao,
idebAnosIniciais,,AM,2013,4.7,migracao,2026-09-13,migracao,
idebAnosIniciais,,AM,2015,5.2,migracao,2026-09-13,migracao,
idebAnosIniciais,,AM,2017,5.4,migracao,2026-09-13,migracao,
idebAnosIniciais,,AM,2019,5.5,migracao,2026-09-13,migracao,
idebAnosIniciais,,AM,2021,5.4,migracao,2026-09-13,migracao,
idebAnosIniciais,,AM,2023,5.7,migracao,2026-09-13,migracao,
idebAnosIniciais,,AM,2025,6,migracao,2026-09-13,migracao,
idebAnosIniciais,,AP,2005,3.2,migracao,2026-09-13,migracao,
idebAnosIniciais,,AP,2007,3.4,migracao,2026-09-13,migracao,
idebAnosIniciais,,AP,2009,3.8,migracao,2026-09-13,migracao,
idebAnosIniciais,,AP,2011,4.1,migracao,2026-09-13,migracao,
idebAnosIniciais,,AP,2013,4,migracao,2026-09-13,migracao,
idebAnosIniciais,,AP,2015,4.5,migracao,2026-09-13,migracao,
idebAnosIniciais,,AP,2017,4.6,migracao,2026-09-13,migracao,
idebAnosIniciais,,AP,2019,4.9,migracao,2026-09-13,migracao,
idebAnosIniciais,,AP,2021,4.9,migracao,2026-09-13,migracao,
idebAnosIniciais,,AP,2023,5,migracao,2026-09-13,migracao,
idebAnosIniciais,,AP,2025,5.5,migracao,2026-09-13,migracao,
idebAnosIniciais,,MA,2005,2.9,migracao,2026-09-13,migracao,
idebAnosIniciais,,MA,2007,3.7,migracao,2026-09-13,migracao,
idebAnosIniciais,,MA,2009,3.9,migracao,2026-09-13,migracao,
idebAnosIniciais,,MA,2011,4.1,migracao,2026-09-13,migracao,
idebAnosIniciais,,MA,2013,4.1,migracao,2026-09-13,migracao,
idebAnosIniciais,,MA,2015,4.6,migracao,2026-09-13,migracao,
idebAnosIniciais,,MA,2017,4.8,migracao,2026-09-13,migracao,
idebAnosIniciais,,MA,2019,5,migracao,2026-09-13,migracao,
idebAnosIniciais,,MA,2021,5,migracao,2026-09-13,migracao,
idebAnosIniciais,,MA,2023,5.4,migracao,2026-09-13,migracao,
idebAnosIniciais,,MA,2025,5.7,migracao,2026-09-13,migracao,
idebAnosIniciais,,MT,2005,3.6,migracao,2026-09-13,migracao,
idebAnosIniciais,,MT,2007,4.4,migracao,2026-09-13,migracao,
idebAnosIniciais,,MT,2009,4.9,migracao,2026-09-13,migracao,
idebAnosIniciais,,MT,2011,5.1,migracao,2026-09-13,migracao,
idebAnosIniciais,,MT,2013,5.3,migracao,2026-09-13,migracao,
idebAnosIniciais,,MT,2015,5.7,migracao,2026-09-13,migracao,
idebAnosIniciais,,MT,2017,5.9,migracao,2026-09-13,migracao,
idebAnosIniciais,,MT,2019,5.9,migracao,2026-09-13,migracao,
idebAnosIniciais,,MT,2021,5.8,migracao,2026-09-13,migracao,
idebAnosIniciais,,MT,2023,6,migracao,2026-09-13,migracao,
idebAnosIniciais,,MT,2025,6.3,migracao,2026-09-13,migracao,
idebAnosIniciais,,PA,2005,2.8,migracao,2026-09-13,migracao,
idebAnosIniciais,,PA,2007,3.1,migracao,2026-09-13,migracao,
idebAnosIniciais,,PA,2009,3.6,migracao,2026-09-13,migracao,
idebAnosIniciais,,PA,2011,4.2,migracao,2026-09-13,migracao,
idebAnosIniciais,,PA,2013,4,migracao,2026-09-13,migracao,
idebAnosIniciais,,PA,2015,4.5,migracao,2026-09-13,migracao,
idebAnosIniciais,,PA,2017,4.7,migracao,2026-09-13,migracao,
idebAnosIniciais,,PA,2019,4.9,migracao,2026-09-13,migracao,
idebAnosIniciais,,PA,2021,4.9,migracao,2026-09-13,migracao,
idebAnosIniciais,,PA,2023,5.1,migracao,2026-09-13,migracao,
idebAnosIniciais,,PA,2025,5.6,migracao,2026-09-13,migracao,
idebAnosIniciais,,RO,2005,3.6,migracao,2026-09-13,migracao,
idebAnosIniciais,,RO,2007,4,migracao,2026-09-13,migracao,
idebAnosIniciais,,RO,2009,4.3,migracao,2026-09-13,migracao,
idebAnosIniciais,,RO,2011,4.7,migracao,2026-09-13,migracao,
idebAnosIniciais,,RO,2013,5.2,migracao,2026-09-13,migracao,
idebAnosIniciais,,RO,2015,5.4,migracao,2026-09-13,migracao,
idebAnosIniciais,,RO,2017,5.8,migracao,2026-09-13,migracao,
idebAnosIniciais,,RO,2019,5.6,migracao,2026-09-13,migracao,
idebAnosIniciais,,RO,2021,5.4,migracao,2026-09-13,migracao,
idebAnosIniciais,,RO,2023,5.6,migracao,2026-09-13,migracao,
idebAnosIniciais,,RO,2025,6.1,migracao,2026-09-13,migracao,
idebAnosIniciais,,RR,2005,3.7,migracao,2026-09-13,migracao,
idebAnosIniciais,,RR,2007,4.1,migracao,2026-09-13,migracao,
idebAnosIniciais,,RR,2009,4.3,migracao,2026-09-13,migracao,
idebAnosIniciais,,RR,2011,4.7,migracao,2026-09-13,migracao,
idebAnosIniciais,,RR,2013,5,migracao,2026-09-13,migracao,
idebAnosIniciais,,RR,2015,5.2,migracao,2026-09-13,migracao,
idebAnosIniciais,,RR,2017,5.5,migracao,2026-09-13,migracao,
idebAnosIniciais,,RR,2019,5.7,migracao,2026-09-13,migracao,
idebAnosIniciais,,RR,2021,5.5,migracao,2026-09-13,migracao,
idebAnosIniciais,,RR,2023,5.5,migracao,2026-09-13,migracao,
idebAnosIniciais,,RR,2025,5.9,migracao,2026-09-13,migracao,
idebAnosIniciais,,TO,2005,3.5,migracao,2026-09-13,migracao,
idebAnosIniciais,,TO,2007,4.1,migracao,2026-09-13,migracao,
idebAnosIniciais,,TO,2009,4.5,migracao,2026-09-13,migracao,
idebAnosIniciais,,TO,2011,4.9,migracao,2026-09-13,migracao,
idebAnosIniciais,,TO,2013,5.1,migracao,2026-09-13,migracao,
idebAnosIniciais,,TO,2015,5.1,migracao,2026-09-13,migracao,
idebAnosIniciais,,TO,2017,5.6,migracao,2026-09-13,migracao,
idebAnosIniciais,,TO,2019,5.6,migracao,2026-09-13,migracao,
idebAnosIniciais,,TO,2021,5.3,migracao,2026-09-13,migracao,
idebAnosIniciais,,TO,2023,5.6,migracao,2026-09-13,migracao,
idebAnosIniciais,,TO,2025,5.9,migracao,2026-09-13,migracao,
idebEnsinoMedio,,AC,2005,3.2,migracao,2026-09-13,migracao,
idebEnsinoMedio,,AC,2007,3.5,migracao,2026-09-13,migracao,
idebEnsinoMedio,,AC,2009,3.5,migracao,2026-09-13,migracao,
idebEnsinoMedio,,AC,2011,3.4,migracao,2026-09-13,migracao,
idebEnsinoMedio,,AC,2013,3.4,migracao,2026-09-13,migracao,
idebEnsinoMedio,,AC,2015,3.6,migracao,2026-09-13,migracao,
idebEnsinoMedio,,AC,2017,3.8,migracao,2026-09-13,migracao,
idebEnsinoMedio,,AC,2019,3.9,migracao,2026-09-13,migracao,
idebEnsinoMedio,,AC,2021,4,migracao,2026-09-13,migracao,
idebEnsinoMedio,,AC,2023,4,migracao,2026-09-13,migracao,
idebEnsinoMedio,,AC,2025,4.2,migracao,2026-09-13,migracao,
idebEnsinoMedio,,AM,2005,2.4,migracao,2026-09-13,migracao,
idebEnsinoMedio,,AM,2007,2.9,migracao,2026-09-13,migracao,
idebEnsinoMedio,,AM,2009,3.3,migracao,2026-09-13,migracao,
idebEnsinoMedio,,AM,2011,3.5,migracao,2026-09-13,migracao,
idebEnsinoMedio,,AM,2013,3.2,migracao,2026-09-13,migracao,
idebEnsinoMedio,,AM,2015,3.7,migracao,2026-09-13,migracao,
idebEnsinoMedio,,AM,2017,3.5,migracao,2026-09-13,migracao,
idebEnsinoMedio,,AM,2019,3.6,migracao,2026-09-13,migracao,
idebEnsinoMedio,,AM,2021,3.7,migracao,2026-09-13,migracao,
idebEnsinoMedio,,AM,2023,3.8,migracao,2026-09-13,migracao,
idebEnsinoMedio,,AM,2025,3.8,migracao,2026-09-13,migracao,
idebEnsinoMedio,,AP,2005,2.9,migracao,2026-09-13,migracao,
idebEnsinoMedio,,AP,2007,2.8,migracao,2026-09-13,migracao,
idebEnsinoMedio,,AP,2009,3.1,migracao,2026-09-13,migracao,
idebEnsinoMedio,,AP,2011,3.1,migracao,2026-09-13,migracao,
idebEnsinoMedio,,AP,2013,3,migracao,2026-09-13,migracao,
idebEnsinoMedio,,AP,2015,3.3,migracao,2026-09-13,migracao,
idebEnsinoMedio,,AP,2017,3.2,migracao,2026-09-13,migracao,
idebEnsinoMedio,,AP,2019,3.4,migracao,2026-09-13,migracao,
idebEnsinoMedio,,AP,2021,3.3,migracao,2026-09-13,migracao,
idebEnsinoMedio,,AP,2023,3.8,migracao,2026-09-13,migracao,
idebEnsinoMedio,,AP,2025,4,migracao,2026-09-13,migracao,
idebEnsinoMedio,,MA,2005,2.7,migracao,2026-09-13,migracao,
idebEnsinoMedio,,MA,2007,3,migracao,2026-09-13,migracao,
idebEnsinoMedio,,MA,2009,3.2,migracao,2026-09-13,migracao,
idebEnsinoMedio,,MA,2011,3.1,migracao,2026-09-13,migracao,
idebEnsinoMedio,,MA,2013,3,migracao,2026-09-13,migracao,
idebEnsinoMedio,,MA,2015,3.3,migracao,2026-09-13,migracao,
idebEnsinoMedio,,MA,2017,3.5,migracao,2026-09-13,migracao,
idebEnsinoMedio,,MA,2019,3.8,migracao,2026-09-13,migracao,
idebEnsinoMedio,,MA,2021,3.6,migracao,2026-09-13,migracao,
idebEnsinoMedio,,MA,2023,3.8,migracao,2026-09-13,migracao,
idebEnsinoMedio,,MA,2025,3.9,migracao,2026-09-13,migracao,
idebEnsinoMedio,,MT,2005,3.1,migracao,2026-09-13,migracao,
idebEnsinoMedio,,MT,2007,3.2,migracao,2026-09-13,migracao,
idebEnsinoMedio,,MT,2009,3.2,migracao,2026-09-13,migracao,
idebEnsinoMedio,,MT,2011,3.3,migracao,2026-09-13,migracao,
idebEnsinoMedio,,MT,2013,3,migracao,2026-09-13,migracao,
idebEnsinoMedio,,MT,2015,3.2,migracao,2026-09-13,migracao,
idebEnsinoMedio,,MT,2017,3.5,migracao,2026-09-13,migracao,
idebEnsinoMedio,,MT,2019,3.6,migracao,2026-09-13,migracao,
idebEnsinoMedio,,MT,2021,3.8,migracao,2026-09-13,migracao,
idebEnsinoMedio,,MT,2023,4.4,migracao,2026-09-13,migracao,
idebEnsinoMedio,,MT,2025,4.4,migracao,2026-09-13,migracao,
idebEnsinoMedio,,PA,2005,2.8,migracao,2026-09-13,migracao,
idebEnsinoMedio,,PA,2007,2.7,migracao,2026-09-13,migracao,
idebEnsinoMedio,,PA,2009,3.1,migracao,2026-09-13,migracao,
idebEnsinoMedio,,PA,2011,2.8,migracao,2026-09-13,migracao,
idebEnsinoMedio,,PA,2013,2.9,migracao,2026-09-13,migracao,
idebEnsinoMedio,,PA,2015,3.1,migracao,2026-09-13,migracao,
idebEnsinoMedio,,PA,2017,3.1,migracao,2026-09-13,migracao,
idebEnsinoMedio,,PA,2019,3.4,migracao,2026-09-13,migracao,
idebEnsinoMedio,,PA,2021,3.2,migracao,2026-09-13,migracao,
idebEnsinoMedio,,PA,2023,4.4,migracao,2026-09-13,migracao,
idebEnsinoMedio,,PA,2025,4.6,migracao,2026-09-13,migracao,
idebEnsinoMedio,,RO,2005,3.2,migracao,2026-09-13,migracao,
idebEnsinoMedio,,RO,2007,3.2,migracao,2026-09-13,migracao,
idebEnsinoMedio,,RO,2009,3.7,migracao,2026-09-13,migracao,
idebEnsinoMedio,,RO,2011,3.7,migracao,2026-09-13,migracao,
idebEnsinoMedio,,RO,2013,3.6,migracao,2026-09-13,migracao,
idebEnsinoMedio,,RO,2015,3.6,migracao,2026-09-13,migracao,
idebEnsinoMedio,,RO,2017,4,migracao,2026-09-13,migracao,
idebEnsinoMedio,,RO,2019,4.3,migracao,2026-09-13,migracao,
idebEnsinoMedio,,RO,2021,4.1,migracao,2026-09-13,migracao,
idebEnsinoMedio,,RO,2023,4.2,migracao,2026-09-13,migracao,
idebEnsinoMedio,,RO,2025,4.2,migracao,2026-09-13,migracao,
idebEnsinoMedio,,RR,2005,3.5,migracao,2026-09-13,migracao,
idebEnsinoMedio,,RR,2007,3.5,migracao,2026-09-13,migracao,
idebEnsinoMedio,,RR,2009,3.4,migracao,2026-09-13,migracao,
idebEnsinoMedio,,RR,2011,3.6,migracao,2026-09-13,migracao,
idebEnsinoMedio,,RR,2013,3.4,migracao,2026-09-13,migracao,
idebEnsinoMedio,,RR,2015,3.6,migracao,2026-09-13,migracao,
idebEnsinoMedio,,RR,2017,3.5,migracao,2026-09-13,migracao,
idebEnsinoMedio,,RR,2019,3.9,migracao,2026-09-13,migracao,
idebEnsinoMedio,,RR,2021,3.9,migracao,2026-09-13,migracao,
idebEnsinoMedio,,RR,2023,3.5,migracao,2026-09-13,migracao,
idebEnsinoMedio,,RR,2025,3.8,migracao,2026-09-13,migracao,
idebEnsinoMedio,,TO,2005,3.1,migracao,2026-09-13,migracao,
idebEnsinoMedio,,TO,2007,3.2,migracao,2026-09-13,migracao,
idebEnsinoMedio,,TO,2009,3.4,migracao,2026-09-13,migracao,
idebEnsinoMedio,,TO,2011,3.6,migracao,2026-09-13,migracao,
idebEnsinoMedio,,TO,2013,3.3,migracao,2026-09-13,migracao,
idebEnsinoMedio,,TO,2015,3.4,migracao,2026-09-13,migracao,
idebEnsinoMedio,,TO,2017,3.8,migracao,2026-09-13,migracao,
idebEnsinoMedio,,TO,2019,4,migracao,2026-09-13,migracao,
idebEnsinoMedio,,TO,2021,4.2,migracao,2026-09-13,migracao,
idebEnsinoMedio,,TO,2023,4.2,migracao,2026-09-13,migracao,
idebEnsinoMedio,,TO,2025,4.3,migracao,2026-09-13,migracao,
isgr,,AC,,49.33,migracao,2026-09-13,migracao,
isgr,,AM,,50.44,migracao,2026-09-13,migracao,
isgr,,AP,,48.61,migracao,2026-09-13,migracao,
isgr,,MA,,41.31,migracao,2026-09-13,migracao,
isgr,,MT,,56.67,migracao,2026-09-13,migracao,
isgr,,PA,,45.47,migracao,2026-09-13,migracao,
isgr,,RO,,38.83,migracao,2026-09-13,migracao,
isgr,,RR,,68.97,migracao,2026-09-13,migracao,
isgr,,TO,,48.45,migracao,2026-09-13,migracao,
pdPctPib,,AC,2002,0.0236,migracao,2026-09-13,migracao,
pdPctPib,,AC,2003,0.0207,migracao,2026-09-13,migracao,
pdPctPib,,AC,2004,0.0264,migracao,2026-09-13,migracao,
pdPctPib,,AC,2005,0.0651,migracao,2026-09-13,migracao,
pdPctPib,,AC,2006,0.0729,migracao,2026-09-13,migracao,
pdPctPib,,AC,2007,0.0421,migracao,2026-09-13,migracao,
pdPctPib,,AC,2008,0.0437,migracao,2026-09-13,migracao,
pdPctPib,,AC,2009,0.0486,migracao,2026-09-13,migracao,
pdPctPib,,AC,2010,0.0432,migracao,2026-09-13,migracao,
pdPctPib,,AC,2011,0.0358,migracao,2026-09-13,migracao,
pdPctPib,,AC,2012,0.0178,migracao,2026-09-13,migracao,
pdPctPib,,AC,2013,0.0375,migracao,2026-09-13,migracao,
pdPctPib,,AC,2014,0.0208,migracao,2026-09-13,migracao,
pdPctPib,,AC,2015,0.0147,migracao,2026-09-13,migracao,
pdPctPib,,AC,2016,0.0109,migracao,2026-09-13,migracao,
pdPctPib,,AC,2017,0.0105,migracao,2026-09-13,migracao,
pdPctPib,,AC,2018,0.0046,migracao,2026-09-13,migracao,
pdPctPib,,AC,2019,0.0026,migracao,2026-09-13,migracao,
pdPctPib,,AC,2020,0,migracao,2026-09-13,migracao,
pdPctPib,,AC,2022,0.0558,migracao,2026-09-13,migracao,
pdPctPib,,AM,2002,0.0014,migracao,2026-09-13,migracao,
pdPctPib,,AM,2003,0.0182,migracao,2026-09-13,migracao,
pdPctPib,,AM,2004,0.0183,migracao,2026-09-13,migracao,
pdPctPib,,AM,2005,0.0862,migracao,2026-09-13,migracao,
pdPctPib,,AM,2006,0.1252,migracao,2026-09-13,migracao,
pdPctPib,,AM,2007,0.0913,migracao,2026-09-13,migracao,
pdPctPib,,AM,2008,0.1062,migracao,2026-09-13,migracao,
pdPctPib,,AM,2009,0.0815,migracao,2026-09-13,migracao,
pdPctPib,,AM,2010,0.0747,migracao,2026-09-13,migracao,
pdPctPib,,AM,2011,0.0738,migracao,2026-09-13,migracao,
pdPctPib,,AM,2012,0.0857,migracao,2026-09-13,migracao,
pdPctPib,,AM,2013,0.0866,migracao,2026-09-13,migracao,
pdPctPib,,AM,2014,0.1079,migracao,2026-09-13,migracao,
pdPctPib,,AM,2015,0.1175,migracao,2026-09-13,migracao,
pdPctPib,,AM,2016,0.1101,migracao,2026-09-13,migracao,
pdPctPib,,AM,2017,0.0827,migracao,2026-09-13,migracao,
pdPctPib,,AM,2018,0.1235,migracao,2026-09-13,migracao,
pdPctPib,,AM,2019,0.1076,migracao,2026-09-13,migracao,
pdPctPib,,AM,2020,0.1046,migracao,2026-09-13,migracao,
pdPctPib,,AM,2021,0.1144,migracao,2026-09-13,migracao,
pdPctPib,,AM,2022,0.1391,migracao,2026-09-13,migracao,
pdPctPib,,AM,2023,0.1329,migracao,2026-09-13,migracao,
pdPctPib,,AP,2002,0.167,migracao,2026-09-13,migracao,
pdPctPib,,AP,2003,0.0527,migracao,2026-09-13,migracao,
pdPctPib,,AP,2004,0.0314,migracao,2026-09-13,migracao,
pdPctPib,,AP,2005,0.0348,migracao,2026-09-13,migracao,
pdPctPib,,AP,2006,0.0398,migracao,2026-09-13,migracao,
pdPctPib,,AP,2007,0.0299,migracao,2026-09-13,migracao,
pdPctPib,,AP,2008,0.0619,migracao,2026-09-13,migracao,
pdPctPib,,AP,2009,0.0587,migracao,2026-09-13,migracao,
pdPctPib,,AP,2010,0.0534,migracao,2026-09-13,migracao,
pdPctPib,,AP,2011,0.0191,migracao,2026-09-13,migracao,
pdPctPib,,AP,2012,0.0126,migracao,2026-09-13,migracao,
pdPctPib,,AP,2013,0.0165,migracao,2026-09-13,migracao,
pdPctPib,,AP,2014,0.0052,migracao,2026-09-13,migracao,
pdPctPib,,AP,2015,0.0216,migracao,2026-09-13,migracao,
pdPctPib,,AP,2016,0.023,migracao,2026-09-13,migracao,
pdPctPib,,AP,2017,0.0168,migracao,2026-09-13,migracao,
pdPctPib,,AP,2018,0.0244,migracao,2026-09-13,migracao,
pdPctPib,,AP,2019,0.0223,migracao,2026-09-13,migracao,
pdPctPib,,AP,2020,0.0179,migracao,2026-09-13,migracao,
pdPctPib,,AP,2021,0.0323,migracao,2026-09-13,migracao,
pdPctPib,,AP,2022,0.0601,migracao,2026-09-13,migracao,
pdPctPib,,AP,2023,0.0199,migracao,2026-09-13,migracao,
pdPctPib,,MA,2002,0.0465,migracao,2026-09-13,migracao,
pdPctPib,,MA,2003,0.0954,migracao,2026-09-13,migracao,
pdPctPib,,MA,2004,0.0009,migracao,2026-09-13,migracao,
pdPctPib,,MA,2005,0.0239,migracao,2026-09-13,migracao,
pdPctPib,,MA,2006,0.0232,migracao,2026-09-13,migracao,
pdPctPib,,MA,2007,0.0251,migracao,2026-09-13,migracao,
pdPctPib,,MA,2008,0.0335,migracao,2026-09-13,migracao,
pdPctPib,,MA,2009,0.0332,migracao,2026-09-13,migracao,
pdPctPib,,MA,2010,0.0356,migracao,2026-09-13,migracao,
pdPctPib,,MA,2011,0.0313,migracao,2026-09-13,migracao,
pdPctPib,,MA,2012,0.0422,migracao,2026-09-13,migracao,
pdPctPib,,MA,2013,0.0581,migracao,2026-09-13,migracao,
pdPctPib,,MA,2014,0.0733,migracao,2026-09-13,migracao,
pdPctPib,,MA,2015,0.0605,migracao,2026-09-13,migracao,
pdPctPib,,MA,2016,0.0844,migracao,2026-09-13,migracao,
pdPctPib,,MA,2017,0.0683,migracao,2026-09-13,migracao,
pdPctPib,,MA,2018,0.0798,migracao,2026-09-13,migracao,
pdPctPib,,MA,2019,0.0675,migracao,2026-09-13,migracao,
pdPctPib,,MA,2020,0.0779,migracao,2026-09-13,migracao,
pdPctPib,,MA,2021,0.0595,migracao,2026-09-13,migracao,
pdPctPib,,MA,2022,0.0795,migracao,2026-09-13,migracao,
pdPctPib,,MA,2023,0.0916,migracao,2026-09-13,migracao,
pdPctPib,,MT,2002,0,migracao,2026-09-13,migracao,
pdPctPib,,MT,2003,0.0052,migracao,2026-09-13,migracao,
pdPctPib,,MT,2004,0.0314,migracao,2026-09-13,migracao,
pdPctPib,,MT,2005,0.0321,migracao,2026-09-13,migracao,
pdPctPib,,MT,2006,0.0414,migracao,2026-09-13,migracao,
pdPctPib,,MT,2007,0.0284,migracao,2026-09-13,migracao,
pdPctPib,,MT,2008,0.0309,migracao,2026-09-13,migracao,
pdPctPib,,MT,2009,0.0419,migracao,2026-09-13,migracao,
pdPctPib,,MT,2010,0.0597,migracao,2026-09-13,migracao,
pdPctPib,,MT,2011,0.046,migracao,2026-09-13,migracao,
pdPctPib,,MT,2012,0.0274,migracao,2026-09-13,migracao,
pdPctPib,,MT,2013,0.0355,migracao,2026-09-13,migracao,
pdPctPib,,MT,2014,0.0284,migracao,2026-09-13,migracao,
pdPctPib,,MT,2015,0.0511,migracao,2026-09-13,migracao,
pdPctPib,,MT,2016,0.0572,migracao,2026-09-13,migracao,
pdPctPib,,MT,2017,0.0676,migracao,2026-09-13,migracao,
pdPctPib,,MT,2018,0.0595,migracao,2026-09-13,migracao,
pdPctPib,,MT,2019,0.0604,migracao,2026-09-13,migracao,
pdPctPib,,MT,2020,0.0382,migracao,2026-09-13,migracao,
pdPctPib,,MT,2021,0.0483,migracao,2026-09-13,migracao,
pdPctPib,,MT,2022,0.0538,migracao,2026-09-13,migracao,
pdPctPib,,MT,2023,0.0442,migracao,2026-09-13,migracao,
pdPctPib,,PA,2002,0.0113,migracao,2026-09-13,migracao,
pdPctPib,,PA,2003,0.0139,migracao,2026-09-13,migracao,
pdPctPib,,PA,2004,0.0003,migracao,2026-09-13,migracao,
pdPctPib,,PA,2005,0.0002,migracao,2026-09-13,migracao,
pdPctPib,,PA,2006,0.0039,migracao,2026-09-13,migracao,
pdPctPib,,PA,2007,0.0147,migracao,2026-09-13,migracao,
pdPctPib,,PA,2008,0.0445,migracao,2026-09-13,migracao,
pdPctPib,,PA,2009,0.0248,migracao,2026-09-13,migracao,
pdPctPib,,PA,2010,0.0258,migracao,2026-09-13,migracao,
pdPctPib,,PA,2011,0.0186,migracao,2026-09-13,migracao,
pdPctPib,,PA,2012,0.0634,migracao,2026-09-13,migracao,
pdPctPib,,PA,2013,0.0313,migracao,2026-09-13,migracao,
pdPctPib,,PA,2014,0.0448,migracao,2026-09-13,migracao,
pdPctPib,,PA,2015,0.0277,migracao,2026-09-13,migracao,
pdPctPib,,PA,2016,0.0361,migracao,2026-09-13,migracao,
pdPctPib,,PA,2017,0.034,migracao,2026-09-13,migracao,
pdPctPib,,PA,2018,0.0283,migracao,2026-09-13,migracao,
pdPctPib,,PA,2019,0.0352,migracao,2026-09-13,migracao,
pdPctPib,,PA,2020,0.0307,migracao,2026-09-13,migracao,
pdPctPib,,PA,2021,0.0457,migracao,2026-09-13,migracao,
pdPctPib,,PA,2022,0.0671,migracao,2026-09-13,migracao,
pdPctPib,,PA,2023,0.0663,migracao,2026-09-13,migracao,
pdPctPib,,RO,2008,0.0035,migracao,2026-09-13,migracao,
pdPctPib,,RO,2009,0.0005,migracao,2026-09-13,migracao,
pdPctPib,,RO,2010,0.0013,migracao,2026-09-13,migracao,
pdPctPib,,RO,2011,0.0029,migracao,2026-09-13,migracao,
pdPctPib,,RO,2012,0.0013,migracao,2026-09-13,migracao,
pdPctPib,,RO,2013,0,migracao,2026-09-13,migracao,
pdPctPib,,RO,2014,0.0012,migracao,2026-09-13,migracao,
pdPctPib,,RO,2015,0.0022,migracao,2026-09-13,migracao,
pdPctPib,,RO,2016,0.0061,migracao,2026-09-13,migracao,
pdPctPib,,RO,2017,0.0051,migracao,2026-09-13,migracao,
pdPctPib,,RO,2018,0.008,migracao,2026-09-13,migracao,
pdPctPib,,RO,2019,0.0036,migracao,2026-09-13,migracao,
pdPctPib,,RO,2020,0.0031,migracao,2026-09-13,migracao,
pdPctPib,,RO,2021,0.0084,migracao,2026-09-13,migracao,
pdPctPib,,RO,2022,0.01,migracao,2026-09-13,migracao,
pdPctPib,,RO,2023,0.0129,migracao,2026-09-13,migracao,
pdPctPib,,RR,2002,0.0042,migracao,2026-09-13,migracao,
pdPctPib,,RR,2003,0.0039,migracao,2026-09-13,migracao,
pdPctPib,,RR,2004,0.0035,migracao,2026-09-13,migracao,
pdPctPib,,RR,2005,0.0125,migracao,2026-09-13,migracao,
pdPctPib,,RR,2006,0.0131,migracao,2026-09-13,migracao,
pdPctPib,,RR,2007,0.0595,migracao,2026-09-13,migracao,
pdPctPib,,RR,2008,0.0186,migracao,2026-09-13,migracao,
pdPctPib,,RR,2009,0.0917,migracao,2026-09-13,migracao,
pdPctPib,,RR,2010,0.0271,migracao,2026-09-13,migracao,
pdPctPib,,RR,2011,0.0041,migracao,2026-09-13,migracao,
pdPctPib,,RR,2012,0.0207,migracao,2026-09-13,migracao,
pdPctPib,,RR,2013,0.0311,migracao,2026-09-13,migracao,
pdPctPib,,RR,2014,0.1098,migracao,2026-09-13,migracao,
pdPctPib,,RR,2015,0.082,migracao,2026-09-13,migracao,
pdPctPib,,RR,2016,0.1071,migracao,2026-09-13,migracao,
pdPctPib,,RR,2017,0.1388,migracao,2026-09-13,migracao,
pdPctPib,,RR,2018,0.1189,migracao,2026-09-13,migracao,
pdPctPib,,RR,2019,0.0966,migracao,2026-09-13,migracao,
pdPctPib,,RR,2020,0.0668,migracao,2026-09-13,migracao,
pdPctPib,,RR,2021,0.0758,migracao,2026-09-13,migracao,
pdPctPib,,RR,2022,0.101,migracao,2026-09-13,migracao,
pdPctPib,,RR,2023,0.1196,migracao,2026-09-13,migracao,
pdPctPib,,TO,2002,0,migracao,2026-09-13,migracao,
pdPctPib,,TO,2003,0,migracao,2026-09-13,migracao,
pdPctPib,,TO,2005,0.0195,migracao,2026-09-13,migracao,
pdPctPib,,TO,2006,0.0243,migracao,2026-09-13,migracao,
pdPctPib,,TO,2007,0.0314,migracao,2026-09-13,migracao,
pdPctPib,,TO,2008,0.0231,migracao,2026-09-13,migracao,
pdPctPib,,TO,2009,0.0066,migracao,2026-09-13,migracao,
pdPctPib,,TO,2010,0.0158,migracao,2026-09-13,migracao,
pdPctPib,,TO,2011,0.0251,migracao,2026-09-13,migracao,
pdPctPib,,TO,2012,0.0126,migracao,2026-09-13,migracao,
pdPctPib,,TO,2013,0.024,migracao,2026-09-13,migracao,
pdPctPib,,TO,2014,0.0111,migracao,2026-09-13,migracao,
pdPctPib,,TO,2015,0.0045,migracao,2026-09-13,migracao,
pdPctPib,,TO,2016,0.0051,migracao,2026-09-13,migracao,
pdPctPib,,TO,2017,0.0053,migracao,2026-09-13,migracao,
pdPctPib,,TO,2018,0.0011,migracao,2026-09-13,migracao,
pdPctPib,,TO,2019,0.0048,migracao,2026-09-13,migracao,
pdPctPib,,TO,2020,0.0027,migracao,2026-09-13,migracao,
pdPctPib,,TO,2021,0.0027,migracao,2026-09-13,migracao,
pdPctPib,,TO,2022,0.0098,migracao,2026-09-13,migracao,
pdPctPib,,TO,2023,0.023,migracao,2026-09-13,migracao,
perRenovavel,,AC,,1.55,migracao,2026-09-13,migracao,
perRenovavel,,AM,,11.78,migracao,2026-09-13,migracao,
perRenovavel,,AP,,97.33,migracao,2026-09-13,migracao,
perRenovavel,,MA,,40.73,migracao,2026-09-13,migracao,
perRenovavel,,MT,,86.53,migracao,2026-09-13,migracao,
perRenovavel,,PA,,98.57,migracao,2026-09-13,migracao,
perRenovavel,,RO,,94.98,migracao,2026-09-13,migracao,
perRenovavel,,RR,,17.91,migracao,2026-09-13,migracao,
perRenovavel,,TO,,99.07,migracao,2026-09-13,migracao,
pevsBilhoes,,AC,1994,0.017678,migracao,2026-09-13,migracao,
pevsBilhoes,,AC,1995,0.018054,migracao,2026-09-13,migracao,
pevsBilhoes,,AC,1996,0.012188,migracao,2026-09-13,migracao,
pevsBilhoes,,AC,1997,0.012154,migracao,2026-09-13,migracao,
pevsBilhoes,,AC,1998,0.011325,migracao,2026-09-13,migracao,
pevsBilhoes,,AC,1999,0.016007,migracao,2026-09-13,migracao,
pevsBilhoes,,AC,2000,0.0163,migracao,2026-09-13,migracao,
pevsBilhoes,,AC,2001,0.015483,migracao,2026-09-13,migracao,
pevsBilhoes,,AC,2002,0.019906,migracao,2026-09-13,migracao,
pevsBilhoes,,AC,2003,0.018746,migracao,2026-09-13,migracao,
pevsBilhoes,,AC,2004,0.023338,migracao,2026-09-13,migracao,
pevsBilhoes,,AC,2005,0.037021,migracao,2026-09-13,migracao,
pevsBilhoes,,AC,2006,0.032969,migracao,2026-09-13,migracao,
pevsBilhoes,,AC,2007,0.032963,migracao,2026-09-13,migracao,
pevsBilhoes,,AC,2008,0.026179,migracao,2026-09-13,migracao,
pevsBilhoes,,AC,2009,0.025312,migracao,2026-09-13,migracao,
pevsBilhoes,,AC,2010,0.033173,migracao,2026-09-13,migracao,
pevsBilhoes,,AC,2011,0.109138,migracao,2026-09-13,migracao,
pevsBilhoes,,AC,2012,0.084968,migracao,2026-09-13,migracao,
pevsBilhoes,,AC,2013,0.082237,migracao,2026-09-13,migracao,
pevsBilhoes,,AC,2014,0.073081,migracao,2026-09-13,migracao,
pevsBilhoes,,AC,2015,0.080754,migracao,2026-09-13,migracao,
pevsBilhoes,,AC,2016,0.062878,migracao,2026-09-13,migracao,
pevsBilhoes,,AC,2017,0.057179,migracao,2026-09-13,migracao,
pevsBilhoes,,AC,2018,0.06388,migracao,2026-09-13,migracao,
pevsBilhoes,,AC,2019,0.072568,migracao,2026-09-13,migracao,
pevsBilhoes,,AC,2020,0.059276,migracao,2026-09-13,migracao,
pevsBilhoes,,AC,2021,0.115539,migracao,2026-09-13,migracao,
pevsBilhoes,,AC,2022,0.123132,migracao,2026-09-13,migracao,
pevsBilhoes,,AC,2023,0.113796,migracao,2026-09-13,migracao,
pevsBilhoes,,AC,2024,0.115843,migracao,2026-09-13,migracao,
pevsBilhoes,,AM,1994,0.009465,migracao,2026-09-13,migracao,
pevsBilhoes,,AM,1995,0.010903,migracao,2026-09-13,migracao,
pevsBilhoes,,AM,1996,0.029326,migracao,2026-09-13,migracao,
pevsBilhoes,,AM,1997,0.036481,migracao,2026-09-13,migracao,
pevsBilhoes,,AM,1998,0.045475,migracao,2026-09-13,migracao,
pevsBilhoes,,AM,1999,0.041104,migracao,2026-09-13,migracao,
pevsBilhoes,,AM,2000,0.043105,migracao,2026-09-13,migracao,
pevsBilhoes,,AM,2001,0.090274,migracao,2026-09-13,migracao,
pevsBilhoes,,AM,2002,0.072142,migracao,2026-09-13,migracao,
pevsBilhoes,,AM,2003,0.0596,migracao,2026-09-13,migracao,
pevsBilhoes,,AM,2004,0.061549,migracao,2026-09-13,migracao,
pevsBilhoes,,AM,2005,0.077715,migracao,2026-09-13,migracao,
pevsBilhoes,,AM,2006,0.083188,migracao,2026-09-13,migracao,
pevsBilhoes,,AM,2007,0.090217,migracao,2026-09-13,migracao,
pevsBilhoes,,AM,2008,0.099919,migracao,2026-09-13,migracao,
pevsBilhoes,,AM,2009,0.087397,migracao,2026-09-13,migracao,
pevsBilhoes,,AM,2010,0.072461,migracao,2026-09-13,migracao,
pevsBilhoes,,AM,2011,0.1896,migracao,2026-09-13,migracao,
pevsBilhoes,,AM,2012,0.168152,migracao,2026-09-13,migracao,
pevsBilhoes,,AM,2013,0.22731,migracao,2026-09-13,migracao,
pevsBilhoes,,AM,2014,0.272451,migracao,2026-09-13,migracao,
pevsBilhoes,,AM,2015,0.29813,migracao,2026-09-13,migracao,
pevsBilhoes,,AM,2016,0.326135,migracao,2026-09-13,migracao,
pevsBilhoes,,AM,2017,0.291481,migracao,2026-09-13,migracao,
pevsBilhoes,,AM,2018,0.30293,migracao,2026-09-13,migracao,
pevsBilhoes,,AM,2019,0.290706,migracao,2026-09-13,migracao,
pevsBilhoes,,AM,2020,0.284755,migracao,2026-09-13,migracao,
pevsBilhoes,,AM,2021,0.300814,migracao,2026-09-13,migracao,
pevsBilhoes,,AM,2022,0.343512,migracao,2026-09-13,migracao,
pevsBilhoes,,AM,2023,0.351313,migracao,2026-09-13,migracao,
pevsBilhoes,,AM,2024,0.376141,migracao,2026-09-13,migracao,
pevsBilhoes,,AP,1994,0.014755,migracao,2026-09-13,migracao,
pevsBilhoes,,AP,1995,0.015739,migracao,2026-09-13,migracao,
pevsBilhoes,,AP,1996,0.005776,migracao,2026-09-13,migracao,
pevsBilhoes,,AP,1997,0.004366,migracao,2026-09-13,migracao,
pevsBilhoes,,AP,1998,0.005501,migracao,2026-09-13,migracao,
pevsBilhoes,,AP,1999,0.006215,migracao,2026-09-13,migracao,
pevsBilhoes,,AP,2000,0.005882,migracao,2026-09-13,migracao,
pevsBilhoes,,AP,2001,0.003459,migracao,2026-09-13,migracao,
pevsBilhoes,,AP,2002,0.004218,migracao,2026-09-13,migracao,
pevsBilhoes,,AP,2003,0.004012,migracao,2026-09-13,migracao,
pevsBilhoes,,AP,2004,0.005088,migracao,2026-09-13,migracao,
pevsBilhoes,,AP,2005,0.005355,migracao,2026-09-13,migracao,
pevsBilhoes,,AP,2006,0.00749,migracao,2026-09-13,migracao,
pevsBilhoes,,AP,2007,0.007904,migracao,2026-09-13,migracao,
pevsBilhoes,,AP,2008,0.012173,migracao,2026-09-13,migracao,
pevsBilhoes,,AP,2009,0.012757,migracao,2026-09-13,migracao,
pevsBilhoes,,AP,2010,0.016355,migracao,2026-09-13,migracao,
pevsBilhoes,,AP,2011,0.022169,migracao,2026-09-13,migracao,
pevsBilhoes,,AP,2012,0.028297,migracao,2026-09-13,migracao,
pevsBilhoes,,AP,2013,0.033959,migracao,2026-09-13,migracao,
pevsBilhoes,,AP,2014,0.033915,migracao,2026-09-13,migracao,
pevsBilhoes,,AP,2015,0.039045,migracao,2026-09-13,migracao,
pevsBilhoes,,AP,2016,0.045355,migracao,2026-09-13,migracao,
pevsBilhoes,,AP,2017,0.050667,migracao,2026-09-13,migracao,
pevsBilhoes,,AP,2018,0.056498,migracao,2026-09-13,migracao,
pevsBilhoes,,AP,2019,0.060176,migracao,2026-09-13,migracao,
pevsBilhoes,,AP,2020,0.059349,migracao,2026-09-13,migracao,
pevsBilhoes,,AP,2021,0.062213,migracao,2026-09-13,migracao,
pevsBilhoes,,AP,2022,0.068055,migracao,2026-09-13,migracao,
pevsBilhoes,,AP,2023,0.070542,migracao,2026-09-13,migracao,
pevsBilhoes,,AP,2024,0.079934,migracao,2026-09-13,migracao,
pevsBilhoes,,MA,1994,0.091731,migracao,2026-09-13,migracao,
pevsBilhoes,,MA,1995,0.108426,migracao,2026-09-13,migracao,
pevsBilhoes,,MA,1996,0.088032,migracao,2026-09-13,migracao,
pevsBilhoes,,MA,1997,0.102138,migracao,2026-09-13,migracao,
pevsBilhoes,,MA,1998,0.108501,migracao,2026-09-13,migracao,
pevsBilhoes,,MA,1999,0.127162,migracao,2026-09-13,migracao,
pevsBilhoes,,MA,2000,0.122916,migracao,2026-09-13,migracao,
pevsBilhoes,,MA,2001,0.124599,migracao,2026-09-13,migracao,
pevsBilhoes,,MA,2002,0.176732,migracao,2026-09-13,migracao,
pevsBilhoes,,MA,2003,0.214463,migracao,2026-09-13,migracao,
pevsBilhoes,,MA,2004,0.248616,migracao,2026-09-13,migracao,
pevsBilhoes,,MA,2005,0.287939,migracao,2026-09-13,migracao,
pevsBilhoes,,MA,2006,0.308912,migracao,2026-09-13,migracao,
pevsBilhoes,,MA,2007,0.409631,migracao,2026-09-13,migracao,
pevsBilhoes,,MA,2008,0.392347,migracao,2026-09-13,migracao,
pevsBilhoes,,MA,2009,0.422215,migracao,2026-09-13,migracao,
pevsBilhoes,,MA,2010,0.392795,migracao,2026-09-13,migracao,
pevsBilhoes,,MA,2011,0.406183,migracao,2026-09-13,migracao,
pevsBilhoes,,MA,2012,0.397973,migracao,2026-09-13,migracao,
pevsBilhoes,,MA,2013,0.412006,migracao,2026-09-13,migracao,
pevsBilhoes,,MA,2014,0.390127,migracao,2026-09-13,migracao,
pevsBilhoes,,MA,2015,0.352692,migracao,2026-09-13,migracao,
pevsBilhoes,,MA,2016,0.303074,migracao,2026-09-13,migracao,
pevsBilhoes,,MA,2017,0.2925,migracao,2026-09-13,migracao,
pevsBilhoes,,MA,2018,0.283462,migracao,2026-09-13,migracao,
pevsBilhoes,,MA,2019,0.275112,migracao,2026-09-13,migracao,
pevsBilhoes,,MA,2020,0.269608,migracao,2026-09-13,migracao,
pevsBilhoes,,MA,2021,0.318834,migracao,2026-09-13,migracao,
pevsBilhoes,,MA,2022,0.337451,migracao,2026-09-13,migracao,
pevsBilhoes,,MA,2023,0.300107,migracao,2026-09-13,migracao,
pevsBilhoes,,MA,2024,0.425492,migracao,2026-09-13,migracao,
pevsBilhoes,,MT,1994,0.080737,migracao,2026-09-13,migracao,
pevsBilhoes,,MT,1995,0.149568,migracao,2026-09-13,migracao,
pevsBilhoes,,MT,1996,0.098317,migracao,2026-09-13,migracao,
pevsBilhoes,,MT,1997,0.098117,migracao,2026-09-13,migracao,
pevsBilhoes,,MT,1998,0.086317,migracao,2026-09-13,migracao,
pevsBilhoes,,MT,1999,0.09917,migracao,2026-09-13,migracao,
pevsBilhoes,,MT,2000,0.103448,migracao,2026-09-13,migracao,
pevsBilhoes,,MT,2001,0.113558,migracao,2026-09-13,migracao,
pevsBilhoes,,MT,2002,0.131253,migracao,2026-09-13,migracao,
pevsBilhoes,,MT,2003,0.167151,migracao,2026-09-13,migracao,
pevsBilhoes,,MT,2004,0.162611,migracao,2026-09-13,migracao,
pevsBilhoes,,MT,2005,0.180438,migracao,2026-09-13,migracao,
pevsBilhoes,,MT,2006,0.217663,migracao,2026-09-13,migracao,
pevsBilhoes,,MT,2007,0.265639,migracao,2026-09-13,migracao,
pevsBilhoes,,MT,2008,0.280636,migracao,2026-09-13,migracao,
pevsBilhoes,,MT,2009,0.938094,migracao,2026-09-13,migracao,
pevsBilhoes,,MT,2010,0.594839,migracao,2026-09-13,migracao,
pevsBilhoes,,MT,2011,0.726375,migracao,2026-09-13,migracao,
pevsBilhoes,,MT,2012,0.740165,migracao,2026-09-13,migracao,
pevsBilhoes,,MT,2013,0.344073,migracao,2026-09-13,migracao,
pevsBilhoes,,MT,2014,0.287367,migracao,2026-09-13,migracao,
pevsBilhoes,,MT,2015,0.627229,migracao,2026-09-13,migracao,
pevsBilhoes,,MT,2016,0.615031,migracao,2026-09-13,migracao,
pevsBilhoes,,MT,2017,0.671519,migracao,2026-09-13,migracao,
pevsBilhoes,,MT,2018,0.623615,migracao,2026-09-13,migracao,
pevsBilhoes,,MT,2019,0.672763,migracao,2026-09-13,migracao,
pevsBilhoes,,MT,2020,0.705664,migracao,2026-09-13,migracao,
pevsBilhoes,,MT,2021,0.90775,migracao,2026-09-13,migracao,
pevsBilhoes,,MT,2022,0.940386,migracao,2026-09-13,migracao,
pevsBilhoes,,MT,2023,0.651474,migracao,2026-09-13,migracao,
pevsBilhoes,,MT,2024,1.042643,migracao,2026-09-13,migracao,
pevsBilhoes,,PA,1994,1.948641,migracao,2026-09-13,migracao,
pevsBilhoes,,PA,1995,2.048684,migracao,2026-09-13,migracao,
pevsBilhoes,,PA,1996,1.679736,migracao,2026-09-13,migracao,
pevsBilhoes,,PA,1997,0.745749,migracao,2026-09-13,migracao,
pevsBilhoes,,PA,1998,0.690283,migracao,2026-09-13,migracao,
pevsBilhoes,,PA,1999,0.702355,migracao,2026-09-13,migracao,
pevsBilhoes,,PA,2000,0.686355,migracao,2026-09-13,migracao,
pevsBilhoes,,PA,2001,0.749679,migracao,2026-09-13,migracao,
pevsBilhoes,,PA,2002,1.145729,migracao,2026-09-13,migracao,
pevsBilhoes,,PA,2003,1.228618,migracao,2026-09-13,migracao,
pevsBilhoes,,PA,2004,1.059492,migracao,2026-09-13,migracao,
pevsBilhoes,,PA,2005,1.131412,migracao,2026-09-13,migracao,
pevsBilhoes,,PA,2006,1.224924,migracao,2026-09-13,migracao,
pevsBilhoes,,PA,2007,1.244019,migracao,2026-09-13,migracao,
pevsBilhoes,,PA,2008,1.280097,migracao,2026-09-13,migracao,
pevsBilhoes,,PA,2009,1.260097,migracao,2026-09-13,migracao,
pevsBilhoes,,PA,2010,1.355755,migracao,2026-09-13,migracao,
pevsBilhoes,,PA,2011,1.469058,migracao,2026-09-13,migracao,
pevsBilhoes,,PA,2012,1.231921,migracao,2026-09-13,migracao,
pevsBilhoes,,PA,2013,1.390153,migracao,2026-09-13,migracao,
pevsBilhoes,,PA,2014,1.47344,migracao,2026-09-13,migracao,
pevsBilhoes,,PA,2015,1.457353,migracao,2026-09-13,migracao,
pevsBilhoes,,PA,2016,1.253718,migracao,2026-09-13,migracao,
pevsBilhoes,,PA,2017,1.342577,migracao,2026-09-13,migracao,
pevsBilhoes,,PA,2018,1.333909,migracao,2026-09-13,migracao,
pevsBilhoes,,PA,2019,1.534752,migracao,2026-09-13,migracao,
pevsBilhoes,,PA,2020,1.582422,migracao,2026-09-13,migracao,
pevsBilhoes,,PA,2021,1.940154,migracao,2026-09-13,migracao,
pevsBilhoes,,PA,2022,2.412639,migracao,2026-09-13,migracao,
pevsBilhoes,,PA,2023,2.615443,migracao,2026-09-13,migracao,
pevsBilhoes,,PA,2024,2.73508,migracao,2026-09-13,migracao,
pevsBilhoes,,RO,1994,0.013521,migracao,2026-09-13,migracao,
pevsBilhoes,,RO,1995,0.037532,migracao,2026-09-13,migracao,
pevsBilhoes,,RO,1996,0.005594,migracao,2026-09-13,migracao,
pevsBilhoes,,RO,1997,0.008857,migracao,2026-09-13,migracao,
pevsBilhoes,,RO,1998,0.021152,migracao,2026-09-13,migracao,
pevsBilhoes,,RO,1999,0.031269,migracao,2026-09-13,migracao,
pevsBilhoes,,RO,2000,0.029817,migracao,2026-09-13,migracao,
pevsBilhoes,,RO,2001,0.034402,migracao,2026-09-13,migracao,
pevsBilhoes,,RO,2002,0.14641,migracao,2026-09-13,migracao,
pevsBilhoes,,RO,2003,0.149149,migracao,2026-09-13,migracao,
pevsBilhoes,,RO,2004,0.11512,migracao,2026-09-13,migracao,
pevsBilhoes,,RO,2005,0.124536,migracao,2026-09-13,migracao,
pevsBilhoes,,RO,2006,0.137547,migracao,2026-09-13,migracao,
pevsBilhoes,,RO,2007,0.128924,migracao,2026-09-13,migracao,
pevsBilhoes,,RO,2008,0.119124,migracao,2026-09-13,migracao,
pevsBilhoes,,RO,2009,0.25153,migracao,2026-09-13,migracao,
pevsBilhoes,,RO,2010,0.196244,migracao,2026-09-13,migracao,
pevsBilhoes,,RO,2011,0.455929,migracao,2026-09-13,migracao,
pevsBilhoes,,RO,2012,0.163929,migracao,2026-09-13,migracao,
pevsBilhoes,,RO,2013,0.360059,migracao,2026-09-13,migracao,
pevsBilhoes,,RO,2014,0.329513,migracao,2026-09-13,migracao,
pevsBilhoes,,RO,2015,0.185331,migracao,2026-09-13,migracao,
pevsBilhoes,,RO,2016,0.186409,migracao,2026-09-13,migracao,
pevsBilhoes,,RO,2017,0.175301,migracao,2026-09-13,migracao,
pevsBilhoes,,RO,2018,0.169116,migracao,2026-09-13,migracao,
pevsBilhoes,,RO,2019,0.201263,migracao,2026-09-13,migracao,
pevsBilhoes,,RO,2020,0.14786,migracao,2026-09-13,migracao,
pevsBilhoes,,RO,2021,0.54415,migracao,2026-09-13,migracao,
pevsBilhoes,,RO,2022,0.025704,migracao,2026-09-13,migracao,
pevsBilhoes,,RO,2023,0.143835,migracao,2026-09-13,migracao,
pevsBilhoes,,RO,2024,0.230816,migracao,2026-09-13,migracao,
pevsBilhoes,,RR,1994,0.000917,migracao,2026-09-13,migracao,
pevsBilhoes,,RR,1996,0.001956,migracao,2026-09-13,migracao,
pevsBilhoes,,RR,1997,0.002111,migracao,2026-09-13,migracao,
pevsBilhoes,,RR,1998,0.002138,migracao,2026-09-13,migracao,
pevsBilhoes,,RR,1999,0.003152,migracao,2026-09-13,migracao,
pevsBilhoes,,RR,2000,0.003376,migracao,2026-09-13,migracao,
pevsBilhoes,,RR,2001,0.003109,migracao,2026-09-13,migracao,
pevsBilhoes,,RR,2002,0.007632,migracao,2026-09-13,migracao,
pevsBilhoes,,RR,2003,0.008577,migracao,2026-09-13,migracao,
pevsBilhoes,,RR,2004,0.027481,migracao,2026-09-13,migracao,
pevsBilhoes,,RR,2005,0.025164,migracao,2026-09-13,migracao,
pevsBilhoes,,RR,2006,0.025077,migracao,2026-09-13,migracao,
pevsBilhoes,,RR,2007,0.024436,migracao,2026-09-13,migracao,
pevsBilhoes,,RR,2008,0.021298,migracao,2026-09-13,migracao,
pevsBilhoes,,RR,2009,0.021108,migracao,2026-09-13,migracao,
pevsBilhoes,,RR,2010,0.022225,migracao,2026-09-13,migracao,
pevsBilhoes,,RR,2011,0.022074,migracao,2026-09-13,migracao,
pevsBilhoes,,RR,2012,0.024053,migracao,2026-09-13,migracao,
pevsBilhoes,,RR,2013,0.018269,migracao,2026-09-13,migracao,
pevsBilhoes,,RR,2014,0.017654,migracao,2026-09-13,migracao,
pevsBilhoes,,RR,2015,0.037827,migracao,2026-09-13,migracao,
pevsBilhoes,,RR,2016,0.033971,migracao,2026-09-13,migracao,
pevsBilhoes,,RR,2017,0.054388,migracao,2026-09-13,migracao,
pevsBilhoes,,RR,2018,0.064634,migracao,2026-09-13,migracao,
pevsBilhoes,,RR,2019,0.061701,migracao,2026-09-13,migracao,
pevsBilhoes,,RR,2020,0.049055,migracao,2026-09-13,migracao,
pevsBilhoes,,RR,2021,0.05087,migracao,2026-09-13,migracao,
pevsBilhoes,,RR,2022,0.054177,migracao,2026-09-13,migracao,
pevsBilhoes,,RR,2023,0.077858,migracao,2026-09-13,migracao,
pevsBilhoes,,RR,2024,0.060644,migracao,2026-09-13,migracao,
pevsBilhoes,,TO,1994,0.0089,migracao,2026-09-13,migracao,
pevsBilhoes,,TO,1995,0.008108,migracao,2026-09-13,migracao,
pevsBilhoes,,TO,1996,0.00601,migracao,2026-09-13,migracao,
pevsBilhoes,,TO,1997,0.005438,migracao,2026-09-13,migracao,
pevsBilhoes,,TO,1998,0.005357,migracao,2026-09-13,migracao,
pevsBilhoes,,TO,1999,0.005737,migracao,2026-09-13,migracao,
pevsBilhoes,,TO,2000,0.006764,migracao,2026-09-13,migracao,
pevsBilhoes,,TO,2001,0.007181,migracao,2026-09-13,migracao,
pevsBilhoes,,TO,2002,0.00754,migracao,2026-09-13,migracao,
pevsBilhoes,,TO,2003,0.011758,migracao,2026-09-13,migracao,
pevsBilhoes,,TO,2004,0.014294,migracao,2026-09-13,migracao,
pevsBilhoes,,TO,2005,0.020879,migracao,2026-09-13,migracao,
pevsBilhoes,,TO,2006,0.022753,migracao,2026-09-13,migracao,
pevsBilhoes,,TO,2007,0.026049,migracao,2026-09-13,migracao,
pevsBilhoes,,TO,2008,0.030054,migracao,2026-09-13,migracao,
pevsBilhoes,,TO,2009,0.035664,migracao,2026-09-13,migracao,
pevsBilhoes,,TO,2010,0.02766,migracao,2026-09-13,migracao,
pevsBilhoes,,TO,2011,0.030417,migracao,2026-09-13,migracao,
pevsBilhoes,,TO,2012,0.035916,migracao,2026-09-13,migracao,
pevsBilhoes,,TO,2013,0.032846,migracao,2026-09-13,migracao,
pevsBilhoes,,TO,2014,0.097583,migracao,2026-09-13,migracao,
pevsBilhoes,,TO,2015,0.088143,migracao,2026-09-13,migracao,
pevsBilhoes,,TO,2016,0.06366,migracao,2026-09-13,migracao,
pevsBilhoes,,TO,2017,0.061228,migracao,2026-09-13,migracao,
pevsBilhoes,,TO,2018,0.032183,migracao,2026-09-13,migracao,
pevsBilhoes,,TO,2019,0.02323,migracao,2026-09-13,migracao,
pevsBilhoes,,TO,2020,0.040065,migracao,2026-09-13,migracao,
pevsBilhoes,,TO,2021,0.041146,migracao,2026-09-13,migracao,
pevsBilhoes,,TO,2022,0.033617,migracao,2026-09-13,migracao,
pevsBilhoes,,TO,2023,0.060619,migracao,2026-09-13,migracao,
pevsBilhoes,,TO,2024,0.042609,migracao,2026-09-13,migracao,
piaBilhoes,,AC,2007,0.177862,migracao,2026-09-13,migracao,
piaBilhoes,,AC,2008,0.14788,migracao,2026-09-13,migracao,
piaBilhoes,,AC,2009,0.190352,migracao,2026-09-13,migracao,
piaBilhoes,,AC,2010,0.251367,migracao,2026-09-13,migracao,
piaBilhoes,,AC,2011,0.281405,migracao,2026-09-13,migracao,
piaBilhoes,,AC,2012,0.27051,migracao,2026-09-13,migracao,
piaBilhoes,,AC,2013,0.328993,migracao,2026-09-13,migracao,
piaBilhoes,,AC,2014,0.518409,migracao,2026-09-13,migracao,
piaBilhoes,,AC,2015,0.394082,migracao,2026-09-13,migracao,
piaBilhoes,,AC,2016,0.398946,migracao,2026-09-13,migracao,
piaBilhoes,,AC,2017,0.2792,migracao,2026-09-13,migracao,
piaBilhoes,,AC,2018,0.328683,migracao,2026-09-13,migracao,
piaBilhoes,,AC,2019,0.317261,migracao,2026-09-13,migracao,
piaBilhoes,,AC,2020,0.320242,migracao,2026-09-13,migracao,
piaBilhoes,,AC,2021,0.496073,migracao,2026-09-13,migracao,
piaBilhoes,,AC,2022,0.628889,migracao,2026-09-13,migracao,
piaBilhoes,,AC,2023,0.649323,migracao,2026-09-13,migracao,
piaBilhoes,,AC,2024,0.925342,migracao,2026-09-13,migracao,
piaBilhoes,,AM,2007,23.600352,migracao,2026-09-13,migracao,
piaBilhoes,,AM,2008,27.202801,migracao,2026-09-13,migracao,
piaBilhoes,,AM,2009,25.658863,migracao,2026-09-13,migracao,
piaBilhoes,,AM,2010,29.554059,migracao,2026-09-13,migracao,
piaBilhoes,,AM,2011,29.642201,migracao,2026-09-13,migracao,
piaBilhoes,,AM,2012,29.961311,migracao,2026-09-13,migracao,
piaBilhoes,,AM,2013,33.92655,migracao,2026-09-13,migracao,
piaBilhoes,,AM,2014,36.041264,migracao,2026-09-13,migracao,
piaBilhoes,,AM,2015,35.91487,migracao,2026-09-13,migracao,
piaBilhoes,,AM,2016,35.525846,migracao,2026-09-13,migracao,
piaBilhoes,,AM,2017,37.418241,migracao,2026-09-13,migracao,
piaBilhoes,,AM,2018,40.137037,migracao,2026-09-13,migracao,
piaBilhoes,,AM,2019,40.949882,migracao,2026-09-13,migracao,
piaBilhoes,,AM,2020,43.511856,migracao,2026-09-13,migracao,
piaBilhoes,,AM,2021,55.427911,migracao,2026-09-13,migracao,
piaBilhoes,,AM,2022,62.763507,migracao,2026-09-13,migracao,
piaBilhoes,,AM,2023,62.646346,migracao,2026-09-13,migracao,
piaBilhoes,,AM,2024,75.577158,migracao,2026-09-13,migracao,
piaBilhoes,,AP,2007,0.239894,migracao,2026-09-13,migracao,
piaBilhoes,,AP,2008,0.196896,migracao,2026-09-13,migracao,
piaBilhoes,,AP,2009,0.275242,migracao,2026-09-13,migracao,
piaBilhoes,,AP,2010,0.532172,migracao,2026-09-13,migracao,
piaBilhoes,,AP,2011,0.612456,migracao,2026-09-13,migracao,
piaBilhoes,,AP,2012,0.639518,migracao,2026-09-13,migracao,
piaBilhoes,,AP,2013,0.58287,migracao,2026-09-13,migracao,
piaBilhoes,,AP,2014,0.643486,migracao,2026-09-13,migracao,
piaBilhoes,,AP,2015,0.488161,migracao,2026-09-13,migracao,
piaBilhoes,,AP,2016,0.535311,migracao,2026-09-13,migracao,
piaBilhoes,,AP,2017,0.309766,migracao,2026-09-13,migracao,
piaBilhoes,,AP,2018,0.527946,migracao,2026-09-13,migracao,
piaBilhoes,,AP,2019,0.27583,migracao,2026-09-13,migracao,
piaBilhoes,,AP,2020,0.963936,migracao,2026-09-13,migracao,
piaBilhoes,,AP,2021,0.479986,migracao,2026-09-13,migracao,
piaBilhoes,,AP,2022,0.419783,migracao,2026-09-13,migracao,
piaBilhoes,,AP,2023,0.51477,migracao,2026-09-13,migracao,
piaBilhoes,,AP,2024,0.592145,migracao,2026-09-13,migracao,
piaBilhoes,,MA,2007,3.00283,migracao,2026-09-13,migracao,
piaBilhoes,,MA,2008,3.452709,migracao,2026-09-13,migracao,
piaBilhoes,,MA,2009,2.439845,migracao,2026-09-13,migracao,
piaBilhoes,,MA,2010,2.855533,migracao,2026-09-13,migracao,
piaBilhoes,,MA,2011,4.139786,migracao,2026-09-13,migracao,
piaBilhoes,,MA,2012,4.51768,migracao,2026-09-13,migracao,
piaBilhoes,,MA,2013,4.020403,migracao,2026-09-13,migracao,
piaBilhoes,,MA,2014,5.437595,migracao,2026-09-13,migracao,
piaBilhoes,,MA,2015,7.031763,migracao,2026-09-13,migracao,
piaBilhoes,,MA,2016,6.221886,migracao,2026-09-13,migracao,
piaBilhoes,,MA,2017,7.075188,migracao,2026-09-13,migracao,
piaBilhoes,,MA,2018,8.776336,migracao,2026-09-13,migracao,
piaBilhoes,,MA,2019,8.192158,migracao,2026-09-13,migracao,
piaBilhoes,,MA,2020,11.219119,migracao,2026-09-13,migracao,
piaBilhoes,,MA,2021,14.129981,migracao,2026-09-13,migracao,
piaBilhoes,,MA,2022,13.156044,migracao,2026-09-13,migracao,
piaBilhoes,,MA,2023,12.319388,migracao,2026-09-13,migracao,
piaBilhoes,,MA,2024,14.534906,migracao,2026-09-13,migracao,
piaBilhoes,,MT,2007,4.83194,migracao,2026-09-13,migracao,
piaBilhoes,,MT,2008,6.774747,migracao,2026-09-13,migracao,
piaBilhoes,,MT,2009,8.085593,migracao,2026-09-13,migracao,
piaBilhoes,,MT,2010,9.442466,migracao,2026-09-13,migracao,
piaBilhoes,,MT,2011,11.225899,migracao,2026-09-13,migracao,
piaBilhoes,,MT,2012,14.36697,migracao,2026-09-13,migracao,
piaBilhoes,,MT,2013,14.99468,migracao,2026-09-13,migracao,
piaBilhoes,,MT,2014,14.719924,migracao,2026-09-13,migracao,
piaBilhoes,,MT,2015,15.762391,migracao,2026-09-13,migracao,
piaBilhoes,,MT,2016,14.433467,migracao,2026-09-13,migracao,
piaBilhoes,,MT,2017,13.967971,migracao,2026-09-13,migracao,
piaBilhoes,,MT,2018,17.059633,migracao,2026-09-13,migracao,
piaBilhoes,,MT,2019,17.805064,migracao,2026-09-13,migracao,
piaBilhoes,,MT,2020,24.049984,migracao,2026-09-13,migracao,
piaBilhoes,,MT,2021,32.463303,migracao,2026-09-13,migracao,
piaBilhoes,,MT,2022,41.065895,migracao,2026-09-13,migracao,
piaBilhoes,,MT,2023,38.526666,migracao,2026-09-13,migracao,
piaBilhoes,,MT,2024,41.521382,migracao,2026-09-13,migracao,
piaBilhoes,,PA,2007,9.90521,migracao,2026-09-13,migracao,
piaBilhoes,,PA,2008,14.657473,migracao,2026-09-13,migracao,
piaBilhoes,,PA,2009,12.436118,migracao,2026-09-13,migracao,
piaBilhoes,,PA,2010,23.969692,migracao,2026-09-13,migracao,
piaBilhoes,,PA,2011,29.424724,migracao,2026-09-13,migracao,
piaBilhoes,,PA,2012,26.137304,migracao,2026-09-13,migracao,
piaBilhoes,,PA,2013,30.869694,migracao,2026-09-13,migracao,
piaBilhoes,,PA,2014,27.362165,migracao,2026-09-13,migracao,
piaBilhoes,,PA,2015,26.731282,migracao,2026-09-13,migracao,
piaBilhoes,,PA,2016,28.139815,migracao,2026-09-13,migracao,
piaBilhoes,,PA,2017,38.175713,migracao,2026-09-13,migracao,
piaBilhoes,,PA,2018,45.291481,migracao,2026-09-13,migracao,
piaBilhoes,,PA,2019,56.812895,migracao,2026-09-13,migracao,
piaBilhoes,,PA,2020,91.70827,migracao,2026-09-13,migracao,
piaBilhoes,,PA,2021,109.838666,migracao,2026-09-13,migracao,
piaBilhoes,,PA,2022,66.637357,migracao,2026-09-13,migracao,
piaBilhoes,,PA,2023,62.596977,migracao,2026-09-13,migracao,
piaBilhoes,,PA,2024,70.146964,migracao,2026-09-13,migracao,
piaBilhoes,,RO,2007,1.235045,migracao,2026-09-13,migracao,
piaBilhoes,,RO,2008,1.317673,migracao,2026-09-13,migracao,
piaBilhoes,,RO,2009,1.352831,migracao,2026-09-13,migracao,
piaBilhoes,,RO,2010,1.889863,migracao,2026-09-13,migracao,
piaBilhoes,,RO,2011,2.180932,migracao,2026-09-13,migracao,
piaBilhoes,,RO,2012,2.168906,migracao,2026-09-13,migracao,
piaBilhoes,,RO,2013,2.924149,migracao,2026-09-13,migracao,
piaBilhoes,,RO,2014,2.852504,migracao,2026-09-13,migracao,
piaBilhoes,,RO,2015,2.763391,migracao,2026-09-13,migracao,
piaBilhoes,,RO,2016,3.048106,migracao,2026-09-13,migracao,
piaBilhoes,,RO,2017,2.586505,migracao,2026-09-13,migracao,
piaBilhoes,,RO,2018,2.562647,migracao,2026-09-13,migracao,
piaBilhoes,,RO,2019,2.884253,migracao,2026-09-13,migracao,
piaBilhoes,,RO,2020,3.301806,migracao,2026-09-13,migracao,
piaBilhoes,,RO,2021,3.880047,migracao,2026-09-13,migracao,
piaBilhoes,,RO,2022,5.534121,migracao,2026-09-13,migracao,
piaBilhoes,,RO,2023,5.910248,migracao,2026-09-13,migracao,
piaBilhoes,,RO,2024,6.091511,migracao,2026-09-13,migracao,
piaBilhoes,,RR,2007,0.053522,migracao,2026-09-13,migracao,
piaBilhoes,,RR,2008,0.099358,migracao,2026-09-13,migracao,
piaBilhoes,,RR,2009,0.077392,migracao,2026-09-13,migracao,
piaBilhoes,,RR,2010,0.06389,migracao,2026-09-13,migracao,
piaBilhoes,,RR,2011,0.079702,migracao,2026-09-13,migracao,
piaBilhoes,,RR,2012,0.07248,migracao,2026-09-13,migracao,
piaBilhoes,,RR,2013,0.084854,migracao,2026-09-13,migracao,
piaBilhoes,,RR,2014,0.093906,migracao,2026-09-13,migracao,
piaBilhoes,,RR,2015,0.09162,migracao,2026-09-13,migracao,
piaBilhoes,,RR,2016,0.127681,migracao,2026-09-13,migracao,
piaBilhoes,,RR,2017,0.107185,migracao,2026-09-13,migracao,
piaBilhoes,,RR,2018,0.091547,migracao,2026-09-13,migracao,
piaBilhoes,,RR,2019,0.092021,migracao,2026-09-13,migracao,
piaBilhoes,,RR,2020,0.131162,migracao,2026-09-13,migracao,
piaBilhoes,,RR,2021,0.192154,migracao,2026-09-13,migracao,
piaBilhoes,,RR,2022,0.203548,migracao,2026-09-13,migracao,
piaBilhoes,,RR,2023,0.250891,migracao,2026-09-13,migracao,
piaBilhoes,,RR,2024,0.378434,migracao,2026-09-13,migracao,
piaBilhoes,,TO,2007,0.350439,migracao,2026-09-13,migracao,
piaBilhoes,,TO,2008,0.408257,migracao,2026-09-13,migracao,
piaBilhoes,,TO,2009,0.3933,migracao,2026-09-13,migracao,
piaBilhoes,,TO,2010,0.673335,migracao,2026-09-13,migracao,
piaBilhoes,,TO,2011,0.790293,migracao,2026-09-13,migracao,
piaBilhoes,,TO,2012,0.926821,migracao,2026-09-13,migracao,
piaBilhoes,,TO,2013,1.289,migracao,2026-09-13,migracao,
piaBilhoes,,TO,2014,1.800502,migracao,2026-09-13,migracao,
piaBilhoes,,TO,2015,1.488246,migracao,2026-09-13,migracao,
piaBilhoes,,TO,2016,1.502456,migracao,2026-09-13,migracao,
piaBilhoes,,TO,2017,1.900422,migracao,2026-09-13,migracao,
piaBilhoes,,TO,2018,1.503851,migracao,2026-09-13,migracao,
piaBilhoes,,TO,2019,1.543897,migracao,2026-09-13,migracao,
piaBilhoes,,TO,2020,2.085879,migracao,2026-09-13,migracao,
piaBilhoes,,TO,2021,3.312199,migracao,2026-09-13,migracao,
piaBilhoes,,TO,2022,4.516648,migracao,2026-09-13,migracao,
piaBilhoes,,TO,2023,4.73996,migracao,2026-09-13,migracao,
piaBilhoes,,TO,2024,5.597138,migracao,2026-09-13,migracao,
poverty,,AC,2012,28.6,migracao,2026-09-13,migracao,
poverty,,AC,2013,28.2,migracao,2026-09-13,migracao,
poverty,,AC,2014,25.8,migracao,2026-09-13,migracao,
poverty,,AC,2015,26.4,migracao,2026-09-13,migracao,
poverty,,AC,2016,32,migracao,2026-09-13,migracao,
poverty,,AC,2017,32,migracao,2026-09-13,migracao,
poverty,,AC,2018,27.7,migracao,2026-09-13,migracao,
poverty,,AC,2019,31.2,migracao,2026-09-13,migracao,
poverty,,AC,2020,22.8,migracao,2026-09-13,migracao,
poverty,,AC,2021,30.1,migracao,2026-09-13,migracao,
poverty,,AC,2022,25.2,migracao,2026-09-13,migracao,
poverty,,AC,2023,25.4,migracao,2026-09-13,migracao,
poverty,,AC,2024,17.9,migracao,2026-09-13,migracao,
poverty,,AM,2012,27.7,migracao,2026-09-13,migracao,
poverty,,AM,2013,26.6,migracao,2026-09-13,migracao,
poverty,,AM,2014,25.5,migracao,2026-09-13,migracao,
poverty,,AM,2015,26.1,migracao,2026-09-13,migracao,
poverty,,AM,2016,32,migracao,2026-09-13,migracao,
poverty,,AM,2017,31.2,migracao,2026-09-13,migracao,
poverty,,AM,2018,29.3,migracao,2026-09-13,migracao,
poverty,,AM,2019,31.5,migracao,2026-09-13,migracao,
poverty,,AM,2020,27.7,migracao,2026-09-13,migracao,
poverty,,AM,2021,33.4,migracao,2026-09-13,migracao,
poverty,,AM,2022,24.4,migracao,2026-09-13,migracao,
poverty,,AM,2023,19,migracao,2026-09-13,migracao,
poverty,,AM,2024,14.2,migracao,2026-09-13,migracao,
poverty,,AP,2012,24.1,migracao,2026-09-13,migracao,
poverty,,AP,2013,19,migracao,2026-09-13,migracao,
poverty,,AP,2014,21.8,migracao,2026-09-13,migracao,
poverty,,AP,2015,22.9,migracao,2026-09-13,migracao,
poverty,,AP,2016,26.9,migracao,2026-09-13,migracao,
poverty,,AP,2017,27.4,migracao,2026-09-13,migracao,
poverty,,AP,2018,28.5,migracao,2026-09-13,migracao,
poverty,,AP,2019,25,migracao,2026-09-13,migracao,
poverty,,AP,2020,20.9,migracao,2026-09-13,migracao,
poverty,,AP,2021,33.8,migracao,2026-09-13,migracao,
poverty,,AP,2022,20.2,migracao,2026-09-13,migracao,
poverty,,AP,2023,13.9,migracao,2026-09-13,migracao,
poverty,,AP,2024,12.3,migracao,2026-09-13,migracao,
poverty,,MA,2012,35.9,migracao,2026-09-13,migracao,
poverty,,MA,2013,34.4,migracao,2026-09-13,migracao,
poverty,,MA,2014,31.9,migracao,2026-09-13,migracao,
poverty,,MA,2015,34.3,migracao,2026-09-13,migracao,
poverty,,MA,2016,35.1,migracao,2026-09-13,migracao,
poverty,,MA,2017,35.8,migracao,2026-09-13,migracao,
poverty,,MA,2018,35.5,migracao,2026-09-13,migracao,
poverty,,MA,2019,36.5,migracao,2026-09-13,migracao,
poverty,,MA,2020,27.4,migracao,2026-09-13,migracao,
poverty,,MA,2021,39.1,migracao,2026-09-13,migracao,
poverty,,MA,2022,28,migracao,2026-09-13,migracao,
poverty,,MA,2023,24.6,migracao,2026-09-13,migracao,
poverty,,MA,2024,22.4,migracao,2026-09-13,migracao,
poverty,,MT,2012,8.3,migracao,2026-09-13,migracao,
poverty,,MT,2013,6.7,migracao,2026-09-13,migracao,
poverty,,MT,2014,6.6,migracao,2026-09-13,migracao,
poverty,,MT,2015,6.5,migracao,2026-09-13,migracao,
poverty,,MT,2016,8,migracao,2026-09-13,migracao,
poverty,,MT,2017,9,migracao,2026-09-13,migracao,
poverty,,MT,2018,6.2,migracao,2026-09-13,migracao,
poverty,,MT,2019,6.5,migracao,2026-09-13,migracao,
poverty,,MT,2020,7.5,migracao,2026-09-13,migracao,
poverty,,MT,2021,9,migracao,2026-09-13,migracao,
poverty,,MT,2022,7.6,migracao,2026-09-13,migracao,
poverty,,MT,2023,5.2,migracao,2026-09-13,migracao,
poverty,,MT,2024,3.4,migracao,2026-09-13,migracao,
poverty,,PA,2012,27.6,migracao,2026-09-13,migracao,
poverty,,PA,2013,27.4,migracao,2026-09-13,migracao,
poverty,,PA,2014,25.1,migracao,2026-09-13,migracao,
poverty,,PA,2015,25.9,migracao,2026-09-13,migracao,
poverty,,PA,2016,29.2,migracao,2026-09-13,migracao,
poverty,,PA,2017,27.5,migracao,2026-09-13,migracao,
poverty,,PA,2018,28.3,migracao,2026-09-13,migracao,
poverty,,PA,2019,28.4,migracao,2026-09-13,migracao,
poverty,,PA,2020,19.6,migracao,2026-09-13,migracao,
poverty,,PA,2021,29.6,migracao,2026-09-13,migracao,
poverty,,PA,2022,20,migracao,2026-09-13,migracao,
poverty,,PA,2023,15.5,migracao,2026-09-13,migracao,
poverty,,PA,2024,15.2,migracao,2026-09-13,migracao,
poverty,,RO,2012,16.6,migracao,2026-09-13,migracao,
poverty,,RO,2013,15.9,migracao,2026-09-13,migracao,
poverty,,RO,2014,12.4,migracao,2026-09-13,migracao,
poverty,,RO,2015,14.3,migracao,2026-09-13,migracao,
poverty,,RO,2016,14.3,migracao,2026-09-13,migracao,
poverty,,RO,2017,12.3,migracao,2026-09-13,migracao,
poverty,,RO,2018,12.9,migracao,2026-09-13,migracao,
poverty,,RO,2019,12,migracao,2026-09-13,migracao,
poverty,,RO,2020,9.9,migracao,2026-09-13,migracao,
poverty,,RO,2021,16.5,migracao,2026-09-13,migracao,
poverty,,RO,2022,10.9,migracao,2026-09-13,migracao,
poverty,,RO,2023,7.8,migracao,2026-09-13,migracao,
poverty,,RO,2024,5.5,migracao,2026-09-13,migracao,
poverty,,RR,2012,18.4,migracao,2026-09-13,migracao,
poverty,,RR,2013,16,migracao,2026-09-13,migracao,
poverty,,RR,2014,15.3,migracao,2026-09-13,migracao,
poverty,,RR,2015,13.3,migracao,2026-09-13,migracao,
poverty,,RR,2016,16.8,migracao,2026-09-13,migracao,
poverty,,RR,2017,17.1,migracao,2026-09-13,migracao,
poverty,,RR,2018,20.6,migracao,2026-09-13,migracao,
poverty,,RR,2019,25.8,migracao,2026-09-13,migracao,
poverty,,RR,2020,21.4,migracao,2026-09-13,migracao,
poverty,,RR,2021,28.4,migracao,2026-09-13,migracao,
poverty,,RR,2022,19.7,migracao,2026-09-13,migracao,
poverty,,RR,2023,16,migracao,2026-09-13,migracao,
poverty,,RR,2024,14.5,migracao,2026-09-13,migracao,
poverty,,TO,2012,21.8,migracao,2026-09-13,migracao,
poverty,,TO,2013,20.2,migracao,2026-09-13,migracao,
poverty,,TO,2014,15.7,migracao,2026-09-13,migracao,
poverty,,TO,2015,18.2,migracao,2026-09-13,migracao,
poverty,,TO,2016,19.4,migracao,2026-09-13,migracao,
poverty,,TO,2017,17,migracao,2026-09-13,migracao,
poverty,,TO,2018,18,migracao,2026-09-13,migracao,
poverty,,TO,2019,19.7,migracao,2026-09-13,migracao,
poverty,,TO,2020,15.4,migracao,2026-09-13,migracao,
poverty,,TO,2021,18.4,migracao,2026-09-13,migracao,
poverty,,TO,2022,12.7,migracao,2026-09-13,migracao,
poverty,,TO,2023,11.3,migracao,2026-09-13,migracao,
poverty,,TO,2024,9.5,migracao,2026-09-13,migracao,
prodesKm2,,AC,1988,620,migracao,2026-09-13,migracao,
prodesKm2,,AC,1989,540,migracao,2026-09-13,migracao,
prodesKm2,,AC,1990,550,migracao,2026-09-13,migracao,
prodesKm2,,AC,1991,380,migracao,2026-09-13,migracao,
prodesKm2,,AC,1992,400,migracao,2026-09-13,migracao,
prodesKm2,,AC,1993,482,migracao,2026-09-13,migracao,
prodesKm2,,AC,1994,482,migracao,2026-09-13,migracao,
prodesKm2,,AC,1995,1208,migracao,2026-09-13,migracao,
prodesKm2,,AC,1996,433,migracao,2026-09-13,migracao,
prodesKm2,,AC,1997,358,migracao,2026-09-13,migracao,
prodesKm2,,AC,1998,536,migracao,2026-09-13,migracao,
prodesKm2,,AC,1999,440.99999999999994,migracao,2026-09-13,migracao,
prodesKm2,,AC,2000,547,migracao,2026-09-13,migracao,
prodesKm2,,AC,2001,419,migracao,2026-09-13,migracao,
prodesKm2,,AC,2002,883,migracao,2026-09-13,migracao,
prodesKm2,,AC,2003,1078,migracao,2026-09-13,migracao,
prodesKm2,,AC,2004,728,migracao,2026-09-13,migracao,
prodesKm2,,AC,2005,592.0000000000001,migracao,2026-09-13,migracao,
prodesKm2,,AC,2006,398.00000000000006,migracao,2026-09-13,migracao,
prodesKm2,,AC,2007,184,migracao,2026-09-13,migracao,
prodesKm2,,AC,2008,254.00000000000003,migracao,2026-09-13,migracao,
prodesKm2,,AC,2009,166.99999999999997,migracao,2026-09-13,migracao,
prodesKm2,,AC,2010,259,migracao,2026-09-13,migracao,
prodesKm2,,AC,2011,280,migracao,2026-09-13,migracao,
prodesKm2,,AC,2012,305,migracao,2026-09-13,migracao,
prodesKm2,,AC,2013,220.99999999999997,migracao,2026-09-13,migracao,
prodesKm2,,AC,2014,309,migracao,2026-09-13,migracao,
prodesKm2,,AC,2015,264,migracao,2026-09-13,migracao,
prodesKm2,,AC,2016,371.99999999999994,migracao,2026-09-13,migracao,
prodesKm2,,AC,2017,256.99999999999994,migracao,2026-09-13,migracao,
prodesKm2,,AC,2018,443.99999999999994,migracao,2026-09-13,migracao,
prodesKm2,,AC,2019,682.0000000000001,migracao,2026-09-13,migracao,
prodesKm2,,AC,2020,706,migracao,2026-09-13,migracao,
prodesKm2,,AC,2021,889,migracao,2026-09-13,migracao,
prodesKm2,,AC,2022,840,migracao,2026-09-13,migracao,
prodesKm2,,AC,2023,601,migracao,2026-09-13,migracao,
prodesKm2,,AC,2024,449.00000000000006,migracao,2026-09-13,migracao,
prodesKm2,,AC,2025,324,script,2026-09-30,pesquisa-eixo1,
prodesKm2,,AM,1988,1510,migracao,2026-09-13,migracao,
prodesKm2,,AM,1989,1180,migracao,2026-09-13,migracao,
prodesKm2,,AM,1990,520,migracao,2026-09-13,migracao,
prodesKm2,,AM,1991,980.0000000000001,migracao,2026-09-13,migracao,
prodesKm2,,AM,1992,799.0000000000001,migracao,2026-09-13,migracao,
prodesKm2,,AM,1993,370,migracao,2026-09-13,migracao,
prodesKm2,,AM,1994,370,migracao,2026-09-13,migracao,
prodesKm2,,AM,1995,2114,migracao,2026-09-13,migracao,
prodesKm2,,AM,1996,1023.0000000000001,migracao,2026-09-13,migracao,
prodesKm2,,AM,1997,589,migracao,2026-09-13,migracao,
prodesKm2,,AM,1998,670,migracao,2026-09-13,migracao,
prodesKm2,,AM,1999,720,migracao,2026-09-13,migracao,
prodesKm2,,AM,2000,612,migracao,2026-09-13,migracao,
prodesKm2,,AM,2001,634,migracao,2026-09-13,migracao,
prodesKm2,,AM,2002,885.0000000000001,migracao,2026-09-13,migracao,
prodesKm2,,AM,2003,1558,migracao,2026-09-13,migracao,
prodesKm2,,AM,2004,1231.9999999999998,migracao,2026-09-13,migracao,
prodesKm2,,AM,2005,775,migracao,2026-09-13,migracao,
prodesKm2,,AM,2006,787.9999999999999,migracao,2026-09-13,migracao,
prodesKm2,,AM,2007,610,migracao,2026-09-13,migracao,
prodesKm2,,AM,2008,604,migracao,2026-09-13,migracao,
prodesKm2,,AM,2009,405,migracao,2026-09-13,migracao,
prodesKm2,,AM,2010,595.0000000000001,migracao,2026-09-13,migracao,
prodesKm2,,AM,2011,502.00000000000006,migracao,2026-09-13,migracao,
prodesKm2,,AM,2012,523,migracao,2026-09-13,migracao,
prodesKm2,,AM,2013,583,migracao,2026-09-13,migracao,
prodesKm2,,AM,2014,500,migracao,2026-09-13,migracao,
prodesKm2,,AM,2015,712,migracao,2026-09-13,migracao,
prodesKm2,,AM,2016,1129.0000000000002,migracao,2026-09-13,migracao,
prodesKm2,,AM,2017,1001.0000000000001,migracao,2026-09-13,migracao,
prodesKm2,,AM,2018,1045,migracao,2026-09-13,migracao,
prodesKm2,,AM,2019,1434,migracao,2026-09-13,migracao,
prodesKm2,,AM,2020,1512,migracao,2026-09-13,migracao,
prodesKm2,,AM,2021,2306,migracao,2026-09-13,migracao,
prodesKm2,,AM,2022,2594,migracao,2026-09-13,migracao,
prodesKm2,,AM,2023,1610,migracao,2026-09-13,migracao,
prodesKm2,,AM,2024,1223,migracao,2026-09-13,migracao,
prodesKm2,,AM,2025,979,script,2026-09-30,pesquisa-eixo1,
prodesKm2,,AP,1988,60,migracao,2026-09-13,migracao,
prodesKm2,,AP,1989,130,migracao,2026-09-13,migracao,
prodesKm2,,AP,1990,250,migracao,2026-09-13,migracao,
prodesKm2,,AP,1991,410,migracao,2026-09-13,migracao,
prodesKm2,,AP,1992,36,migracao,2026-09-13,migracao,
prodesKm2,,AP,1993,0,migracao,2026-09-13,migracao,
prodesKm2,,AP,1994,0,migracao,2026-09-13,migracao,
prodesKm2,,AP,1995,9,migracao,2026-09-13,migracao,
prodesKm2,,AP,1996,0,migracao,2026-09-13,migracao,
prodesKm2,,AP,1997,18,migracao,2026-09-13,migracao,
prodesKm2,,AP,1998,30,migracao,2026-09-13,migracao,
prodesKm2,,AP,1999,0,migracao,2026-09-13,migracao,
prodesKm2,,AP,2000,0,migracao,2026-09-13,migracao,
prodesKm2,,AP,2001,7,migracao,2026-09-13,migracao,
prodesKm2,,AP,2002,0,migracao,2026-09-13,migracao,
prodesKm2,,AP,2003,25.000000000000004,migracao,2026-09-13,migracao,
prodesKm2,,AP,2004,46,migracao,2026-09-13,migracao,
prodesKm2,,AP,2005,33,migracao,2026-09-13,migracao,
prodesKm2,,AP,2006,30,migracao,2026-09-13,migracao,
prodesKm2,,AP,2007,38.99999999999999,migracao,2026-09-13,migracao,
prodesKm2,,AP,2008,100.00000000000001,migracao,2026-09-13,migracao,
prodesKm2,,AP,2009,70,migracao,2026-09-13,migracao,
prodesKm2,,AP,2010,53,migracao,2026-09-13,migracao,
prodesKm2,,AP,2011,66,migracao,2026-09-13,migracao,
prodesKm2,,AP,2012,27,migracao,2026-09-13,migracao,
prodesKm2,,AP,2013,23,migracao,2026-09-13,migracao,
prodesKm2,,AP,2014,31.000000000000004,migracao,2026-09-13,migracao,
prodesKm2,,AP,2015,25.000000000000004,migracao,2026-09-13,migracao,
prodesKm2,,AP,2016,17,migracao,2026-09-13,migracao,
prodesKm2,,AP,2017,24,migracao,2026-09-13,migracao,
prodesKm2,,AP,2018,24,migracao,2026-09-13,migracao,
prodesKm2,,AP,2019,32,migracao,2026-09-13,migracao,
prodesKm2,,AP,2020,24,migracao,2026-09-13,migracao,
prodesKm2,,AP,2021,17,migracao,2026-09-13,migracao,
prodesKm2,,AP,2022,14,migracao,2026-09-13,migracao,
prodesKm2,,AP,2023,17,migracao,2026-09-13,migracao,
prodesKm2,,AP,2024,27,migracao,2026-09-13,migracao,
prodesKm2,,AP,2025,17,script,2026-09-30,pesquisa-eixo1,
prodesKm2,,MA,1988,2450,migracao,2026-09-13,migracao,
prodesKm2,,MA,1989,1420,migracao,2026-09-13,migracao,
prodesKm2,,MA,1990,1100,migracao,2026-09-13,migracao,
prodesKm2,,MA,1991,670,migracao,2026-09-13,migracao,
prodesKm2,,MA,1992,1135,migracao,2026-09-13,migracao,
prodesKm2,,MA,1993,372,migracao,2026-09-13,migracao,
prodesKm2,,MA,1994,372,migracao,2026-09-13,migracao,
prodesKm2,,MA,1995,1745,migracao,2026-09-13,migracao,
prodesKm2,,MA,1996,1061,migracao,2026-09-13,migracao,
prodesKm2,,MA,1997,409,migracao,2026-09-13,migracao,
prodesKm2,,MA,1998,1012,migracao,2026-09-13,migracao,
prodesKm2,,MA,1999,1230,migracao,2026-09-13,migracao,
prodesKm2,,MA,2000,1065,migracao,2026-09-13,migracao,
prodesKm2,,MA,2001,958.0000000000001,migracao,2026-09-13,migracao,
prodesKm2,,MA,2002,1085,migracao,2026-09-13,migracao,
prodesKm2,,MA,2003,993,migracao,2026-09-13,migracao,
prodesKm2,,MA,2004,755,migracao,2026-09-13,migracao,
prodesKm2,,MA,2005,922.0000000000001,migracao,2026-09-13,migracao,
prodesKm2,,MA,2006,674,migracao,2026-09-13,migracao,
prodesKm2,,MA,2007,631,migracao,2026-09-13,migracao,
prodesKm2,,MA,2008,1271,migracao,2026-09-13,migracao,
prodesKm2,,MA,2009,828,migracao,2026-09-13,migracao,
prodesKm2,,MA,2010,712.0000000000001,migracao,2026-09-13,migracao,
prodesKm2,,MA,2011,396,migracao,2026-09-13,migracao,
prodesKm2,,MA,2012,269,migracao,2026-09-13,migracao,
prodesKm2,,MA,2013,403.00000000000006,migracao,2026-09-13,migracao,
prodesKm2,,MA,2014,257,migracao,2026-09-13,migracao,
prodesKm2,,MA,2015,209.00000000000003,migracao,2026-09-13,migracao,
prodesKm2,,MA,2016,258,migracao,2026-09-13,migracao,
prodesKm2,,MA,2017,265,migracao,2026-09-13,migracao,
prodesKm2,,MA,2018,253,migracao,2026-09-13,migracao,
prodesKm2,,MA,2019,237,migracao,2026-09-13,migracao,
prodesKm2,,MA,2020,336,migracao,2026-09-13,migracao,
prodesKm2,,MA,2021,349.99999999999994,migracao,2026-09-13,migracao,
prodesKm2,,MA,2022,271,migracao,2026-09-13,migracao,
prodesKm2,,MA,2023,306,migracao,2026-09-13,migracao,
prodesKm2,,MA,2024,307,migracao,2026-09-13,migracao,
prodesKm2,,MA,2025,210,script,2026-09-30,pesquisa-eixo1,
prodesKm2,,MT,1988,5140,migracao,2026-09-13,migracao,
prodesKm2,,MT,1989,5960,migracao,2026-09-13,migracao,
prodesKm2,,MT,1990,4020,migracao,2026-09-13,migracao,
prodesKm2,,MT,1991,2840,migracao,2026-09-13,migracao,
prodesKm2,,MT,1992,4674,migracao,2026-09-13,migracao,
prodesKm2,,MT,1993,6220,migracao,2026-09-13,migracao,
prodesKm2,,MT,1994,6220,migracao,2026-09-13,migracao,
prodesKm2,,MT,1995,10391,migracao,2026-09-13,migracao,
prodesKm2,,MT,1996,6543,migracao,2026-09-13,migracao,
prodesKm2,,MT,1997,5271,migracao,2026-09-13,migracao,
prodesKm2,,MT,1998,6466,migracao,2026-09-13,migracao,
prodesKm2,,MT,1999,6963,migracao,2026-09-13,migracao,
prodesKm2,,MT,2000,6369,migracao,2026-09-13,migracao,
prodesKm2,,MT,2001,7703.000000000001,migracao,2026-09-13,migracao,
prodesKm2,,MT,2002,7892,migracao,2026-09-13,migracao,
prodesKm2,,MT,2003,10405,migracao,2026-09-13,migracao,
prodesKm2,,MT,2004,11814,migracao,2026-09-13,migracao,
prodesKm2,,MT,2005,7145.000000000001,migracao,2026-09-13,migracao,
prodesKm2,,MT,2006,4333.000000000001,migracao,2026-09-13,migracao,
prodesKm2,,MT,2007,2678,migracao,2026-09-13,migracao,
prodesKm2,,MT,2008,3258,migracao,2026-09-13,migracao,
prodesKm2,,MT,2009,1049,migracao,2026-09-13,migracao,
prodesKm2,,MT,2010,871,migracao,2026-09-13,migracao,
prodesKm2,,MT,2011,1120,migracao,2026-09-13,migracao,
prodesKm2,,MT,2012,757,migracao,2026-09-13,migracao,
prodesKm2,,MT,2013,1139,migracao,2026-09-13,migracao,
prodesKm2,,MT,2014,1075.0000000000002,migracao,2026-09-13,migracao,
prodesKm2,,MT,2015,1601,migracao,2026-09-13,migracao,
prodesKm2,,MT,2016,1489,migracao,2026-09-13,migracao,
prodesKm2,,MT,2017,1561,migracao,2026-09-13,migracao,
prodesKm2,,MT,2018,1490,migracao,2026-09-13,migracao,
prodesKm2,,MT,2019,1702,migracao,2026-09-13,migracao,
prodesKm2,,MT,2020,1779.0000000000002,migracao,2026-09-13,migracao,
prodesKm2,,MT,2021,2213,migracao,2026-09-13,migracao,
prodesKm2,,MT,2022,1927.0000000000002,migracao,2026-09-13,migracao,
prodesKm2,,MT,2023,2047.9999999999998,migracao,2026-09-13,migracao,
prodesKm2,,MT,2024,1257,migracao,2026-09-13,migracao,
prodesKm2,,MT,2025,1593,script,2026-09-30,pesquisa-eixo1,
prodesKm2,,PA,1988,6990,migracao,2026-09-13,migracao,
prodesKm2,,PA,1989,5749.999999999999,migracao,2026-09-13,migracao,
prodesKm2,,PA,1990,4889.999999999999,migracao,2026-09-13,migracao,
prodesKm2,,PA,1991,3779.9999999999995,migracao,2026-09-13,migracao,
prodesKm2,,PA,1992,3786.9999999999995,migracao,2026-09-13,migracao,
prodesKm2,,PA,1993,4284,migracao,2026-09-13,migracao,
prodesKm2,,PA,1994,4284,migracao,2026-09-13,migracao,
prodesKm2,,PA,1995,7844.999999999999,migracao,2026-09-13,migracao,
prodesKm2,,PA,1996,6135,migracao,2026-09-13,migracao,
prodesKm2,,PA,1997,4139.000000000001,migracao,2026-09-13,migracao,
prodesKm2,,PA,1998,5829,migracao,2026-09-13,migracao,
prodesKm2,,PA,1999,5111.000000000001,migracao,2026-09-13,migracao,
prodesKm2,,PA,2000,6671,migracao,2026-09-13,migracao,
prodesKm2,,PA,2001,5237,migracao,2026-09-13,migracao,
prodesKm2,,PA,2002,7510,migracao,2026-09-13,migracao,
prodesKm2,,PA,2003,7145,migracao,2026-09-13,migracao,
prodesKm2,,PA,2004,8870,migracao,2026-09-13,migracao,
prodesKm2,,PA,2005,5899,migracao,2026-09-13,migracao,
prodesKm2,,PA,2006,5659,migracao,2026-09-13,migracao,
prodesKm2,,PA,2007,5526,migracao,2026-09-13,migracao,
prodesKm2,,PA,2008,5607,migracao,2026-09-13,migracao,
prodesKm2,,PA,2009,4281,migracao,2026-09-13,migracao,
prodesKm2,,PA,2010,3770,migracao,2026-09-13,migracao,
prodesKm2,,PA,2011,3008,migracao,2026-09-13,migracao,
prodesKm2,,PA,2012,1741,migracao,2026-09-13,migracao,
prodesKm2,,PA,2013,2345.9999999999995,migracao,2026-09-13,migracao,
prodesKm2,,PA,2014,1886.9999999999998,migracao,2026-09-13,migracao,
prodesKm2,,PA,2015,2153,migracao,2026-09-13,migracao,
prodesKm2,,PA,2016,2992.0000000000005,migracao,2026-09-13,migracao,
prodesKm2,,PA,2017,2433,migracao,2026-09-13,migracao,
prodesKm2,,PA,2018,2743.9999999999995,migracao,2026-09-13,migracao,
prodesKm2,,PA,2019,4172,migracao,2026-09-13,migracao,
prodesKm2,,PA,2020,4899,migracao,2026-09-13,migracao,
prodesKm2,,PA,2021,5238,migracao,2026-09-13,migracao,
prodesKm2,,PA,2022,4162,migracao,2026-09-13,migracao,
prodesKm2,,PA,2023,3299,migracao,2026-09-13,migracao,
prodesKm2,,PA,2024,2395,migracao,2026-09-13,migracao,
prodesKm2,,PA,2025,2064,script,2026-09-30,pesquisa-eixo1,
prodesKm2,,RO,1988,2340,migracao,2026-09-13,migracao,
prodesKm2,,RO,1989,1430,migracao,2026-09-13,migracao,
prodesKm2,,RO,1990,1670,migracao,2026-09-13,migracao,
prodesKm2,,RO,1991,1110,migracao,2026-09-13,migracao,
prodesKm2,,RO,1992,2265,migracao,2026-09-13,migracao,
prodesKm2,,RO,1993,2595,migracao,2026-09-13,migracao,
prodesKm2,,RO,1994,2595,migracao,2026-09-13,migracao,
prodesKm2,,RO,1995,4730,migracao,2026-09-13,migracao,
prodesKm2,,RO,1996,2432,migracao,2026-09-13,migracao,
prodesKm2,,RO,1997,1986,migracao,2026-09-13,migracao,
prodesKm2,,RO,1998,2040.9999999999998,migracao,2026-09-13,migracao,
prodesKm2,,RO,1999,2358,migracao,2026-09-13,migracao,
prodesKm2,,RO,2000,2464.9999999999995,migracao,2026-09-13,migracao,
prodesKm2,,RO,2001,2673,migracao,2026-09-13,migracao,
prodesKm2,,RO,2002,3099,migracao,2026-09-13,migracao,
prodesKm2,,RO,2003,3597,migracao,2026-09-13,migracao,
prodesKm2,,RO,2004,3857.9999999999995,migracao,2026-09-13,migracao,
prodesKm2,,RO,2005,3244,migracao,2026-09-13,migracao,
prodesKm2,,RO,2006,2049,migracao,2026-09-13,migracao,
prodesKm2,,RO,2007,1611,migracao,2026-09-13,migracao,
prodesKm2,,RO,2008,1136,migracao,2026-09-13,migracao,
prodesKm2,,RO,2009,482.00000000000006,migracao,2026-09-13,migracao,
prodesKm2,,RO,2010,434.99999999999994,migracao,2026-09-13,migracao,
prodesKm2,,RO,2011,865,migracao,2026-09-13,migracao,
prodesKm2,,RO,2012,773,migracao,2026-09-13,migracao,
prodesKm2,,RO,2013,932,migracao,2026-09-13,migracao,
prodesKm2,,RO,2014,684,migracao,2026-09-13,migracao,
prodesKm2,,RO,2015,1029.9999999999998,migracao,2026-09-13,migracao,
prodesKm2,,RO,2016,1376,migracao,2026-09-13,migracao,
prodesKm2,,RO,2017,1243,migracao,2026-09-13,migracao,
prodesKm2,,RO,2018,1315.9999999999998,migracao,2026-09-13,migracao,
prodesKm2,,RO,2019,1257,migracao,2026-09-13,migracao,
prodesKm2,,RO,2020,1273,migracao,2026-09-13,migracao,
prodesKm2,,RO,2021,1673,migracao,2026-09-13,migracao,
prodesKm2,,RO,2022,1480,migracao,2026-09-13,migracao,
prodesKm2,,RO,2023,867.0000000000001,migracao,2026-09-13,migracao,
prodesKm2,,RO,2024,359.99999999999994,migracao,2026-09-13,migracao,
prodesKm2,,RO,2025,229,script,2026-09-30,pesquisa-eixo1,
prodesKm2,,RR,1988,290,migracao,2026-09-13,migracao,
prodesKm2,,RR,1989,630,migracao,2026-09-13,migracao,
prodesKm2,,RR,1990,150,migracao,2026-09-13,migracao,
prodesKm2,,RR,1991,420,migracao,2026-09-13,migracao,
prodesKm2,,RR,1992,281,migracao,2026-09-13,migracao,
prodesKm2,,RR,1993,239.99999999999997,migracao,2026-09-13,migracao,
prodesKm2,,RR,1994,239.99999999999997,migracao,2026-09-13,migracao,
prodesKm2,,RR,1995,219.99999999999997,migracao,2026-09-13,migracao,
prodesKm2,,RR,1996,213.99999999999997,migracao,2026-09-13,migracao,
prodesKm2,,RR,1997,184,migracao,2026-09-13,migracao,
prodesKm2,,RR,1998,223,migracao,2026-09-13,migracao,
prodesKm2,,RR,1999,219.99999999999997,migracao,2026-09-13,migracao,
prodesKm2,,RR,2000,253.00000000000003,migracao,2026-09-13,migracao,
prodesKm2,,RR,2001,345,migracao,2026-09-13,migracao,
prodesKm2,,RR,2002,84,migracao,2026-09-13,migracao,
prodesKm2,,RR,2003,439,migracao,2026-09-13,migracao,
prodesKm2,,RR,2004,311,migracao,2026-09-13,migracao,
prodesKm2,,RR,2005,133,migracao,2026-09-13,migracao,
prodesKm2,,RR,2006,231,migracao,2026-09-13,migracao,
prodesKm2,,RR,2007,309,migracao,2026-09-13,migracao,
prodesKm2,,RR,2008,574,migracao,2026-09-13,migracao,
prodesKm2,,RR,2009,121.00000000000001,migracao,2026-09-13,migracao,
prodesKm2,,RR,2010,256,migracao,2026-09-13,migracao,
prodesKm2,,RR,2011,141,migracao,2026-09-13,migracao,
prodesKm2,,RR,2012,123.99999999999999,migracao,2026-09-13,migracao,
prodesKm2,,RR,2013,170,migracao,2026-09-13,migracao,
prodesKm2,,RR,2014,219,migracao,2026-09-13,migracao,
prodesKm2,,RR,2015,156,migracao,2026-09-13,migracao,
prodesKm2,,RR,2016,202,migracao,2026-09-13,migracao,
prodesKm2,,RR,2017,132,migracao,2026-09-13,migracao,
prodesKm2,,RR,2018,195,migracao,2026-09-13,migracao,
prodesKm2,,RR,2019,590,migracao,2026-09-13,migracao,
prodesKm2,,RR,2020,297,migracao,2026-09-13,migracao,
prodesKm2,,RR,2021,315,migracao,2026-09-13,migracao,
prodesKm2,,RR,2022,279,migracao,2026-09-13,migracao,
prodesKm2,,RR,2023,284,migracao,2026-09-13,migracao,
prodesKm2,,RR,2024,467.99999999999994,migracao,2026-09-13,migracao,
prodesKm2,,RR,2025,285,script,2026-09-30,pesquisa-eixo1,
prodesKm2,,TO,1988,1650,migracao,2026-09-13,migracao,
prodesKm2,,TO,1989,730,migracao,2026-09-13,migracao,
prodesKm2,,TO,1990,579.9999999999999,migracao,2026-09-13,migracao,
prodesKm2,,TO,1991,440,migracao,2026-09-13,migracao,
prodesKm2,,TO,1992,409,migracao,2026-09-13,migracao,
prodesKm2,,TO,1993,333,migracao,2026-09-13,migracao,
prodesKm2,,TO,1994,333,migracao,2026-09-13,migracao,
prodesKm2,,TO,1995,797,migracao,2026-09-13,migracao,
prodesKm2,,TO,1996,320,migracao,2026-09-13,migracao,
prodesKm2,,TO,1997,273,migracao,2026-09-13,migracao,
prodesKm2,,TO,1998,575.9999999999999,migracao,2026-09-13,migracao,
prodesKm2,,TO,1999,215.99999999999997,migracao,2026-09-13,migracao,
prodesKm2,,TO,2000,244,migracao,2026-09-13,migracao,
prodesKm2,,TO,2001,189.00000000000003,migracao,2026-09-13,migracao,
prodesKm2,,TO,2002,211.99999999999997,migracao,2026-09-13,migracao,
prodesKm2,,TO,2003,156,migracao,2026-09-13,migracao,
prodesKm2,,TO,2004,158,migracao,2026-09-13,migracao,
prodesKm2,,TO,2005,271.00000000000006,migracao,2026-09-13,migracao,
prodesKm2,,TO,2006,124,migracao,2026-09-13,migracao,
prodesKm2,,TO,2007,63,migracao,2026-09-13,migracao,
prodesKm2,,TO,2008,107,migracao,2026-09-13,migracao,
prodesKm2,,TO,2009,61,migracao,2026-09-13,migracao,
prodesKm2,,TO,2010,49,migracao,2026-09-13,migracao,
prodesKm2,,TO,2011,40,migracao,2026-09-13,migracao,
prodesKm2,,TO,2012,51.99999999999999,migracao,2026-09-13,migracao,
prodesKm2,,TO,2013,73.99999999999999,migracao,2026-09-13,migracao,
prodesKm2,,TO,2014,49.99999999999999,migracao,2026-09-13,migracao,
prodesKm2,,TO,2015,57,migracao,2026-09-13,migracao,
prodesKm2,,TO,2016,58,migracao,2026-09-13,migracao,
prodesKm2,,TO,2017,31,migracao,2026-09-13,migracao,
prodesKm2,,TO,2018,24.999999999999996,migracao,2026-09-13,migracao,
prodesKm2,,TO,2019,23,migracao,2026-09-13,migracao,
prodesKm2,,TO,2020,24.999999999999996,migracao,2026-09-13,migracao,
prodesKm2,,TO,2021,36.99999999999999,migracao,2026-09-13,migracao,
prodesKm2,,TO,2022,26.999999999999996,migracao,2026-09-13,migracao,
prodesKm2,,TO,2023,32,migracao,2026-09-13,migracao,
prodesKm2,,TO,2024,32,migracao,2026-09-13,migracao,
prodesKm2,,TO,2025,30,script,2026-09-30,pesquisa-eixo1,
school,,AC,2016,86,migracao,2026-09-13,migracao,
school,,AC,2017,83.9,migracao,2026-09-13,migracao,
school,,AC,2018,82.2,migracao,2026-09-13,migracao,
school,,AC,2019,84.5,migracao,2026-09-13,migracao,
school,,AC,2022,89,migracao,2026-09-13,migracao,
school,,AC,2023,90.2,migracao,2026-09-13,migracao,
school,,AC,2024,91.2,migracao,2026-09-13,migracao,
school,,AC,2025,89.2,migracao,2026-09-13,migracao,
school,,AM,2016,86.5,migracao,2026-09-13,migracao,
school,,AM,2017,88.5,migracao,2026-09-13,migracao,
school,,AM,2018,88.7,migracao,2026-09-13,migracao,
school,,AM,2019,89.6,migracao,2026-09-13,migracao,
school,,AM,2022,91.5,migracao,2026-09-13,migracao,
school,,AM,2023,89.4,migracao,2026-09-13,migracao,
school,,AM,2024,92.4,migracao,2026-09-13,migracao,
school,,AM,2025,92.1,migracao,2026-09-13,migracao,
school,,AP,2016,89.6,migracao,2026-09-13,migracao,
school,,AP,2017,87,migracao,2026-09-13,migracao,
school,,AP,2018,86.8,migracao,2026-09-13,migracao,
school,,AP,2019,87.2,migracao,2026-09-13,migracao,
school,,AP,2022,91.5,migracao,2026-09-13,migracao,
school,,AP,2023,85.6,migracao,2026-09-13,migracao,
school,,AP,2024,91.9,migracao,2026-09-13,migracao,
school,,AP,2025,90.7,migracao,2026-09-13,migracao,
school,,MA,2016,86.7,migracao,2026-09-13,migracao,
school,,MA,2017,84.2,migracao,2026-09-13,migracao,
school,,MA,2018,85.5,migracao,2026-09-13,migracao,
school,,MA,2019,86.2,migracao,2026-09-13,migracao,
school,,MA,2022,89.7,migracao,2026-09-13,migracao,
school,,MA,2023,91.4,migracao,2026-09-13,migracao,
school,,MA,2024,91.4,migracao,2026-09-13,migracao,
school,,MA,2025,92.6,migracao,2026-09-13,migracao,
school,,MT,2016,86.6,migracao,2026-09-13,migracao,
school,,MT,2017,86.3,migracao,2026-09-13,migracao,
school,,MT,2018,90.6,migracao,2026-09-13,migracao,
school,,MT,2019,88.5,migracao,2026-09-13,migracao,
school,,MT,2022,90.5,migracao,2026-09-13,migracao,
school,,MT,2023,87.2,migracao,2026-09-13,migracao,
school,,MT,2024,93.3,migracao,2026-09-13,migracao,
school,,MT,2025,92.4,migracao,2026-09-13,migracao,
school,,PA,2016,88.3,migracao,2026-09-13,migracao,
school,,PA,2017,85,migracao,2026-09-13,migracao,
school,,PA,2018,87.8,migracao,2026-09-13,migracao,
school,,PA,2019,88.1,migracao,2026-09-13,migracao,
school,,PA,2022,91.3,migracao,2026-09-13,migracao,
school,,PA,2023,88.6,migracao,2026-09-13,migracao,
school,,PA,2024,91.7,migracao,2026-09-13,migracao,
school,,PA,2025,91.6,migracao,2026-09-13,migracao,
school,,RO,2016,85.7,migracao,2026-09-13,migracao,
school,,RO,2017,86.1,migracao,2026-09-13,migracao,
school,,RO,2018,86.8,migracao,2026-09-13,migracao,
school,,RO,2019,88.2,migracao,2026-09-13,migracao,
school,,RO,2022,95.6,migracao,2026-09-13,migracao,
school,,RO,2023,93.4,migracao,2026-09-13,migracao,
school,,RO,2024,93.6,migracao,2026-09-13,migracao,
school,,RO,2025,90.4,migracao,2026-09-13,migracao,
school,,RR,2016,89.2,migracao,2026-09-13,migracao,
school,,RR,2017,90.8,migracao,2026-09-13,migracao,
school,,RR,2018,87.6,migracao,2026-09-13,migracao,
school,,RR,2019,88.7,migracao,2026-09-13,migracao,
school,,RR,2022,90.3,migracao,2026-09-13,migracao,
school,,RR,2023,89.6,migracao,2026-09-13,migracao,
school,,RR,2024,91.8,migracao,2026-09-13,migracao,
school,,RR,2025,94,migracao,2026-09-13,migracao,
school,,TO,2016,84.3,migracao,2026-09-13,migracao,
school,,TO,2017,87.8,migracao,2026-09-13,migracao,
school,,TO,2018,91.9,migracao,2026-09-13,migracao,
school,,TO,2019,90.5,migracao,2026-09-13,migracao,
school,,TO,2022,95,migracao,2026-09-13,migracao,
school,,TO,2023,89.3,migracao,2026-09-13,migracao,
school,,TO,2024,92.7,migracao,2026-09-13,migracao,
school,,TO,2025,93.2,migracao,2026-09-13,migracao,
vulnerability,,AC,,54.93181818181818,migracao,2026-09-13,migracao,
vulnerability,,AM,,55.308387096774204,migracao,2026-09-13,migracao,
vulnerability,,AP,,54.418125,migracao,2026-09-13,migracao,
vulnerability,,MA,,55.22682027649766,migracao,2026-09-13,migracao,
vulnerability,,MT,,54.63829787234045,migracao,2026-09-13,migracao,
vulnerability,,PA,,57.232013888888886,migracao,2026-09-13,migracao,
vulnerability,,RO,,55.335576923076914,migracao,2026-09-13,migracao,
vulnerability,,RR,,52.411333333333324,migracao,2026-09-13,migracao,
vulnerability,,TO,,51.302805755395646,migracao,2026-09-13,migracao,
